ISO-10303-21;
HEADER;
/* Generated by software containing ST-Developer
 * from STEP Tools, Inc. (www.steptools.com) 
 */

FILE_DESCRIPTION(
/* description */ (''),
/* implementation_level */ '2;1');

FILE_NAME(
/* name */ 'ESP32_10_1_Case_and_Stand.step',
/* time_stamp */ '2026-08-23T16:08:35-05:00',
/* author */ (''),
/* organization */ (''),
/* preprocessor_version */ 'ST-DEVELOPER v20.1',
/* originating_system */ 'Autodesk Translation Framework v15.8.0.0',
/* authorisation */ '');

FILE_SCHEMA (('AUTOMOTIVE_DESIGN { 1 0 10303 214 3 1 1 }'));
ENDSEC;

DATA;
#10=MECHANICAL_DESIGN_GEOMETRIC_PRESENTATION_REPRESENTATION('',(#39,#40,
#41,#42,#43,#44),#12082);
#11=SHAPE_REPRESENTATION_RELATIONSHIP('SRR','None',#12088,#12);
#12=ADVANCED_BREP_SHAPE_REPRESENTATION('',(#45,#46,#47,#48,#49,#50),#12081);
#13=B_SPLINE_CURVE_WITH_KNOTS('',3,(#11910,#11911,#11912,#11913,#11914,
#11915,#11916,#11917,#11918,#11919),.UNSPECIFIED.,.F.,.F.,(4,2,2,2,4),(0.6341848979804,
0.795543259496066,0.956901621011732,1.11263570848627,1.23856939342646),
 .UNSPECIFIED.);
#14=B_SPLINE_CURVE_WITH_KNOTS('',3,(#11921,#11922,#11923,#11924,#11925,
#11926,#11927,#11928,#11929,#11930,#11931,#11932,#11933),.UNSPECIFIED.,
 .F.,.F.,(4,2,2,3,2,4),(2.11328946662864,2.11332201867091,2.26442415165894,
2.41552628464696,2.56631085064108,2.7170954166352),.UNSPECIFIED.);
#15=B_SPLINE_CURVE_WITH_KNOTS('',3,(#11990,#11991,#11992,#11993,#11994,
#11995,#11996,#11997,#11998,#11999),.UNSPECIFIED.,.F.,.F.,(4,2,2,2,4),(1.78180943362515,
1.94316779514082,2.10452615665648,2.26026024413102,2.38619392907121),
 .UNSPECIFIED.);
#16=B_SPLINE_CURVE_WITH_KNOTS('',3,(#12002,#12003,#12004,#12005,#12006,
#12007,#12008,#12009,#12010,#12011,#12012,#12013,#12014),.UNSPECIFIED.,
 .F.,.F.,(4,2,2,3,2,4),(2.11328946662864,2.11332201867091,2.26442415165894,
2.41552628464696,2.56631085064108,2.7170954166352),.UNSPECIFIED.);
#17=(
BOUNDED_CURVE()
B_SPLINE_CURVE(2,(#11638,#11639,#11640),.UNSPECIFIED.,.F.,.F.)
B_SPLINE_CURVE_WITH_KNOTS((3,3),(0.251471641703074,0.502943283406149),
 .UNSPECIFIED.)
CURVE()
GEOMETRIC_REPRESENTATION_ITEM()
RATIONAL_B_SPLINE_CURVE((1.08249481154476,1.08249481154476,1.))
REPRESENTATION_ITEM('')
);
#18=(
BOUNDED_CURVE()
B_SPLINE_CURVE(2,(#11644,#11645,#11646),.UNSPECIFIED.,.F.,.F.)
B_SPLINE_CURVE_WITH_KNOTS((3,3),(0.,0.251471641703073),.UNSPECIFIED.)
CURVE()
GEOMETRIC_REPRESENTATION_ITEM()
RATIONAL_B_SPLINE_CURVE((1.,1.08249481154476,1.08249481154476))
REPRESENTATION_ITEM('')
);
#19=(
BOUNDED_CURVE()
B_SPLINE_CURVE(2,(#11655,#11656,#11657),.UNSPECIFIED.,.F.,.F.)
B_SPLINE_CURVE_WITH_KNOTS((3,3),(0.,0.251471641703074),.UNSPECIFIED.)
CURVE()
GEOMETRIC_REPRESENTATION_ITEM()
RATIONAL_B_SPLINE_CURVE((1.,1.08249481154476,1.08249481154476))
REPRESENTATION_ITEM('')
);
#20=(
BOUNDED_CURVE()
B_SPLINE_CURVE(2,(#11760,#11761,#11762),.UNSPECIFIED.,.F.,.F.)
B_SPLINE_CURVE_WITH_KNOTS((3,3),(0.251471641703075,0.502943283406149),
 .UNSPECIFIED.)
CURVE()
GEOMETRIC_REPRESENTATION_ITEM()
RATIONAL_B_SPLINE_CURVE((1.08249481154475,1.08249481154475,1.))
REPRESENTATION_ITEM('')
);
#21=(
BOUNDED_CURVE()
B_SPLINE_CURVE(2,(#11935,#11936,#11937),.UNSPECIFIED.,.F.,.F.)
B_SPLINE_CURVE_WITH_KNOTS((3,3),(0.217359386135778,0.502943283406144),
 .UNSPECIFIED.)
CURVE()
GEOMETRIC_REPRESENTATION_ITEM()
RATIONAL_B_SPLINE_CURVE((1.08097681957496,1.09368527451438,1.))
REPRESENTATION_ITEM('')
);
#22=(
BOUNDED_CURVE()
B_SPLINE_CURVE(2,(#11941,#11942,#11943),.UNSPECIFIED.,.F.,.F.)
B_SPLINE_CURVE_WITH_KNOTS((3,3),(0.,0.251471641703073),.UNSPECIFIED.)
CURVE()
GEOMETRIC_REPRESENTATION_ITEM()
RATIONAL_B_SPLINE_CURVE((1.,1.08249481154475,1.08249481154475))
REPRESENTATION_ITEM('')
);
#23=(
BOUNDED_CURVE()
B_SPLINE_CURVE(2,(#11947,#11948,#11949),.UNSPECIFIED.,.F.,.F.)
B_SPLINE_CURVE_WITH_KNOTS((3,3),(0.251471641703073,0.285583897270367),
 .UNSPECIFIED.)
CURVE()
GEOMETRIC_REPRESENTATION_ITEM()
RATIONAL_B_SPLINE_CURVE((1.08249481154475,1.08249481154475,1.08097681957496))
REPRESENTATION_ITEM('')
);
#24=(
BOUNDED_CURVE()
B_SPLINE_CURVE(2,(#11966,#11967,#11968),.UNSPECIFIED.,.F.,.F.)
B_SPLINE_CURVE_WITH_KNOTS((3,3),(0.,0.285583897270365),.UNSPECIFIED.)
CURVE()
GEOMETRIC_REPRESENTATION_ITEM()
RATIONAL_B_SPLINE_CURVE((1.,1.09368527451438,1.08097681957496))
REPRESENTATION_ITEM('')
);
#25=(
BOUNDED_CURVE()
B_SPLINE_CURVE(2,(#12031,#12032,#12033),.UNSPECIFIED.,.F.,.F.)
B_SPLINE_CURVE_WITH_KNOTS((3,3),(0.251471641703073,0.502943283406146),
 .UNSPECIFIED.)
CURVE()
GEOMETRIC_REPRESENTATION_ITEM()
RATIONAL_B_SPLINE_CURVE((1.08249481154475,1.08249481154475,1.))
REPRESENTATION_ITEM('')
);
#26=(
BOUNDED_CURVE()
B_SPLINE_CURVE(2,(#12034,#12035,#12036),.UNSPECIFIED.,.F.,.F.)
B_SPLINE_CURVE_WITH_KNOTS((3,3),(0.21735938613578,0.251471641703073),
 .UNSPECIFIED.)
CURVE()
GEOMETRIC_REPRESENTATION_ITEM()
RATIONAL_B_SPLINE_CURVE((1.08097681957496,1.08249481154475,1.08249481154475))
REPRESENTATION_ITEM('')
);
#27=CONICAL_SURFACE('',#7830,4.,0.610865238198015);
#28=CONICAL_SURFACE('',#7833,4.,0.610865238198015);
#29=CONICAL_SURFACE('',#7838,4.,0.610865238198015);
#30=CONICAL_SURFACE('',#7844,4.,0.610865238198015);
#31=CONICAL_SURFACE('',#7853,2.33847743058206,0.702150756204757);
#32=CONICAL_SURFACE('',#7860,4.,0.610865238198015);
#33=CONICAL_SURFACE('',#7861,2.33847743058206,0.702150756204757);
#34=CONICAL_SURFACE('',#7864,4.,0.610865238198015);
#35=CONICAL_SURFACE('',#7913,2.33847743058205,0.702150756204758);
#36=CONICAL_SURFACE('',#7924,4.,0.610865238198015);
#37=CONICAL_SURFACE('',#7925,2.33847743058205,0.702150756204758);
#38=CONICAL_SURFACE('',#7929,4.,0.610865238198015);
#39=STYLED_ITEM('',(#12097),#45);
#40=STYLED_ITEM('',(#12097),#46);
#41=STYLED_ITEM('',(#12097),#47);
#42=STYLED_ITEM('',(#12097),#48);
#43=STYLED_ITEM('',(#12097),#49);
#44=STYLED_ITEM('',(#12097),#50);
#45=MANIFOLD_SOLID_BREP('OuterFrame',#7365);
#46=MANIFOLD_SOLID_BREP('MiddleFrame',#7366);
#47=MANIFOLD_SOLID_BREP('Back',#7367);
#48=MANIFOLD_SOLID_BREP('MainStand',#7368);
#49=MANIFOLD_SOLID_BREP('BottomStand',#7369);
#50=MANIFOLD_SOLID_BREP('HookStand',#7370);
#51=FACE_BOUND('',#798,.T.);
#52=FACE_BOUND('',#818,.T.);
#53=FACE_BOUND('',#820,.T.);
#54=FACE_BOUND('',#821,.T.);
#55=FACE_BOUND('',#822,.T.);
#56=FACE_BOUND('',#823,.T.);
#57=FACE_BOUND('',#824,.T.);
#58=FACE_BOUND('',#960,.T.);
#59=FACE_BOUND('',#961,.T.);
#60=FACE_BOUND('',#962,.T.);
#61=FACE_BOUND('',#963,.T.);
#62=FACE_BOUND('',#964,.T.);
#63=FACE_BOUND('',#965,.T.);
#64=FACE_BOUND('',#966,.T.);
#65=FACE_BOUND('',#967,.T.);
#66=FACE_BOUND('',#968,.T.);
#67=FACE_BOUND('',#969,.T.);
#68=FACE_BOUND('',#970,.T.);
#69=FACE_BOUND('',#971,.T.);
#70=FACE_BOUND('',#972,.T.);
#71=FACE_BOUND('',#974,.T.);
#72=FACE_BOUND('',#975,.T.);
#73=FACE_BOUND('',#976,.T.);
#74=FACE_BOUND('',#977,.T.);
#75=FACE_BOUND('',#978,.T.);
#76=FACE_BOUND('',#979,.T.);
#77=FACE_BOUND('',#980,.T.);
#78=FACE_BOUND('',#981,.T.);
#79=FACE_BOUND('',#982,.T.);
#80=FACE_BOUND('',#983,.T.);
#81=FACE_BOUND('',#984,.T.);
#82=FACE_BOUND('',#985,.T.);
#83=FACE_BOUND('',#986,.T.);
#84=FACE_BOUND('',#993,.T.);
#85=FACE_BOUND('',#996,.T.);
#86=FACE_BOUND('',#999,.T.);
#87=FACE_BOUND('',#1002,.T.);
#88=FACE_BOUND('',#1007,.T.);
#89=FACE_BOUND('',#1009,.T.);
#90=FACE_BOUND('',#1010,.T.);
#91=FACE_BOUND('',#1011,.T.);
#92=FACE_BOUND('',#1012,.T.);
#93=FACE_BOUND('',#1013,.T.);
#94=FACE_BOUND('',#1014,.T.);
#95=FACE_BOUND('',#1015,.T.);
#96=FACE_BOUND('',#1016,.T.);
#97=FACE_BOUND('',#1017,.T.);
#98=FACE_BOUND('',#1018,.T.);
#99=FACE_BOUND('',#1110,.T.);
#100=FACE_BOUND('',#1111,.T.);
#101=FACE_BOUND('',#1112,.T.);
#102=FACE_BOUND('',#1113,.T.);
#103=FACE_BOUND('',#1114,.T.);
#104=FACE_BOUND('',#1115,.T.);
#105=FACE_BOUND('',#1116,.T.);
#106=FACE_BOUND('',#1117,.T.);
#107=FACE_BOUND('',#1118,.T.);
#108=FACE_BOUND('',#1119,.T.);
#109=FACE_BOUND('',#1120,.T.);
#110=FACE_BOUND('',#1123,.T.);
#111=FACE_BOUND('',#1124,.T.);
#112=FACE_BOUND('',#1125,.T.);
#113=FACE_BOUND('',#1126,.T.);
#114=FACE_BOUND('',#1129,.T.);
#115=FACE_BOUND('',#1130,.T.);
#116=FACE_BOUND('',#1131,.T.);
#117=FACE_BOUND('',#1132,.T.);
#118=FACE_BOUND('',#1153,.T.);
#119=FACE_BOUND('',#1154,.T.);
#120=FACE_BOUND('',#1155,.T.);
#121=FACE_BOUND('',#1156,.T.);
#122=FACE_BOUND('',#1157,.T.);
#123=FACE_BOUND('',#1158,.T.);
#124=FACE_BOUND('',#1159,.T.);
#125=FACE_BOUND('',#1160,.T.);
#126=FACE_BOUND('',#1161,.T.);
#127=FACE_BOUND('',#1162,.T.);
#128=PLANE('',#7375);
#129=PLANE('',#7379);
#130=PLANE('',#7383);
#131=PLANE('',#7387);
#132=PLANE('',#7388);
#133=PLANE('',#7392);
#134=PLANE('',#7396);
#135=PLANE('',#7400);
#136=PLANE('',#7404);
#137=PLANE('',#7409);
#138=PLANE('',#7410);
#139=PLANE('',#7411);
#140=PLANE('',#7412);
#141=PLANE('',#7413);
#142=PLANE('',#7414);
#143=PLANE('',#7415);
#144=PLANE('',#7416);
#145=PLANE('',#7417);
#146=PLANE('',#7418);
#147=PLANE('',#7419);
#148=PLANE('',#7422);
#149=PLANE('',#7425);
#150=PLANE('',#7428);
#151=PLANE('',#7431);
#152=PLANE('',#7432);
#153=PLANE('',#7433);
#154=PLANE('',#7434);
#155=PLANE('',#7435);
#156=PLANE('',#7436);
#157=PLANE('',#7440);
#158=PLANE('',#7441);
#159=PLANE('',#7442);
#160=PLANE('',#7443);
#161=PLANE('',#7444);
#162=PLANE('',#7445);
#163=PLANE('',#7446);
#164=PLANE('',#7447);
#165=PLANE('',#7448);
#166=PLANE('',#7449);
#167=PLANE('',#7450);
#168=PLANE('',#7451);
#169=PLANE('',#7452);
#170=PLANE('',#7453);
#171=PLANE('',#7454);
#172=PLANE('',#7455);
#173=PLANE('',#7456);
#174=PLANE('',#7457);
#175=PLANE('',#7458);
#176=PLANE('',#7459);
#177=PLANE('',#7460);
#178=PLANE('',#7461);
#179=PLANE('',#7462);
#180=PLANE('',#7463);
#181=PLANE('',#7464);
#182=PLANE('',#7465);
#183=PLANE('',#7466);
#184=PLANE('',#7467);
#185=PLANE('',#7468);
#186=PLANE('',#7469);
#187=PLANE('',#7470);
#188=PLANE('',#7471);
#189=PLANE('',#7472);
#190=PLANE('',#7473);
#191=PLANE('',#7474);
#192=PLANE('',#7475);
#193=PLANE('',#7476);
#194=PLANE('',#7477);
#195=PLANE('',#7478);
#196=PLANE('',#7479);
#197=PLANE('',#7486);
#198=PLANE('',#7487);
#199=PLANE('',#7488);
#200=PLANE('',#7489);
#201=PLANE('',#7493);
#202=PLANE('',#7494);
#203=PLANE('',#7495);
#204=PLANE('',#7499);
#205=PLANE('',#7503);
#206=PLANE('',#7504);
#207=PLANE('',#7505);
#208=PLANE('',#7506);
#209=PLANE('',#7510);
#210=PLANE('',#7514);
#211=PLANE('',#7518);
#212=PLANE('',#7522);
#213=PLANE('',#7523);
#214=PLANE('',#7524);
#215=PLANE('',#7525);
#216=PLANE('',#7526);
#217=PLANE('',#7527);
#218=PLANE('',#7528);
#219=PLANE('',#7529);
#220=PLANE('',#7530);
#221=PLANE('',#7531);
#222=PLANE('',#7532);
#223=PLANE('',#7533);
#224=PLANE('',#7534);
#225=PLANE('',#7535);
#226=PLANE('',#7536);
#227=PLANE('',#7537);
#228=PLANE('',#7538);
#229=PLANE('',#7542);
#230=PLANE('',#7543);
#231=PLANE('',#7544);
#232=PLANE('',#7545);
#233=PLANE('',#7546);
#234=PLANE('',#7550);
#235=PLANE('',#7551);
#236=PLANE('',#7555);
#237=PLANE('',#7556);
#238=PLANE('',#7560);
#239=PLANE('',#7561);
#240=PLANE('',#7562);
#241=PLANE('',#7563);
#242=PLANE('',#7564);
#243=PLANE('',#7565);
#244=PLANE('',#7566);
#245=PLANE('',#7567);
#246=PLANE('',#7568);
#247=PLANE('',#7569);
#248=PLANE('',#7570);
#249=PLANE('',#7574);
#250=PLANE('',#7575);
#251=PLANE('',#7579);
#252=PLANE('',#7586);
#253=PLANE('',#7590);
#254=PLANE('',#7591);
#255=PLANE('',#7595);
#256=PLANE('',#7596);
#257=PLANE('',#7600);
#258=PLANE('',#7601);
#259=PLANE('',#7602);
#260=PLANE('',#7603);
#261=PLANE('',#7604);
#262=PLANE('',#7605);
#263=PLANE('',#7606);
#264=PLANE('',#7607);
#265=PLANE('',#7608);
#266=PLANE('',#7609);
#267=PLANE('',#7610);
#268=PLANE('',#7626);
#269=PLANE('',#7631);
#270=PLANE('',#7636);
#271=PLANE('',#7641);
#272=PLANE('',#7643);
#273=PLANE('',#7647);
#274=PLANE('',#7648);
#275=PLANE('',#7651);
#276=PLANE('',#7687);
#277=PLANE('',#7690);
#278=PLANE('',#7693);
#279=PLANE('',#7696);
#280=PLANE('',#7700);
#281=PLANE('',#7703);
#282=PLANE('',#7706);
#283=PLANE('',#7709);
#284=PLANE('',#7714);
#285=PLANE('',#7717);
#286=PLANE('',#7720);
#287=PLANE('',#7723);
#288=PLANE('',#7728);
#289=PLANE('',#7731);
#290=PLANE('',#7732);
#291=PLANE('',#7733);
#292=PLANE('',#7736);
#293=PLANE('',#7739);
#294=PLANE('',#7740);
#295=PLANE('',#7743);
#296=PLANE('',#7744);
#297=PLANE('',#7747);
#298=PLANE('',#7750);
#299=PLANE('',#7751);
#300=PLANE('',#7752);
#301=PLANE('',#7753);
#302=PLANE('',#7754);
#303=PLANE('',#7755);
#304=PLANE('',#7756);
#305=PLANE('',#7757);
#306=PLANE('',#7758);
#307=PLANE('',#7759);
#308=PLANE('',#7762);
#309=PLANE('',#7763);
#310=PLANE('',#7766);
#311=PLANE('',#7769);
#312=PLANE('',#7770);
#313=PLANE('',#7771);
#314=PLANE('',#7774);
#315=PLANE('',#7777);
#316=PLANE('',#7778);
#317=PLANE('',#7781);
#318=PLANE('',#7782);
#319=PLANE('',#7785);
#320=PLANE('',#7790);
#321=PLANE('',#7793);
#322=PLANE('',#7794);
#323=PLANE('',#7797);
#324=PLANE('',#7798);
#325=PLANE('',#7801);
#326=PLANE('',#7802);
#327=PLANE('',#7805);
#328=PLANE('',#7806);
#329=PLANE('',#7807);
#330=PLANE('',#7808);
#331=PLANE('',#7809);
#332=PLANE('',#7811);
#333=PLANE('',#7820);
#334=PLANE('',#7835);
#335=PLANE('',#7836);
#336=PLANE('',#7837);
#337=PLANE('',#7841);
#338=PLANE('',#7843);
#339=PLANE('',#7849);
#340=PLANE('',#7851);
#341=PLANE('',#7857);
#342=PLANE('',#7865);
#343=PLANE('',#7866);
#344=PLANE('',#7867);
#345=PLANE('',#7868);
#346=PLANE('',#7869);
#347=PLANE('',#7870);
#348=PLANE('',#7871);
#349=PLANE('',#7872);
#350=PLANE('',#7873);
#351=PLANE('',#7874);
#352=PLANE('',#7875);
#353=PLANE('',#7876);
#354=PLANE('',#7877);
#355=PLANE('',#7878);
#356=PLANE('',#7879);
#357=PLANE('',#7880);
#358=PLANE('',#7881);
#359=PLANE('',#7882);
#360=PLANE('',#7883);
#361=PLANE('',#7884);
#362=PLANE('',#7885);
#363=PLANE('',#7886);
#364=PLANE('',#7887);
#365=PLANE('',#7888);
#366=PLANE('',#7889);
#367=PLANE('',#7890);
#368=PLANE('',#7891);
#369=PLANE('',#7892);
#370=PLANE('',#7893);
#371=PLANE('',#7894);
#372=PLANE('',#7895);
#373=PLANE('',#7896);
#374=PLANE('',#7897);
#375=PLANE('',#7898);
#376=PLANE('',#7899);
#377=PLANE('',#7900);
#378=PLANE('',#7901);
#379=PLANE('',#7902);
#380=PLANE('',#7903);
#381=PLANE('',#7904);
#382=PLANE('',#7905);
#383=PLANE('',#7906);
#384=PLANE('',#7907);
#385=PLANE('',#7908);
#386=PLANE('',#7909);
#387=PLANE('',#7910);
#388=PLANE('',#7911);
#389=PLANE('',#7912);
#390=PLANE('',#7918);
#391=PLANE('',#7919);
#392=PLANE('',#7922);
#393=PLANE('',#7923);
#394=PLANE('',#7928);
#395=PLANE('',#7930);
#396=PLANE('',#7931);
#397=PLANE('',#7932);
#398=PLANE('',#7933);
#399=PLANE('',#7934);
#400=PLANE('',#7935);
#401=PLANE('',#7936);
#402=PLANE('',#7937);
#403=PLANE('',#7938);
#404=FACE_OUTER_BOUND('',#781,.T.);
#405=FACE_OUTER_BOUND('',#782,.T.);
#406=FACE_OUTER_BOUND('',#783,.T.);
#407=FACE_OUTER_BOUND('',#784,.T.);
#408=FACE_OUTER_BOUND('',#785,.T.);
#409=FACE_OUTER_BOUND('',#786,.T.);
#410=FACE_OUTER_BOUND('',#787,.T.);
#411=FACE_OUTER_BOUND('',#788,.T.);
#412=FACE_OUTER_BOUND('',#789,.T.);
#413=FACE_OUTER_BOUND('',#790,.T.);
#414=FACE_OUTER_BOUND('',#791,.T.);
#415=FACE_OUTER_BOUND('',#792,.T.);
#416=FACE_OUTER_BOUND('',#793,.T.);
#417=FACE_OUTER_BOUND('',#794,.T.);
#418=FACE_OUTER_BOUND('',#795,.T.);
#419=FACE_OUTER_BOUND('',#796,.T.);
#420=FACE_OUTER_BOUND('',#797,.T.);
#421=FACE_OUTER_BOUND('',#799,.T.);
#422=FACE_OUTER_BOUND('',#800,.T.);
#423=FACE_OUTER_BOUND('',#801,.T.);
#424=FACE_OUTER_BOUND('',#802,.T.);
#425=FACE_OUTER_BOUND('',#803,.T.);
#426=FACE_OUTER_BOUND('',#804,.T.);
#427=FACE_OUTER_BOUND('',#805,.T.);
#428=FACE_OUTER_BOUND('',#806,.T.);
#429=FACE_OUTER_BOUND('',#807,.T.);
#430=FACE_OUTER_BOUND('',#808,.T.);
#431=FACE_OUTER_BOUND('',#809,.T.);
#432=FACE_OUTER_BOUND('',#810,.T.);
#433=FACE_OUTER_BOUND('',#811,.T.);
#434=FACE_OUTER_BOUND('',#812,.T.);
#435=FACE_OUTER_BOUND('',#813,.T.);
#436=FACE_OUTER_BOUND('',#814,.T.);
#437=FACE_OUTER_BOUND('',#815,.T.);
#438=FACE_OUTER_BOUND('',#816,.T.);
#439=FACE_OUTER_BOUND('',#817,.T.);
#440=FACE_OUTER_BOUND('',#819,.T.);
#441=FACE_OUTER_BOUND('',#825,.T.);
#442=FACE_OUTER_BOUND('',#826,.T.);
#443=FACE_OUTER_BOUND('',#827,.T.);
#444=FACE_OUTER_BOUND('',#828,.T.);
#445=FACE_OUTER_BOUND('',#829,.T.);
#446=FACE_OUTER_BOUND('',#830,.T.);
#447=FACE_OUTER_BOUND('',#831,.T.);
#448=FACE_OUTER_BOUND('',#832,.T.);
#449=FACE_OUTER_BOUND('',#833,.T.);
#450=FACE_OUTER_BOUND('',#834,.T.);
#451=FACE_OUTER_BOUND('',#835,.T.);
#452=FACE_OUTER_BOUND('',#836,.T.);
#453=FACE_OUTER_BOUND('',#837,.T.);
#454=FACE_OUTER_BOUND('',#838,.T.);
#455=FACE_OUTER_BOUND('',#839,.T.);
#456=FACE_OUTER_BOUND('',#840,.T.);
#457=FACE_OUTER_BOUND('',#841,.T.);
#458=FACE_OUTER_BOUND('',#842,.T.);
#459=FACE_OUTER_BOUND('',#843,.T.);
#460=FACE_OUTER_BOUND('',#844,.T.);
#461=FACE_OUTER_BOUND('',#845,.T.);
#462=FACE_OUTER_BOUND('',#846,.T.);
#463=FACE_OUTER_BOUND('',#847,.T.);
#464=FACE_OUTER_BOUND('',#848,.T.);
#465=FACE_OUTER_BOUND('',#849,.T.);
#466=FACE_OUTER_BOUND('',#850,.T.);
#467=FACE_OUTER_BOUND('',#851,.T.);
#468=FACE_OUTER_BOUND('',#852,.T.);
#469=FACE_OUTER_BOUND('',#853,.T.);
#470=FACE_OUTER_BOUND('',#854,.T.);
#471=FACE_OUTER_BOUND('',#855,.T.);
#472=FACE_OUTER_BOUND('',#856,.T.);
#473=FACE_OUTER_BOUND('',#857,.T.);
#474=FACE_OUTER_BOUND('',#858,.T.);
#475=FACE_OUTER_BOUND('',#859,.T.);
#476=FACE_OUTER_BOUND('',#860,.T.);
#477=FACE_OUTER_BOUND('',#861,.T.);
#478=FACE_OUTER_BOUND('',#862,.T.);
#479=FACE_OUTER_BOUND('',#863,.T.);
#480=FACE_OUTER_BOUND('',#864,.T.);
#481=FACE_OUTER_BOUND('',#865,.T.);
#482=FACE_OUTER_BOUND('',#866,.T.);
#483=FACE_OUTER_BOUND('',#867,.T.);
#484=FACE_OUTER_BOUND('',#868,.T.);
#485=FACE_OUTER_BOUND('',#869,.T.);
#486=FACE_OUTER_BOUND('',#870,.T.);
#487=FACE_OUTER_BOUND('',#871,.T.);
#488=FACE_OUTER_BOUND('',#872,.T.);
#489=FACE_OUTER_BOUND('',#873,.T.);
#490=FACE_OUTER_BOUND('',#874,.T.);
#491=FACE_OUTER_BOUND('',#875,.T.);
#492=FACE_OUTER_BOUND('',#876,.T.);
#493=FACE_OUTER_BOUND('',#877,.T.);
#494=FACE_OUTER_BOUND('',#878,.T.);
#495=FACE_OUTER_BOUND('',#879,.T.);
#496=FACE_OUTER_BOUND('',#880,.T.);
#497=FACE_OUTER_BOUND('',#881,.T.);
#498=FACE_OUTER_BOUND('',#882,.T.);
#499=FACE_OUTER_BOUND('',#883,.T.);
#500=FACE_OUTER_BOUND('',#884,.T.);
#501=FACE_OUTER_BOUND('',#885,.T.);
#502=FACE_OUTER_BOUND('',#886,.T.);
#503=FACE_OUTER_BOUND('',#887,.T.);
#504=FACE_OUTER_BOUND('',#888,.T.);
#505=FACE_OUTER_BOUND('',#889,.T.);
#506=FACE_OUTER_BOUND('',#890,.T.);
#507=FACE_OUTER_BOUND('',#891,.T.);
#508=FACE_OUTER_BOUND('',#892,.T.);
#509=FACE_OUTER_BOUND('',#893,.T.);
#510=FACE_OUTER_BOUND('',#894,.T.);
#511=FACE_OUTER_BOUND('',#895,.T.);
#512=FACE_OUTER_BOUND('',#896,.T.);
#513=FACE_OUTER_BOUND('',#897,.T.);
#514=FACE_OUTER_BOUND('',#898,.T.);
#515=FACE_OUTER_BOUND('',#899,.T.);
#516=FACE_OUTER_BOUND('',#900,.T.);
#517=FACE_OUTER_BOUND('',#901,.T.);
#518=FACE_OUTER_BOUND('',#902,.T.);
#519=FACE_OUTER_BOUND('',#903,.T.);
#520=FACE_OUTER_BOUND('',#904,.T.);
#521=FACE_OUTER_BOUND('',#905,.T.);
#522=FACE_OUTER_BOUND('',#906,.T.);
#523=FACE_OUTER_BOUND('',#907,.T.);
#524=FACE_OUTER_BOUND('',#908,.T.);
#525=FACE_OUTER_BOUND('',#909,.T.);
#526=FACE_OUTER_BOUND('',#910,.T.);
#527=FACE_OUTER_BOUND('',#911,.T.);
#528=FACE_OUTER_BOUND('',#912,.T.);
#529=FACE_OUTER_BOUND('',#913,.T.);
#530=FACE_OUTER_BOUND('',#914,.T.);
#531=FACE_OUTER_BOUND('',#915,.T.);
#532=FACE_OUTER_BOUND('',#916,.T.);
#533=FACE_OUTER_BOUND('',#917,.T.);
#534=FACE_OUTER_BOUND('',#918,.T.);
#535=FACE_OUTER_BOUND('',#919,.T.);
#536=FACE_OUTER_BOUND('',#920,.T.);
#537=FACE_OUTER_BOUND('',#921,.T.);
#538=FACE_OUTER_BOUND('',#922,.T.);
#539=FACE_OUTER_BOUND('',#923,.T.);
#540=FACE_OUTER_BOUND('',#924,.T.);
#541=FACE_OUTER_BOUND('',#925,.T.);
#542=FACE_OUTER_BOUND('',#926,.T.);
#543=FACE_OUTER_BOUND('',#927,.T.);
#544=FACE_OUTER_BOUND('',#928,.T.);
#545=FACE_OUTER_BOUND('',#929,.T.);
#546=FACE_OUTER_BOUND('',#930,.T.);
#547=FACE_OUTER_BOUND('',#931,.T.);
#548=FACE_OUTER_BOUND('',#932,.T.);
#549=FACE_OUTER_BOUND('',#933,.T.);
#550=FACE_OUTER_BOUND('',#934,.T.);
#551=FACE_OUTER_BOUND('',#935,.T.);
#552=FACE_OUTER_BOUND('',#936,.T.);
#553=FACE_OUTER_BOUND('',#937,.T.);
#554=FACE_OUTER_BOUND('',#938,.T.);
#555=FACE_OUTER_BOUND('',#939,.T.);
#556=FACE_OUTER_BOUND('',#940,.T.);
#557=FACE_OUTER_BOUND('',#941,.T.);
#558=FACE_OUTER_BOUND('',#942,.T.);
#559=FACE_OUTER_BOUND('',#943,.T.);
#560=FACE_OUTER_BOUND('',#944,.T.);
#561=FACE_OUTER_BOUND('',#945,.T.);
#562=FACE_OUTER_BOUND('',#946,.T.);
#563=FACE_OUTER_BOUND('',#947,.T.);
#564=FACE_OUTER_BOUND('',#948,.T.);
#565=FACE_OUTER_BOUND('',#949,.T.);
#566=FACE_OUTER_BOUND('',#950,.T.);
#567=FACE_OUTER_BOUND('',#951,.T.);
#568=FACE_OUTER_BOUND('',#952,.T.);
#569=FACE_OUTER_BOUND('',#953,.T.);
#570=FACE_OUTER_BOUND('',#954,.T.);
#571=FACE_OUTER_BOUND('',#955,.T.);
#572=FACE_OUTER_BOUND('',#956,.T.);
#573=FACE_OUTER_BOUND('',#957,.T.);
#574=FACE_OUTER_BOUND('',#958,.T.);
#575=FACE_OUTER_BOUND('',#959,.T.);
#576=FACE_OUTER_BOUND('',#973,.T.);
#577=FACE_OUTER_BOUND('',#987,.T.);
#578=FACE_OUTER_BOUND('',#988,.T.);
#579=FACE_OUTER_BOUND('',#989,.T.);
#580=FACE_OUTER_BOUND('',#990,.T.);
#581=FACE_OUTER_BOUND('',#991,.T.);
#582=FACE_OUTER_BOUND('',#992,.T.);
#583=FACE_OUTER_BOUND('',#994,.T.);
#584=FACE_OUTER_BOUND('',#995,.T.);
#585=FACE_OUTER_BOUND('',#997,.T.);
#586=FACE_OUTER_BOUND('',#998,.T.);
#587=FACE_OUTER_BOUND('',#1000,.T.);
#588=FACE_OUTER_BOUND('',#1001,.T.);
#589=FACE_OUTER_BOUND('',#1003,.T.);
#590=FACE_OUTER_BOUND('',#1004,.T.);
#591=FACE_OUTER_BOUND('',#1005,.T.);
#592=FACE_OUTER_BOUND('',#1006,.T.);
#593=FACE_OUTER_BOUND('',#1008,.T.);
#594=FACE_OUTER_BOUND('',#1019,.T.);
#595=FACE_OUTER_BOUND('',#1020,.T.);
#596=FACE_OUTER_BOUND('',#1021,.T.);
#597=FACE_OUTER_BOUND('',#1022,.T.);
#598=FACE_OUTER_BOUND('',#1023,.T.);
#599=FACE_OUTER_BOUND('',#1024,.T.);
#600=FACE_OUTER_BOUND('',#1025,.T.);
#601=FACE_OUTER_BOUND('',#1026,.T.);
#602=FACE_OUTER_BOUND('',#1027,.T.);
#603=FACE_OUTER_BOUND('',#1028,.T.);
#604=FACE_OUTER_BOUND('',#1029,.T.);
#605=FACE_OUTER_BOUND('',#1030,.T.);
#606=FACE_OUTER_BOUND('',#1031,.T.);
#607=FACE_OUTER_BOUND('',#1032,.T.);
#608=FACE_OUTER_BOUND('',#1033,.T.);
#609=FACE_OUTER_BOUND('',#1034,.T.);
#610=FACE_OUTER_BOUND('',#1035,.T.);
#611=FACE_OUTER_BOUND('',#1036,.T.);
#612=FACE_OUTER_BOUND('',#1037,.T.);
#613=FACE_OUTER_BOUND('',#1038,.T.);
#614=FACE_OUTER_BOUND('',#1039,.T.);
#615=FACE_OUTER_BOUND('',#1040,.T.);
#616=FACE_OUTER_BOUND('',#1041,.T.);
#617=FACE_OUTER_BOUND('',#1042,.T.);
#618=FACE_OUTER_BOUND('',#1043,.T.);
#619=FACE_OUTER_BOUND('',#1044,.T.);
#620=FACE_OUTER_BOUND('',#1045,.T.);
#621=FACE_OUTER_BOUND('',#1046,.T.);
#622=FACE_OUTER_BOUND('',#1047,.T.);
#623=FACE_OUTER_BOUND('',#1048,.T.);
#624=FACE_OUTER_BOUND('',#1049,.T.);
#625=FACE_OUTER_BOUND('',#1050,.T.);
#626=FACE_OUTER_BOUND('',#1051,.T.);
#627=FACE_OUTER_BOUND('',#1052,.T.);
#628=FACE_OUTER_BOUND('',#1053,.T.);
#629=FACE_OUTER_BOUND('',#1054,.T.);
#630=FACE_OUTER_BOUND('',#1055,.T.);
#631=FACE_OUTER_BOUND('',#1056,.T.);
#632=FACE_OUTER_BOUND('',#1057,.T.);
#633=FACE_OUTER_BOUND('',#1058,.T.);
#634=FACE_OUTER_BOUND('',#1059,.T.);
#635=FACE_OUTER_BOUND('',#1060,.T.);
#636=FACE_OUTER_BOUND('',#1061,.T.);
#637=FACE_OUTER_BOUND('',#1062,.T.);
#638=FACE_OUTER_BOUND('',#1063,.T.);
#639=FACE_OUTER_BOUND('',#1064,.T.);
#640=FACE_OUTER_BOUND('',#1065,.T.);
#641=FACE_OUTER_BOUND('',#1066,.T.);
#642=FACE_OUTER_BOUND('',#1067,.T.);
#643=FACE_OUTER_BOUND('',#1068,.T.);
#644=FACE_OUTER_BOUND('',#1069,.T.);
#645=FACE_OUTER_BOUND('',#1070,.T.);
#646=FACE_OUTER_BOUND('',#1071,.T.);
#647=FACE_OUTER_BOUND('',#1072,.T.);
#648=FACE_OUTER_BOUND('',#1073,.T.);
#649=FACE_OUTER_BOUND('',#1074,.T.);
#650=FACE_OUTER_BOUND('',#1075,.T.);
#651=FACE_OUTER_BOUND('',#1076,.T.);
#652=FACE_OUTER_BOUND('',#1077,.T.);
#653=FACE_OUTER_BOUND('',#1078,.T.);
#654=FACE_OUTER_BOUND('',#1079,.T.);
#655=FACE_OUTER_BOUND('',#1080,.T.);
#656=FACE_OUTER_BOUND('',#1081,.T.);
#657=FACE_OUTER_BOUND('',#1082,.T.);
#658=FACE_OUTER_BOUND('',#1083,.T.);
#659=FACE_OUTER_BOUND('',#1084,.T.);
#660=FACE_OUTER_BOUND('',#1085,.T.);
#661=FACE_OUTER_BOUND('',#1086,.T.);
#662=FACE_OUTER_BOUND('',#1087,.T.);
#663=FACE_OUTER_BOUND('',#1088,.T.);
#664=FACE_OUTER_BOUND('',#1089,.T.);
#665=FACE_OUTER_BOUND('',#1090,.T.);
#666=FACE_OUTER_BOUND('',#1091,.T.);
#667=FACE_OUTER_BOUND('',#1092,.T.);
#668=FACE_OUTER_BOUND('',#1093,.T.);
#669=FACE_OUTER_BOUND('',#1094,.T.);
#670=FACE_OUTER_BOUND('',#1095,.T.);
#671=FACE_OUTER_BOUND('',#1096,.T.);
#672=FACE_OUTER_BOUND('',#1097,.T.);
#673=FACE_OUTER_BOUND('',#1098,.T.);
#674=FACE_OUTER_BOUND('',#1099,.T.);
#675=FACE_OUTER_BOUND('',#1100,.T.);
#676=FACE_OUTER_BOUND('',#1101,.T.);
#677=FACE_OUTER_BOUND('',#1102,.T.);
#678=FACE_OUTER_BOUND('',#1103,.T.);
#679=FACE_OUTER_BOUND('',#1104,.T.);
#680=FACE_OUTER_BOUND('',#1105,.T.);
#681=FACE_OUTER_BOUND('',#1106,.T.);
#682=FACE_OUTER_BOUND('',#1107,.T.);
#683=FACE_OUTER_BOUND('',#1108,.T.);
#684=FACE_OUTER_BOUND('',#1109,.T.);
#685=FACE_OUTER_BOUND('',#1121,.T.);
#686=FACE_OUTER_BOUND('',#1122,.T.);
#687=FACE_OUTER_BOUND('',#1127,.T.);
#688=FACE_OUTER_BOUND('',#1128,.T.);
#689=FACE_OUTER_BOUND('',#1133,.T.);
#690=FACE_OUTER_BOUND('',#1134,.T.);
#691=FACE_OUTER_BOUND('',#1135,.T.);
#692=FACE_OUTER_BOUND('',#1136,.T.);
#693=FACE_OUTER_BOUND('',#1137,.T.);
#694=FACE_OUTER_BOUND('',#1138,.T.);
#695=FACE_OUTER_BOUND('',#1139,.T.);
#696=FACE_OUTER_BOUND('',#1140,.T.);
#697=FACE_OUTER_BOUND('',#1141,.T.);
#698=FACE_OUTER_BOUND('',#1142,.T.);
#699=FACE_OUTER_BOUND('',#1143,.T.);
#700=FACE_OUTER_BOUND('',#1144,.T.);
#701=FACE_OUTER_BOUND('',#1145,.T.);
#702=FACE_OUTER_BOUND('',#1146,.T.);
#703=FACE_OUTER_BOUND('',#1147,.T.);
#704=FACE_OUTER_BOUND('',#1148,.T.);
#705=FACE_OUTER_BOUND('',#1149,.T.);
#706=FACE_OUTER_BOUND('',#1150,.T.);
#707=FACE_OUTER_BOUND('',#1151,.T.);
#708=FACE_OUTER_BOUND('',#1152,.T.);
#709=FACE_OUTER_BOUND('',#1163,.T.);
#710=FACE_OUTER_BOUND('',#1164,.T.);
#711=FACE_OUTER_BOUND('',#1165,.T.);
#712=FACE_OUTER_BOUND('',#1166,.T.);
#713=FACE_OUTER_BOUND('',#1167,.T.);
#714=FACE_OUTER_BOUND('',#1168,.T.);
#715=FACE_OUTER_BOUND('',#1169,.T.);
#716=FACE_OUTER_BOUND('',#1170,.T.);
#717=FACE_OUTER_BOUND('',#1171,.T.);
#718=FACE_OUTER_BOUND('',#1172,.T.);
#719=FACE_OUTER_BOUND('',#1173,.T.);
#720=FACE_OUTER_BOUND('',#1174,.T.);
#721=FACE_OUTER_BOUND('',#1175,.T.);
#722=FACE_OUTER_BOUND('',#1176,.T.);
#723=FACE_OUTER_BOUND('',#1177,.T.);
#724=FACE_OUTER_BOUND('',#1178,.T.);
#725=FACE_OUTER_BOUND('',#1179,.T.);
#726=FACE_OUTER_BOUND('',#1180,.T.);
#727=FACE_OUTER_BOUND('',#1181,.T.);
#728=FACE_OUTER_BOUND('',#1182,.T.);
#729=FACE_OUTER_BOUND('',#1183,.T.);
#730=FACE_OUTER_BOUND('',#1184,.T.);
#731=FACE_OUTER_BOUND('',#1185,.T.);
#732=FACE_OUTER_BOUND('',#1186,.T.);
#733=FACE_OUTER_BOUND('',#1187,.T.);
#734=FACE_OUTER_BOUND('',#1188,.T.);
#735=FACE_OUTER_BOUND('',#1189,.T.);
#736=FACE_OUTER_BOUND('',#1190,.T.);
#737=FACE_OUTER_BOUND('',#1191,.T.);
#738=FACE_OUTER_BOUND('',#1192,.T.);
#739=FACE_OUTER_BOUND('',#1193,.T.);
#740=FACE_OUTER_BOUND('',#1194,.T.);
#741=FACE_OUTER_BOUND('',#1195,.T.);
#742=FACE_OUTER_BOUND('',#1196,.T.);
#743=FACE_OUTER_BOUND('',#1197,.T.);
#744=FACE_OUTER_BOUND('',#1198,.T.);
#745=FACE_OUTER_BOUND('',#1199,.T.);
#746=FACE_OUTER_BOUND('',#1200,.T.);
#747=FACE_OUTER_BOUND('',#1201,.T.);
#748=FACE_OUTER_BOUND('',#1202,.T.);
#749=FACE_OUTER_BOUND('',#1203,.T.);
#750=FACE_OUTER_BOUND('',#1204,.T.);
#751=FACE_OUTER_BOUND('',#1205,.T.);
#752=FACE_OUTER_BOUND('',#1206,.T.);
#753=FACE_OUTER_BOUND('',#1207,.T.);
#754=FACE_OUTER_BOUND('',#1208,.T.);
#755=FACE_OUTER_BOUND('',#1209,.T.);
#756=FACE_OUTER_BOUND('',#1210,.T.);
#757=FACE_OUTER_BOUND('',#1211,.T.);
#758=FACE_OUTER_BOUND('',#1212,.T.);
#759=FACE_OUTER_BOUND('',#1213,.T.);
#760=FACE_OUTER_BOUND('',#1214,.T.);
#761=FACE_OUTER_BOUND('',#1215,.T.);
#762=FACE_OUTER_BOUND('',#1216,.T.);
#763=FACE_OUTER_BOUND('',#1217,.T.);
#764=FACE_OUTER_BOUND('',#1218,.T.);
#765=FACE_OUTER_BOUND('',#1219,.T.);
#766=FACE_OUTER_BOUND('',#1220,.T.);
#767=FACE_OUTER_BOUND('',#1221,.T.);
#768=FACE_OUTER_BOUND('',#1222,.T.);
#769=FACE_OUTER_BOUND('',#1223,.T.);
#770=FACE_OUTER_BOUND('',#1224,.T.);
#771=FACE_OUTER_BOUND('',#1225,.T.);
#772=FACE_OUTER_BOUND('',#1226,.T.);
#773=FACE_OUTER_BOUND('',#1227,.T.);
#774=FACE_OUTER_BOUND('',#1228,.T.);
#775=FACE_OUTER_BOUND('',#1229,.T.);
#776=FACE_OUTER_BOUND('',#1230,.T.);
#777=FACE_OUTER_BOUND('',#1231,.T.);
#778=FACE_OUTER_BOUND('',#1232,.T.);
#779=FACE_OUTER_BOUND('',#1233,.T.);
#780=FACE_OUTER_BOUND('',#1234,.T.);
#781=EDGE_LOOP('',(#4823,#4824,#4825,#4826));
#782=EDGE_LOOP('',(#4827));
#783=EDGE_LOOP('',(#4828,#4829,#4830,#4831));
#784=EDGE_LOOP('',(#4832));
#785=EDGE_LOOP('',(#4833,#4834,#4835,#4836));
#786=EDGE_LOOP('',(#4837));
#787=EDGE_LOOP('',(#4838,#4839,#4840,#4841));
#788=EDGE_LOOP('',(#4842));
#789=EDGE_LOOP('',(#4843,#4844,#4845,#4846));
#790=EDGE_LOOP('',(#4847,#4848,#4849,#4850));
#791=EDGE_LOOP('',(#4851,#4852,#4853,#4854));
#792=EDGE_LOOP('',(#4855,#4856,#4857,#4858));
#793=EDGE_LOOP('',(#4859,#4860,#4861,#4862));
#794=EDGE_LOOP('',(#4863,#4864,#4865,#4866));
#795=EDGE_LOOP('',(#4867,#4868,#4869,#4870));
#796=EDGE_LOOP('',(#4871,#4872,#4873,#4874));
#797=EDGE_LOOP('',(#4875,#4876,#4877,#4878,#4879,#4880,#4881,#4882));
#798=EDGE_LOOP('',(#4883,#4884,#4885,#4886,#4887,#4888,#4889,#4890));
#799=EDGE_LOOP('',(#4891,#4892,#4893,#4894));
#800=EDGE_LOOP('',(#4895,#4896,#4897,#4898));
#801=EDGE_LOOP('',(#4899,#4900,#4901,#4902));
#802=EDGE_LOOP('',(#4903,#4904,#4905,#4906));
#803=EDGE_LOOP('',(#4907,#4908,#4909,#4910));
#804=EDGE_LOOP('',(#4911,#4912,#4913,#4914));
#805=EDGE_LOOP('',(#4915,#4916,#4917,#4918));
#806=EDGE_LOOP('',(#4919,#4920,#4921,#4922));
#807=EDGE_LOOP('',(#4923,#4924,#4925,#4926));
#808=EDGE_LOOP('',(#4927,#4928,#4929,#4930));
#809=EDGE_LOOP('',(#4931,#4932,#4933,#4934));
#810=EDGE_LOOP('',(#4935,#4936,#4937,#4938));
#811=EDGE_LOOP('',(#4939,#4940,#4941,#4942));
#812=EDGE_LOOP('',(#4943,#4944,#4945,#4946));
#813=EDGE_LOOP('',(#4947,#4948,#4949,#4950));
#814=EDGE_LOOP('',(#4951,#4952,#4953,#4954));
#815=EDGE_LOOP('',(#4955,#4956,#4957,#4958));
#816=EDGE_LOOP('',(#4959,#4960,#4961,#4962));
#817=EDGE_LOOP('',(#4963,#4964,#4965,#4966,#4967,#4968,#4969,#4970));
#818=EDGE_LOOP('',(#4971,#4972,#4973,#4974,#4975,#4976,#4977,#4978,#4979,
#4980));
#819=EDGE_LOOP('',(#4981,#4982,#4983,#4984,#4985,#4986,#4987,#4988));
#820=EDGE_LOOP('',(#4989,#4990,#4991,#4992,#4993,#4994,#4995,#4996,#4997,
#4998));
#821=EDGE_LOOP('',(#4999));
#822=EDGE_LOOP('',(#5000));
#823=EDGE_LOOP('',(#5001));
#824=EDGE_LOOP('',(#5002));
#825=EDGE_LOOP('',(#5003,#5004,#5005,#5006));
#826=EDGE_LOOP('',(#5007,#5008,#5009,#5010));
#827=EDGE_LOOP('',(#5011,#5012,#5013,#5014));
#828=EDGE_LOOP('',(#5015,#5016,#5017,#5018));
#829=EDGE_LOOP('',(#5019,#5020,#5021,#5022));
#830=EDGE_LOOP('',(#5023,#5024,#5025,#5026));
#831=EDGE_LOOP('',(#5027,#5028,#5029,#5030));
#832=EDGE_LOOP('',(#5031,#5032,#5033,#5034));
#833=EDGE_LOOP('',(#5035,#5036,#5037,#5038));
#834=EDGE_LOOP('',(#5039,#5040,#5041,#5042));
#835=EDGE_LOOP('',(#5043,#5044,#5045,#5046));
#836=EDGE_LOOP('',(#5047,#5048,#5049,#5050));
#837=EDGE_LOOP('',(#5051,#5052,#5053,#5054));
#838=EDGE_LOOP('',(#5055,#5056,#5057,#5058));
#839=EDGE_LOOP('',(#5059,#5060,#5061,#5062));
#840=EDGE_LOOP('',(#5063,#5064,#5065,#5066));
#841=EDGE_LOOP('',(#5067,#5068,#5069,#5070));
#842=EDGE_LOOP('',(#5071,#5072,#5073,#5074));
#843=EDGE_LOOP('',(#5075,#5076,#5077,#5078));
#844=EDGE_LOOP('',(#5079,#5080,#5081,#5082));
#845=EDGE_LOOP('',(#5083,#5084,#5085,#5086));
#846=EDGE_LOOP('',(#5087,#5088,#5089,#5090));
#847=EDGE_LOOP('',(#5091,#5092,#5093,#5094));
#848=EDGE_LOOP('',(#5095,#5096,#5097,#5098));
#849=EDGE_LOOP('',(#5099,#5100,#5101,#5102));
#850=EDGE_LOOP('',(#5103,#5104,#5105,#5106));
#851=EDGE_LOOP('',(#5107,#5108,#5109,#5110));
#852=EDGE_LOOP('',(#5111,#5112,#5113,#5114));
#853=EDGE_LOOP('',(#5115,#5116,#5117,#5118));
#854=EDGE_LOOP('',(#5119,#5120,#5121,#5122));
#855=EDGE_LOOP('',(#5123,#5124,#5125,#5126));
#856=EDGE_LOOP('',(#5127,#5128,#5129,#5130));
#857=EDGE_LOOP('',(#5131,#5132,#5133,#5134));
#858=EDGE_LOOP('',(#5135,#5136,#5137,#5138));
#859=EDGE_LOOP('',(#5139,#5140,#5141,#5142));
#860=EDGE_LOOP('',(#5143,#5144,#5145,#5146));
#861=EDGE_LOOP('',(#5147,#5148,#5149,#5150));
#862=EDGE_LOOP('',(#5151,#5152,#5153,#5154));
#863=EDGE_LOOP('',(#5155,#5156,#5157,#5158));
#864=EDGE_LOOP('',(#5159,#5160,#5161,#5162));
#865=EDGE_LOOP('',(#5163,#5164,#5165,#5166));
#866=EDGE_LOOP('',(#5167,#5168,#5169,#5170));
#867=EDGE_LOOP('',(#5171,#5172,#5173,#5174));
#868=EDGE_LOOP('',(#5175,#5176,#5177,#5178));
#869=EDGE_LOOP('',(#5179,#5180,#5181,#5182));
#870=EDGE_LOOP('',(#5183,#5184,#5185,#5186));
#871=EDGE_LOOP('',(#5187,#5188,#5189,#5190));
#872=EDGE_LOOP('',(#5191,#5192,#5193,#5194));
#873=EDGE_LOOP('',(#5195,#5196,#5197,#5198));
#874=EDGE_LOOP('',(#5199,#5200,#5201,#5202));
#875=EDGE_LOOP('',(#5203,#5204,#5205,#5206));
#876=EDGE_LOOP('',(#5207,#5208,#5209,#5210));
#877=EDGE_LOOP('',(#5211,#5212,#5213,#5214));
#878=EDGE_LOOP('',(#5215,#5216,#5217,#5218));
#879=EDGE_LOOP('',(#5219,#5220,#5221,#5222));
#880=EDGE_LOOP('',(#5223,#5224,#5225,#5226));
#881=EDGE_LOOP('',(#5227,#5228,#5229,#5230));
#882=EDGE_LOOP('',(#5231,#5232,#5233,#5234));
#883=EDGE_LOOP('',(#5235,#5236,#5237,#5238));
#884=EDGE_LOOP('',(#5239,#5240,#5241,#5242));
#885=EDGE_LOOP('',(#5243,#5244,#5245,#5246));
#886=EDGE_LOOP('',(#5247,#5248,#5249,#5250));
#887=EDGE_LOOP('',(#5251,#5252,#5253,#5254));
#888=EDGE_LOOP('',(#5255,#5256,#5257,#5258));
#889=EDGE_LOOP('',(#5259,#5260,#5261,#5262));
#890=EDGE_LOOP('',(#5263,#5264,#5265,#5266));
#891=EDGE_LOOP('',(#5267,#5268,#5269,#5270));
#892=EDGE_LOOP('',(#5271,#5272,#5273,#5274));
#893=EDGE_LOOP('',(#5275,#5276,#5277,#5278));
#894=EDGE_LOOP('',(#5279,#5280,#5281,#5282));
#895=EDGE_LOOP('',(#5283,#5284,#5285,#5286));
#896=EDGE_LOOP('',(#5287,#5288,#5289,#5290));
#897=EDGE_LOOP('',(#5291,#5292,#5293,#5294));
#898=EDGE_LOOP('',(#5295,#5296,#5297,#5298));
#899=EDGE_LOOP('',(#5299,#5300,#5301,#5302));
#900=EDGE_LOOP('',(#5303,#5304,#5305,#5306));
#901=EDGE_LOOP('',(#5307,#5308,#5309,#5310));
#902=EDGE_LOOP('',(#5311,#5312,#5313,#5314));
#903=EDGE_LOOP('',(#5315,#5316,#5317,#5318));
#904=EDGE_LOOP('',(#5319,#5320,#5321,#5322));
#905=EDGE_LOOP('',(#5323,#5324,#5325,#5326));
#906=EDGE_LOOP('',(#5327,#5328,#5329,#5330));
#907=EDGE_LOOP('',(#5331,#5332,#5333,#5334));
#908=EDGE_LOOP('',(#5335,#5336,#5337,#5338));
#909=EDGE_LOOP('',(#5339,#5340,#5341,#5342));
#910=EDGE_LOOP('',(#5343,#5344,#5345,#5346));
#911=EDGE_LOOP('',(#5347,#5348,#5349,#5350));
#912=EDGE_LOOP('',(#5351,#5352,#5353,#5354));
#913=EDGE_LOOP('',(#5355,#5356,#5357,#5358));
#914=EDGE_LOOP('',(#5359,#5360,#5361,#5362));
#915=EDGE_LOOP('',(#5363,#5364,#5365,#5366));
#916=EDGE_LOOP('',(#5367,#5368,#5369,#5370));
#917=EDGE_LOOP('',(#5371,#5372,#5373,#5374));
#918=EDGE_LOOP('',(#5375,#5376,#5377,#5378));
#919=EDGE_LOOP('',(#5379,#5380,#5381,#5382));
#920=EDGE_LOOP('',(#5383,#5384,#5385,#5386));
#921=EDGE_LOOP('',(#5387,#5388,#5389,#5390));
#922=EDGE_LOOP('',(#5391,#5392,#5393,#5394));
#923=EDGE_LOOP('',(#5395,#5396,#5397,#5398));
#924=EDGE_LOOP('',(#5399,#5400,#5401,#5402));
#925=EDGE_LOOP('',(#5403,#5404,#5405,#5406));
#926=EDGE_LOOP('',(#5407,#5408,#5409,#5410));
#927=EDGE_LOOP('',(#5411,#5412,#5413,#5414));
#928=EDGE_LOOP('',(#5415,#5416,#5417,#5418));
#929=EDGE_LOOP('',(#5419,#5420,#5421,#5422));
#930=EDGE_LOOP('',(#5423,#5424,#5425,#5426));
#931=EDGE_LOOP('',(#5427,#5428,#5429,#5430));
#932=EDGE_LOOP('',(#5431,#5432,#5433,#5434));
#933=EDGE_LOOP('',(#5435,#5436,#5437,#5438));
#934=EDGE_LOOP('',(#5439,#5440,#5441,#5442));
#935=EDGE_LOOP('',(#5443,#5444,#5445,#5446));
#936=EDGE_LOOP('',(#5447,#5448,#5449,#5450));
#937=EDGE_LOOP('',(#5451,#5452,#5453,#5454));
#938=EDGE_LOOP('',(#5455,#5456,#5457,#5458));
#939=EDGE_LOOP('',(#5459,#5460,#5461,#5462));
#940=EDGE_LOOP('',(#5463,#5464,#5465,#5466));
#941=EDGE_LOOP('',(#5467,#5468,#5469,#5470));
#942=EDGE_LOOP('',(#5471,#5472,#5473,#5474));
#943=EDGE_LOOP('',(#5475,#5476,#5477,#5478));
#944=EDGE_LOOP('',(#5479,#5480,#5481,#5482));
#945=EDGE_LOOP('',(#5483,#5484,#5485,#5486));
#946=EDGE_LOOP('',(#5487,#5488,#5489,#5490));
#947=EDGE_LOOP('',(#5491,#5492,#5493,#5494));
#948=EDGE_LOOP('',(#5495,#5496,#5497,#5498));
#949=EDGE_LOOP('',(#5499,#5500,#5501,#5502));
#950=EDGE_LOOP('',(#5503,#5504,#5505,#5506));
#951=EDGE_LOOP('',(#5507,#5508,#5509,#5510));
#952=EDGE_LOOP('',(#5511,#5512,#5513,#5514));
#953=EDGE_LOOP('',(#5515,#5516,#5517,#5518));
#954=EDGE_LOOP('',(#5519,#5520,#5521,#5522));
#955=EDGE_LOOP('',(#5523,#5524,#5525,#5526));
#956=EDGE_LOOP('',(#5527,#5528,#5529,#5530));
#957=EDGE_LOOP('',(#5531,#5532,#5533,#5534));
#958=EDGE_LOOP('',(#5535,#5536,#5537,#5538));
#959=EDGE_LOOP('',(#5539,#5540,#5541,#5542,#5543,#5544,#5545,#5546,#5547,
#5548,#5549,#5550,#5551,#5552,#5553,#5554,#5555,#5556,#5557,#5558,#5559,
#5560,#5561,#5562,#5563,#5564,#5565,#5566,#5567,#5568,#5569,#5570,#5571,
#5572,#5573,#5574,#5575,#5576,#5577,#5578,#5579,#5580,#5581,#5582,#5583,
#5584,#5585,#5586,#5587,#5588,#5589,#5590,#5591,#5592,#5593,#5594,#5595,
#5596,#5597,#5598,#5599,#5600,#5601,#5602,#5603,#5604,#5605,#5606,#5607,
#5608,#5609,#5610,#5611,#5612,#5613,#5614,#5615,#5616,#5617,#5618,#5619,
#5620,#5621));
#960=EDGE_LOOP('',(#5622,#5623,#5624,#5625));
#961=EDGE_LOOP('',(#5626));
#962=EDGE_LOOP('',(#5627));
#963=EDGE_LOOP('',(#5628,#5629,#5630,#5631));
#964=EDGE_LOOP('',(#5632,#5633,#5634,#5635));
#965=EDGE_LOOP('',(#5636,#5637,#5638,#5639));
#966=EDGE_LOOP('',(#5640,#5641,#5642,#5643));
#967=EDGE_LOOP('',(#5644,#5645,#5646,#5647,#5648,#5649,#5650,#5651));
#968=EDGE_LOOP('',(#5652,#5653,#5654,#5655,#5656,#5657,#5658,#5659));
#969=EDGE_LOOP('',(#5660,#5661,#5662,#5663));
#970=EDGE_LOOP('',(#5664,#5665,#5666,#5667));
#971=EDGE_LOOP('',(#5668));
#972=EDGE_LOOP('',(#5669,#5670,#5671,#5672));
#973=EDGE_LOOP('',(#5673,#5674,#5675,#5676,#5677,#5678,#5679,#5680,#5681,
#5682,#5683,#5684,#5685,#5686,#5687,#5688,#5689,#5690,#5691,#5692,#5693,
#5694,#5695,#5696,#5697,#5698,#5699,#5700,#5701,#5702,#5703,#5704,#5705,
#5706,#5707,#5708,#5709,#5710,#5711,#5712,#5713,#5714,#5715,#5716,#5717,
#5718,#5719,#5720,#5721,#5722,#5723,#5724,#5725,#5726,#5727,#5728,#5729,
#5730,#5731,#5732,#5733,#5734,#5735,#5736,#5737,#5738,#5739,#5740,#5741,
#5742,#5743,#5744,#5745,#5746,#5747,#5748,#5749,#5750,#5751,#5752,#5753,
#5754,#5755));
#974=EDGE_LOOP('',(#5756,#5757,#5758,#5759));
#975=EDGE_LOOP('',(#5760));
#976=EDGE_LOOP('',(#5761));
#977=EDGE_LOOP('',(#5762,#5763,#5764,#5765));
#978=EDGE_LOOP('',(#5766,#5767,#5768,#5769));
#979=EDGE_LOOP('',(#5770,#5771,#5772,#5773));
#980=EDGE_LOOP('',(#5774,#5775,#5776,#5777));
#981=EDGE_LOOP('',(#5778,#5779,#5780,#5781,#5782,#5783,#5784,#5785));
#982=EDGE_LOOP('',(#5786,#5787,#5788,#5789,#5790,#5791,#5792,#5793));
#983=EDGE_LOOP('',(#5794,#5795,#5796,#5797));
#984=EDGE_LOOP('',(#5798,#5799,#5800,#5801));
#985=EDGE_LOOP('',(#5802));
#986=EDGE_LOOP('',(#5803,#5804,#5805,#5806));
#987=EDGE_LOOP('',(#5807,#5808,#5809,#5810));
#988=EDGE_LOOP('',(#5811,#5812,#5813,#5814));
#989=EDGE_LOOP('',(#5815,#5816,#5817,#5818));
#990=EDGE_LOOP('',(#5819,#5820,#5821,#5822));
#991=EDGE_LOOP('',(#5823,#5824,#5825,#5826));
#992=EDGE_LOOP('',(#5827));
#993=EDGE_LOOP('',(#5828));
#994=EDGE_LOOP('',(#5829,#5830,#5831,#5832));
#995=EDGE_LOOP('',(#5833));
#996=EDGE_LOOP('',(#5834));
#997=EDGE_LOOP('',(#5835,#5836,#5837,#5838));
#998=EDGE_LOOP('',(#5839));
#999=EDGE_LOOP('',(#5840));
#1000=EDGE_LOOP('',(#5841,#5842,#5843,#5844));
#1001=EDGE_LOOP('',(#5845));
#1002=EDGE_LOOP('',(#5846));
#1003=EDGE_LOOP('',(#5847,#5848,#5849,#5850));
#1004=EDGE_LOOP('',(#5851,#5852,#5853,#5854));
#1005=EDGE_LOOP('',(#5855,#5856,#5857,#5858));
#1006=EDGE_LOOP('',(#5859,#5860,#5861,#5862,#5863,#5864));
#1007=EDGE_LOOP('',(#5865));
#1008=EDGE_LOOP('',(#5866,#5867,#5868,#5869,#5870,#5871,#5872,#5873,#5874,
#5875,#5876,#5877,#5878,#5879,#5880,#5881,#5882,#5883,#5884,#5885,#5886,
#5887,#5888,#5889,#5890,#5891,#5892,#5893,#5894,#5895,#5896,#5897,#5898,
#5899,#5900,#5901,#5902,#5903,#5904,#5905,#5906,#5907,#5908,#5909,#5910,
#5911,#5912,#5913,#5914,#5915,#5916,#5917,#5918,#5919,#5920,#5921,#5922,
#5923,#5924,#5925,#5926,#5927,#5928,#5929));
#1009=EDGE_LOOP('',(#5930,#5931,#5932,#5933,#5934,#5935,#5936,#5937));
#1010=EDGE_LOOP('',(#5938));
#1011=EDGE_LOOP('',(#5939,#5940,#5941,#5942,#5943,#5944,#5945,#5946));
#1012=EDGE_LOOP('',(#5947));
#1013=EDGE_LOOP('',(#5948,#5949,#5950,#5951,#5952,#5953,#5954,#5955));
#1014=EDGE_LOOP('',(#5956));
#1015=EDGE_LOOP('',(#5957));
#1016=EDGE_LOOP('',(#5958));
#1017=EDGE_LOOP('',(#5959));
#1018=EDGE_LOOP('',(#5960));
#1019=EDGE_LOOP('',(#5961,#5962,#5963,#5964));
#1020=EDGE_LOOP('',(#5965,#5966,#5967,#5968));
#1021=EDGE_LOOP('',(#5969,#5970,#5971,#5972));
#1022=EDGE_LOOP('',(#5973,#5974,#5975,#5976));
#1023=EDGE_LOOP('',(#5977,#5978,#5979,#5980));
#1024=EDGE_LOOP('',(#5981,#5982,#5983,#5984));
#1025=EDGE_LOOP('',(#5985,#5986,#5987,#5988));
#1026=EDGE_LOOP('',(#5989,#5990,#5991,#5992));
#1027=EDGE_LOOP('',(#5993,#5994,#5995,#5996));
#1028=EDGE_LOOP('',(#5997,#5998,#5999,#6000));
#1029=EDGE_LOOP('',(#6001,#6002,#6003,#6004));
#1030=EDGE_LOOP('',(#6005,#6006,#6007,#6008));
#1031=EDGE_LOOP('',(#6009,#6010,#6011,#6012));
#1032=EDGE_LOOP('',(#6013,#6014,#6015,#6016));
#1033=EDGE_LOOP('',(#6017,#6018,#6019,#6020));
#1034=EDGE_LOOP('',(#6021,#6022,#6023,#6024));
#1035=EDGE_LOOP('',(#6025,#6026,#6027,#6028));
#1036=EDGE_LOOP('',(#6029,#6030,#6031,#6032));
#1037=EDGE_LOOP('',(#6033,#6034,#6035,#6036));
#1038=EDGE_LOOP('',(#6037,#6038,#6039,#6040));
#1039=EDGE_LOOP('',(#6041,#6042,#6043,#6044));
#1040=EDGE_LOOP('',(#6045,#6046,#6047,#6048));
#1041=EDGE_LOOP('',(#6049,#6050,#6051,#6052));
#1042=EDGE_LOOP('',(#6053,#6054,#6055,#6056));
#1043=EDGE_LOOP('',(#6057,#6058,#6059,#6060));
#1044=EDGE_LOOP('',(#6061,#6062,#6063,#6064));
#1045=EDGE_LOOP('',(#6065,#6066,#6067,#6068));
#1046=EDGE_LOOP('',(#6069,#6070,#6071,#6072));
#1047=EDGE_LOOP('',(#6073,#6074,#6075,#6076));
#1048=EDGE_LOOP('',(#6077,#6078,#6079,#6080));
#1049=EDGE_LOOP('',(#6081,#6082,#6083,#6084));
#1050=EDGE_LOOP('',(#6085,#6086,#6087,#6088));
#1051=EDGE_LOOP('',(#6089,#6090,#6091,#6092));
#1052=EDGE_LOOP('',(#6093,#6094,#6095,#6096));
#1053=EDGE_LOOP('',(#6097,#6098,#6099,#6100));
#1054=EDGE_LOOP('',(#6101,#6102,#6103,#6104));
#1055=EDGE_LOOP('',(#6105,#6106,#6107,#6108));
#1056=EDGE_LOOP('',(#6109,#6110,#6111,#6112));
#1057=EDGE_LOOP('',(#6113,#6114,#6115,#6116,#6117,#6118));
#1058=EDGE_LOOP('',(#6119,#6120,#6121,#6122));
#1059=EDGE_LOOP('',(#6123,#6124,#6125,#6126,#6127,#6128));
#1060=EDGE_LOOP('',(#6129,#6130,#6131,#6132));
#1061=EDGE_LOOP('',(#6133,#6134,#6135,#6136));
#1062=EDGE_LOOP('',(#6137,#6138,#6139,#6140));
#1063=EDGE_LOOP('',(#6141,#6142,#6143,#6144));
#1064=EDGE_LOOP('',(#6145,#6146,#6147,#6148));
#1065=EDGE_LOOP('',(#6149,#6150,#6151,#6152));
#1066=EDGE_LOOP('',(#6153,#6154,#6155,#6156));
#1067=EDGE_LOOP('',(#6157,#6158,#6159,#6160));
#1068=EDGE_LOOP('',(#6161,#6162,#6163,#6164));
#1069=EDGE_LOOP('',(#6165,#6166,#6167,#6168));
#1070=EDGE_LOOP('',(#6169,#6170,#6171,#6172));
#1071=EDGE_LOOP('',(#6173,#6174,#6175,#6176));
#1072=EDGE_LOOP('',(#6177,#6178,#6179,#6180));
#1073=EDGE_LOOP('',(#6181,#6182,#6183,#6184));
#1074=EDGE_LOOP('',(#6185,#6186,#6187,#6188));
#1075=EDGE_LOOP('',(#6189,#6190,#6191,#6192));
#1076=EDGE_LOOP('',(#6193,#6194,#6195,#6196));
#1077=EDGE_LOOP('',(#6197,#6198,#6199,#6200));
#1078=EDGE_LOOP('',(#6201,#6202,#6203,#6204));
#1079=EDGE_LOOP('',(#6205,#6206,#6207,#6208));
#1080=EDGE_LOOP('',(#6209,#6210,#6211,#6212));
#1081=EDGE_LOOP('',(#6213,#6214,#6215,#6216));
#1082=EDGE_LOOP('',(#6217,#6218,#6219,#6220));
#1083=EDGE_LOOP('',(#6221,#6222,#6223,#6224));
#1084=EDGE_LOOP('',(#6225,#6226,#6227,#6228));
#1085=EDGE_LOOP('',(#6229,#6230,#6231,#6232));
#1086=EDGE_LOOP('',(#6233,#6234,#6235,#6236));
#1087=EDGE_LOOP('',(#6237,#6238,#6239,#6240));
#1088=EDGE_LOOP('',(#6241,#6242,#6243,#6244));
#1089=EDGE_LOOP('',(#6245,#6246,#6247,#6248));
#1090=EDGE_LOOP('',(#6249,#6250,#6251,#6252));
#1091=EDGE_LOOP('',(#6253,#6254,#6255,#6256));
#1092=EDGE_LOOP('',(#6257,#6258,#6259,#6260));
#1093=EDGE_LOOP('',(#6261,#6262,#6263,#6264));
#1094=EDGE_LOOP('',(#6265,#6266,#6267,#6268));
#1095=EDGE_LOOP('',(#6269,#6270,#6271,#6272));
#1096=EDGE_LOOP('',(#6273,#6274,#6275,#6276));
#1097=EDGE_LOOP('',(#6277,#6278,#6279,#6280));
#1098=EDGE_LOOP('',(#6281,#6282,#6283,#6284));
#1099=EDGE_LOOP('',(#6285,#6286,#6287,#6288));
#1100=EDGE_LOOP('',(#6289,#6290,#6291,#6292));
#1101=EDGE_LOOP('',(#6293,#6294,#6295,#6296));
#1102=EDGE_LOOP('',(#6297,#6298,#6299,#6300));
#1103=EDGE_LOOP('',(#6301,#6302,#6303,#6304));
#1104=EDGE_LOOP('',(#6305,#6306,#6307,#6308));
#1105=EDGE_LOOP('',(#6309,#6310,#6311,#6312));
#1106=EDGE_LOOP('',(#6313,#6314,#6315,#6316));
#1107=EDGE_LOOP('',(#6317,#6318,#6319,#6320));
#1108=EDGE_LOOP('',(#6321,#6322,#6323,#6324));
#1109=EDGE_LOOP('',(#6325,#6326,#6327,#6328,#6329,#6330,#6331,#6332,#6333,
#6334,#6335,#6336,#6337,#6338,#6339,#6340,#6341,#6342,#6343,#6344,#6345,
#6346,#6347,#6348,#6349,#6350,#6351,#6352,#6353,#6354,#6355,#6356,#6357,
#6358,#6359,#6360,#6361,#6362,#6363,#6364,#6365,#6366,#6367,#6368,#6369,
#6370,#6371,#6372,#6373,#6374,#6375,#6376,#6377,#6378,#6379,#6380,#6381,
#6382,#6383,#6384,#6385,#6386));
#1110=EDGE_LOOP('',(#6387));
#1111=EDGE_LOOP('',(#6388));
#1112=EDGE_LOOP('',(#6389));
#1113=EDGE_LOOP('',(#6390));
#1114=EDGE_LOOP('',(#6391,#6392,#6393,#6394,#6395,#6396,#6397,#6398));
#1115=EDGE_LOOP('',(#6399,#6400,#6401,#6402,#6403,#6404,#6405,#6406));
#1116=EDGE_LOOP('',(#6407,#6408,#6409,#6410,#6411,#6412,#6413,#6414));
#1117=EDGE_LOOP('',(#6415));
#1118=EDGE_LOOP('',(#6416));
#1119=EDGE_LOOP('',(#6417));
#1120=EDGE_LOOP('',(#6418));
#1121=EDGE_LOOP('',(#6419,#6420,#6421,#6422));
#1122=EDGE_LOOP('',(#6423,#6424,#6425,#6426,#6427,#6428,#6429,#6430,#6431,
#6432,#6433,#6434));
#1123=EDGE_LOOP('',(#6435));
#1124=EDGE_LOOP('',(#6436));
#1125=EDGE_LOOP('',(#6437));
#1126=EDGE_LOOP('',(#6438));
#1127=EDGE_LOOP('',(#6439,#6440,#6441,#6442));
#1128=EDGE_LOOP('',(#6443,#6444,#6445,#6446,#6447,#6448,#6449,#6450,#6451,
#6452,#6453,#6454));
#1129=EDGE_LOOP('',(#6455));
#1130=EDGE_LOOP('',(#6456));
#1131=EDGE_LOOP('',(#6457));
#1132=EDGE_LOOP('',(#6458));
#1133=EDGE_LOOP('',(#6459,#6460,#6461,#6462));
#1134=EDGE_LOOP('',(#6463,#6464,#6465,#6466));
#1135=EDGE_LOOP('',(#6467,#6468,#6469,#6470));
#1136=EDGE_LOOP('',(#6471,#6472,#6473,#6474));
#1137=EDGE_LOOP('',(#6475,#6476,#6477,#6478));
#1138=EDGE_LOOP('',(#6479,#6480,#6481,#6482));
#1139=EDGE_LOOP('',(#6483,#6484,#6485,#6486));
#1140=EDGE_LOOP('',(#6487,#6488,#6489,#6490));
#1141=EDGE_LOOP('',(#6491,#6492,#6493,#6494));
#1142=EDGE_LOOP('',(#6495,#6496,#6497,#6498));
#1143=EDGE_LOOP('',(#6499,#6500,#6501,#6502));
#1144=EDGE_LOOP('',(#6503,#6504,#6505,#6506));
#1145=EDGE_LOOP('',(#6507,#6508,#6509,#6510));
#1146=EDGE_LOOP('',(#6511,#6512,#6513,#6514));
#1147=EDGE_LOOP('',(#6515,#6516,#6517,#6518));
#1148=EDGE_LOOP('',(#6519,#6520,#6521,#6522));
#1149=EDGE_LOOP('',(#6523,#6524,#6525,#6526));
#1150=EDGE_LOOP('',(#6527,#6528,#6529,#6530));
#1151=EDGE_LOOP('',(#6531,#6532,#6533,#6534,#6535,#6536,#6537));
#1152=EDGE_LOOP('',(#6538,#6539,#6540,#6541,#6542,#6543,#6544,#6545,#6546,
#6547));
#1153=EDGE_LOOP('',(#6548,#6549,#6550,#6551));
#1154=EDGE_LOOP('',(#6552,#6553,#6554,#6555));
#1155=EDGE_LOOP('',(#6556,#6557,#6558,#6559));
#1156=EDGE_LOOP('',(#6560,#6561,#6562,#6563));
#1157=EDGE_LOOP('',(#6564,#6565,#6566,#6567));
#1158=EDGE_LOOP('',(#6568,#6569,#6570,#6571));
#1159=EDGE_LOOP('',(#6572,#6573,#6574,#6575));
#1160=EDGE_LOOP('',(#6576,#6577,#6578,#6579));
#1161=EDGE_LOOP('',(#6580,#6581,#6582,#6583));
#1162=EDGE_LOOP('',(#6584,#6585,#6586,#6587));
#1163=EDGE_LOOP('',(#6588,#6589,#6590,#6591));
#1164=EDGE_LOOP('',(#6592,#6593,#6594));
#1165=EDGE_LOOP('',(#6595,#6596,#6597,#6598,#6599,#6600,#6601));
#1166=EDGE_LOOP('',(#6602,#6603,#6604));
#1167=EDGE_LOOP('',(#6605,#6606,#6607,#6608));
#1168=EDGE_LOOP('',(#6609,#6610,#6611));
#1169=EDGE_LOOP('',(#6612,#6613,#6614,#6615));
#1170=EDGE_LOOP('',(#6616,#6617,#6618));
#1171=EDGE_LOOP('',(#6619,#6620,#6621,#6622));
#1172=EDGE_LOOP('',(#6623,#6624,#6625));
#1173=EDGE_LOOP('',(#6626,#6627,#6628,#6629));
#1174=EDGE_LOOP('',(#6630,#6631,#6632));
#1175=EDGE_LOOP('',(#6633,#6634,#6635,#6636));
#1176=EDGE_LOOP('',(#6637,#6638,#6639));
#1177=EDGE_LOOP('',(#6640,#6641,#6642,#6643));
#1178=EDGE_LOOP('',(#6644,#6645,#6646));
#1179=EDGE_LOOP('',(#6647,#6648,#6649,#6650));
#1180=EDGE_LOOP('',(#6651,#6652,#6653));
#1181=EDGE_LOOP('',(#6654,#6655,#6656,#6657));
#1182=EDGE_LOOP('',(#6658,#6659,#6660));
#1183=EDGE_LOOP('',(#6661,#6662,#6663,#6664));
#1184=EDGE_LOOP('',(#6665,#6666,#6667));
#1185=EDGE_LOOP('',(#6668,#6669,#6670,#6671));
#1186=EDGE_LOOP('',(#6672,#6673,#6674));
#1187=EDGE_LOOP('',(#6675,#6676,#6677,#6678));
#1188=EDGE_LOOP('',(#6679,#6680,#6681));
#1189=EDGE_LOOP('',(#6682,#6683,#6684,#6685));
#1190=EDGE_LOOP('',(#6686,#6687,#6688));
#1191=EDGE_LOOP('',(#6689,#6690,#6691,#6692));
#1192=EDGE_LOOP('',(#6693,#6694,#6695));
#1193=EDGE_LOOP('',(#6696,#6697,#6698,#6699));
#1194=EDGE_LOOP('',(#6700,#6701,#6702));
#1195=EDGE_LOOP('',(#6703,#6704,#6705,#6706));
#1196=EDGE_LOOP('',(#6707,#6708,#6709));
#1197=EDGE_LOOP('',(#6710,#6711,#6712,#6713));
#1198=EDGE_LOOP('',(#6714,#6715,#6716));
#1199=EDGE_LOOP('',(#6717,#6718,#6719,#6720));
#1200=EDGE_LOOP('',(#6721,#6722,#6723));
#1201=EDGE_LOOP('',(#6724,#6725,#6726,#6727));
#1202=EDGE_LOOP('',(#6728,#6729,#6730));
#1203=EDGE_LOOP('',(#6731,#6732,#6733,#6734));
#1204=EDGE_LOOP('',(#6735,#6736,#6737));
#1205=EDGE_LOOP('',(#6738,#6739,#6740,#6741));
#1206=EDGE_LOOP('',(#6742,#6743,#6744));
#1207=EDGE_LOOP('',(#6745,#6746,#6747,#6748));
#1208=EDGE_LOOP('',(#6749,#6750,#6751,#6752));
#1209=EDGE_LOOP('',(#6753,#6754,#6755,#6756));
#1210=EDGE_LOOP('',(#6757,#6758,#6759,#6760));
#1211=EDGE_LOOP('',(#6761,#6762,#6763,#6764));
#1212=EDGE_LOOP('',(#6765,#6766,#6767,#6768));
#1213=EDGE_LOOP('',(#6769,#6770,#6771,#6772));
#1214=EDGE_LOOP('',(#6773,#6774,#6775,#6776,#6777,#6778,#6779,#6780,#6781,
#6782));
#1215=EDGE_LOOP('',(#6783,#6784,#6785,#6786,#6787,#6788,#6789,#6790,#6791));
#1216=EDGE_LOOP('',(#6792,#6793,#6794,#6795,#6796));
#1217=EDGE_LOOP('',(#6797,#6798,#6799,#6800,#6801,#6802,#6803,#6804,#6805,
#6806,#6807,#6808,#6809,#6810));
#1218=EDGE_LOOP('',(#6811,#6812,#6813,#6814));
#1219=EDGE_LOOP('',(#6815,#6816,#6817,#6818,#6819));
#1220=EDGE_LOOP('',(#6820,#6821,#6822,#6823,#6824,#6825,#6826,#6827,#6828,
#6829,#6830,#6831,#6832,#6833,#6834,#6835));
#1221=EDGE_LOOP('',(#6836,#6837,#6838,#6839,#6840));
#1222=EDGE_LOOP('',(#6841,#6842,#6843));
#1223=EDGE_LOOP('',(#6844,#6845,#6846,#6847,#6848,#6849,#6850,#6851,#6852));
#1224=EDGE_LOOP('',(#6853,#6854,#6855,#6856,#6857));
#1225=EDGE_LOOP('',(#6858,#6859,#6860));
#1226=EDGE_LOOP('',(#6861,#6862,#6863,#6864));
#1227=EDGE_LOOP('',(#6865,#6866,#6867,#6868,#6869));
#1228=EDGE_LOOP('',(#6870,#6871,#6872,#6873,#6874));
#1229=EDGE_LOOP('',(#6875,#6876,#6877,#6878));
#1230=EDGE_LOOP('',(#6879,#6880,#6881,#6882));
#1231=EDGE_LOOP('',(#6883,#6884,#6885,#6886));
#1232=EDGE_LOOP('',(#6887,#6888,#6889,#6890));
#1233=EDGE_LOOP('',(#6891,#6892,#6893,#6894));
#1234=EDGE_LOOP('',(#6895,#6896,#6897,#6898));
#1235=LINE('',#9914,#2069);
#1236=LINE('',#9921,#2070);
#1237=LINE('',#9928,#2071);
#1238=LINE('',#9935,#2072);
#1239=LINE('',#9941,#2073);
#1240=LINE('',#9943,#2074);
#1241=LINE('',#9945,#2075);
#1242=LINE('',#9946,#2076);
#1243=LINE('',#9952,#2077);
#1244=LINE('',#9955,#2078);
#1245=LINE('',#9957,#2079);
#1246=LINE('',#9958,#2080);
#1247=LINE('',#9964,#2081);
#1248=LINE('',#9967,#2082);
#1249=LINE('',#9969,#2083);
#1250=LINE('',#9970,#2084);
#1251=LINE('',#9976,#2085);
#1252=LINE('',#9979,#2086);
#1253=LINE('',#9981,#2087);
#1254=LINE('',#9982,#2088);
#1255=LINE('',#9989,#2089);
#1256=LINE('',#9993,#2090);
#1257=LINE('',#9997,#2091);
#1258=LINE('',#10001,#2092);
#1259=LINE('',#10006,#2093);
#1260=LINE('',#10008,#2094);
#1261=LINE('',#10010,#2095);
#1262=LINE('',#10011,#2096);
#1263=LINE('',#10014,#2097);
#1264=LINE('',#10016,#2098);
#1265=LINE('',#10017,#2099);
#1266=LINE('',#10020,#2100);
#1267=LINE('',#10022,#2101);
#1268=LINE('',#10023,#2102);
#1269=LINE('',#10026,#2103);
#1270=LINE('',#10028,#2104);
#1271=LINE('',#10029,#2105);
#1272=LINE('',#10032,#2106);
#1273=LINE('',#10034,#2107);
#1274=LINE('',#10035,#2108);
#1275=LINE('',#10038,#2109);
#1276=LINE('',#10040,#2110);
#1277=LINE('',#10041,#2111);
#1278=LINE('',#10044,#2112);
#1279=LINE('',#10046,#2113);
#1280=LINE('',#10047,#2114);
#1281=LINE('',#10050,#2115);
#1282=LINE('',#10052,#2116);
#1283=LINE('',#10053,#2117);
#1284=LINE('',#10056,#2118);
#1285=LINE('',#10058,#2119);
#1286=LINE('',#10059,#2120);
#1287=LINE('',#10061,#2121);
#1288=LINE('',#10062,#2122);
#1289=LINE('',#10066,#2123);
#1290=LINE('',#10067,#2124);
#1291=LINE('',#10068,#2125);
#1292=LINE('',#10072,#2126);
#1293=LINE('',#10075,#2127);
#1294=LINE('',#10076,#2128);
#1295=LINE('',#10080,#2129);
#1296=LINE('',#10083,#2130);
#1297=LINE('',#10084,#2131);
#1298=LINE('',#10088,#2132);
#1299=LINE('',#10091,#2133);
#1300=LINE('',#10092,#2134);
#1301=LINE('',#10100,#2135);
#1302=LINE('',#10102,#2136);
#1303=LINE('',#10104,#2137);
#1304=LINE('',#10105,#2138);
#1305=LINE('',#10108,#2139);
#1306=LINE('',#10110,#2140);
#1307=LINE('',#10111,#2141);
#1308=LINE('',#10114,#2142);
#1309=LINE('',#10116,#2143);
#1310=LINE('',#10117,#2144);
#1311=LINE('',#10119,#2145);
#1312=LINE('',#10120,#2146);
#1313=LINE('',#10125,#2147);
#1314=LINE('',#10130,#2148);
#1315=LINE('',#10132,#2149);
#1316=LINE('',#10134,#2150);
#1317=LINE('',#10135,#2151);
#1318=LINE('',#10138,#2152);
#1319=LINE('',#10140,#2153);
#1320=LINE('',#10141,#2154);
#1321=LINE('',#10144,#2155);
#1322=LINE('',#10146,#2156);
#1323=LINE('',#10147,#2157);
#1324=LINE('',#10149,#2158);
#1325=LINE('',#10150,#2159);
#1326=LINE('',#10154,#2160);
#1327=LINE('',#10156,#2161);
#1328=LINE('',#10158,#2162);
#1329=LINE('',#10159,#2163);
#1330=LINE('',#10162,#2164);
#1331=LINE('',#10164,#2165);
#1332=LINE('',#10165,#2166);
#1333=LINE('',#10168,#2167);
#1334=LINE('',#10170,#2168);
#1335=LINE('',#10171,#2169);
#1336=LINE('',#10173,#2170);
#1337=LINE('',#10174,#2171);
#1338=LINE('',#10178,#2172);
#1339=LINE('',#10180,#2173);
#1340=LINE('',#10182,#2174);
#1341=LINE('',#10183,#2175);
#1342=LINE('',#10186,#2176);
#1343=LINE('',#10188,#2177);
#1344=LINE('',#10189,#2178);
#1345=LINE('',#10192,#2179);
#1346=LINE('',#10194,#2180);
#1347=LINE('',#10195,#2181);
#1348=LINE('',#10198,#2182);
#1349=LINE('',#10200,#2183);
#1350=LINE('',#10201,#2184);
#1351=LINE('',#10204,#2185);
#1352=LINE('',#10206,#2186);
#1353=LINE('',#10207,#2187);
#1354=LINE('',#10210,#2188);
#1355=LINE('',#10212,#2189);
#1356=LINE('',#10213,#2190);
#1357=LINE('',#10216,#2191);
#1358=LINE('',#10218,#2192);
#1359=LINE('',#10219,#2193);
#1360=LINE('',#10221,#2194);
#1361=LINE('',#10222,#2195);
#1362=LINE('',#10226,#2196);
#1363=LINE('',#10228,#2197);
#1364=LINE('',#10230,#2198);
#1365=LINE('',#10231,#2199);
#1366=LINE('',#10234,#2200);
#1367=LINE('',#10236,#2201);
#1368=LINE('',#10237,#2202);
#1369=LINE('',#10240,#2203);
#1370=LINE('',#10242,#2204);
#1371=LINE('',#10243,#2205);
#1372=LINE('',#10246,#2206);
#1373=LINE('',#10248,#2207);
#1374=LINE('',#10249,#2208);
#1375=LINE('',#10252,#2209);
#1376=LINE('',#10254,#2210);
#1377=LINE('',#10255,#2211);
#1378=LINE('',#10258,#2212);
#1379=LINE('',#10260,#2213);
#1380=LINE('',#10261,#2214);
#1381=LINE('',#10264,#2215);
#1382=LINE('',#10266,#2216);
#1383=LINE('',#10267,#2217);
#1384=LINE('',#10269,#2218);
#1385=LINE('',#10270,#2219);
#1386=LINE('',#10274,#2220);
#1387=LINE('',#10276,#2221);
#1388=LINE('',#10278,#2222);
#1389=LINE('',#10279,#2223);
#1390=LINE('',#10282,#2224);
#1391=LINE('',#10284,#2225);
#1392=LINE('',#10285,#2226);
#1393=LINE('',#10288,#2227);
#1394=LINE('',#10290,#2228);
#1395=LINE('',#10291,#2229);
#1396=LINE('',#10293,#2230);
#1397=LINE('',#10294,#2231);
#1398=LINE('',#10298,#2232);
#1399=LINE('',#10300,#2233);
#1400=LINE('',#10302,#2234);
#1401=LINE('',#10303,#2235);
#1402=LINE('',#10306,#2236);
#1403=LINE('',#10308,#2237);
#1404=LINE('',#10309,#2238);
#1405=LINE('',#10312,#2239);
#1406=LINE('',#10314,#2240);
#1407=LINE('',#10315,#2241);
#1408=LINE('',#10317,#2242);
#1409=LINE('',#10318,#2243);
#1410=LINE('',#10322,#2244);
#1411=LINE('',#10324,#2245);
#1412=LINE('',#10326,#2246);
#1413=LINE('',#10327,#2247);
#1414=LINE('',#10330,#2248);
#1415=LINE('',#10332,#2249);
#1416=LINE('',#10333,#2250);
#1417=LINE('',#10336,#2251);
#1418=LINE('',#10338,#2252);
#1419=LINE('',#10339,#2253);
#1420=LINE('',#10341,#2254);
#1421=LINE('',#10342,#2255);
#1422=LINE('',#10346,#2256);
#1423=LINE('',#10348,#2257);
#1424=LINE('',#10350,#2258);
#1425=LINE('',#10351,#2259);
#1426=LINE('',#10354,#2260);
#1427=LINE('',#10356,#2261);
#1428=LINE('',#10357,#2262);
#1429=LINE('',#10360,#2263);
#1430=LINE('',#10362,#2264);
#1431=LINE('',#10363,#2265);
#1432=LINE('',#10365,#2266);
#1433=LINE('',#10366,#2267);
#1434=LINE('',#10371,#2268);
#1435=LINE('',#10377,#2269);
#1436=LINE('',#10382,#2270);
#1437=LINE('',#10384,#2271);
#1438=LINE('',#10386,#2272);
#1439=LINE('',#10387,#2273);
#1440=LINE('',#10390,#2274);
#1441=LINE('',#10392,#2275);
#1442=LINE('',#10393,#2276);
#1443=LINE('',#10396,#2277);
#1444=LINE('',#10398,#2278);
#1445=LINE('',#10399,#2279);
#1446=LINE('',#10401,#2280);
#1447=LINE('',#10402,#2281);
#1448=LINE('',#10408,#2282);
#1449=LINE('',#10411,#2283);
#1450=LINE('',#10414,#2284);
#1451=LINE('',#10416,#2285);
#1452=LINE('',#10417,#2286);
#1453=LINE('',#10420,#2287);
#1454=LINE('',#10422,#2288);
#1455=LINE('',#10423,#2289);
#1456=LINE('',#10426,#2290);
#1457=LINE('',#10428,#2291);
#1458=LINE('',#10429,#2292);
#1459=LINE('',#10435,#2293);
#1460=LINE('',#10438,#2294);
#1461=LINE('',#10440,#2295);
#1462=LINE('',#10441,#2296);
#1463=LINE('',#10447,#2297);
#1464=LINE('',#10450,#2298);
#1465=LINE('',#10452,#2299);
#1466=LINE('',#10453,#2300);
#1467=LINE('',#10456,#2301);
#1468=LINE('',#10458,#2302);
#1469=LINE('',#10459,#2303);
#1470=LINE('',#10462,#2304);
#1471=LINE('',#10464,#2305);
#1472=LINE('',#10465,#2306);
#1473=LINE('',#10468,#2307);
#1474=LINE('',#10470,#2308);
#1475=LINE('',#10471,#2309);
#1476=LINE('',#10477,#2310);
#1477=LINE('',#10480,#2311);
#1478=LINE('',#10482,#2312);
#1479=LINE('',#10483,#2313);
#1480=LINE('',#10489,#2314);
#1481=LINE('',#10492,#2315);
#1482=LINE('',#10494,#2316);
#1483=LINE('',#10495,#2317);
#1484=LINE('',#10501,#2318);
#1485=LINE('',#10504,#2319);
#1486=LINE('',#10506,#2320);
#1487=LINE('',#10507,#2321);
#1488=LINE('',#10513,#2322);
#1489=LINE('',#10516,#2323);
#1490=LINE('',#10518,#2324);
#1491=LINE('',#10519,#2325);
#1492=LINE('',#10522,#2326);
#1493=LINE('',#10524,#2327);
#1494=LINE('',#10525,#2328);
#1495=LINE('',#10528,#2329);
#1496=LINE('',#10530,#2330);
#1497=LINE('',#10531,#2331);
#1498=LINE('',#10534,#2332);
#1499=LINE('',#10536,#2333);
#1500=LINE('',#10537,#2334);
#1501=LINE('',#10540,#2335);
#1502=LINE('',#10542,#2336);
#1503=LINE('',#10543,#2337);
#1504=LINE('',#10546,#2338);
#1505=LINE('',#10548,#2339);
#1506=LINE('',#10549,#2340);
#1507=LINE('',#10552,#2341);
#1508=LINE('',#10554,#2342);
#1509=LINE('',#10555,#2343);
#1510=LINE('',#10558,#2344);
#1511=LINE('',#10560,#2345);
#1512=LINE('',#10561,#2346);
#1513=LINE('',#10564,#2347);
#1514=LINE('',#10566,#2348);
#1515=LINE('',#10567,#2349);
#1516=LINE('',#10570,#2350);
#1517=LINE('',#10572,#2351);
#1518=LINE('',#10573,#2352);
#1519=LINE('',#10576,#2353);
#1520=LINE('',#10578,#2354);
#1521=LINE('',#10579,#2355);
#1522=LINE('',#10582,#2356);
#1523=LINE('',#10584,#2357);
#1524=LINE('',#10585,#2358);
#1525=LINE('',#10588,#2359);
#1526=LINE('',#10590,#2360);
#1527=LINE('',#10591,#2361);
#1528=LINE('',#10594,#2362);
#1529=LINE('',#10596,#2363);
#1530=LINE('',#10597,#2364);
#1531=LINE('',#10600,#2365);
#1532=LINE('',#10602,#2366);
#1533=LINE('',#10603,#2367);
#1534=LINE('',#10606,#2368);
#1535=LINE('',#10608,#2369);
#1536=LINE('',#10609,#2370);
#1537=LINE('',#10612,#2371);
#1538=LINE('',#10614,#2372);
#1539=LINE('',#10615,#2373);
#1540=LINE('',#10621,#2374);
#1541=LINE('',#10624,#2375);
#1542=LINE('',#10626,#2376);
#1543=LINE('',#10627,#2377);
#1544=LINE('',#10630,#2378);
#1545=LINE('',#10632,#2379);
#1546=LINE('',#10633,#2380);
#1547=LINE('',#10636,#2381);
#1548=LINE('',#10638,#2382);
#1549=LINE('',#10639,#2383);
#1550=LINE('',#10642,#2384);
#1551=LINE('',#10644,#2385);
#1552=LINE('',#10645,#2386);
#1553=LINE('',#10648,#2387);
#1554=LINE('',#10650,#2388);
#1555=LINE('',#10651,#2389);
#1556=LINE('',#10657,#2390);
#1557=LINE('',#10660,#2391);
#1558=LINE('',#10662,#2392);
#1559=LINE('',#10663,#2393);
#1560=LINE('',#10666,#2394);
#1561=LINE('',#10668,#2395);
#1562=LINE('',#10669,#2396);
#1563=LINE('',#10675,#2397);
#1564=LINE('',#10678,#2398);
#1565=LINE('',#10680,#2399);
#1566=LINE('',#10681,#2400);
#1567=LINE('',#10684,#2401);
#1568=LINE('',#10686,#2402);
#1569=LINE('',#10687,#2403);
#1570=LINE('',#10693,#2404);
#1571=LINE('',#10696,#2405);
#1572=LINE('',#10698,#2406);
#1573=LINE('',#10699,#2407);
#1574=LINE('',#10702,#2408);
#1575=LINE('',#10704,#2409);
#1576=LINE('',#10705,#2410);
#1577=LINE('',#10708,#2411);
#1578=LINE('',#10710,#2412);
#1579=LINE('',#10711,#2413);
#1580=LINE('',#10714,#2414);
#1581=LINE('',#10716,#2415);
#1582=LINE('',#10717,#2416);
#1583=LINE('',#10720,#2417);
#1584=LINE('',#10722,#2418);
#1585=LINE('',#10723,#2419);
#1586=LINE('',#10726,#2420);
#1587=LINE('',#10728,#2421);
#1588=LINE('',#10729,#2422);
#1589=LINE('',#10732,#2423);
#1590=LINE('',#10734,#2424);
#1591=LINE('',#10735,#2425);
#1592=LINE('',#10738,#2426);
#1593=LINE('',#10740,#2427);
#1594=LINE('',#10741,#2428);
#1595=LINE('',#10744,#2429);
#1596=LINE('',#10746,#2430);
#1597=LINE('',#10747,#2431);
#1598=LINE('',#10750,#2432);
#1599=LINE('',#10752,#2433);
#1600=LINE('',#10753,#2434);
#1601=LINE('',#10756,#2435);
#1602=LINE('',#10758,#2436);
#1603=LINE('',#10759,#2437);
#1604=LINE('',#10765,#2438);
#1605=LINE('',#10768,#2439);
#1606=LINE('',#10770,#2440);
#1607=LINE('',#10771,#2441);
#1608=LINE('',#10774,#2442);
#1609=LINE('',#10776,#2443);
#1610=LINE('',#10777,#2444);
#1611=LINE('',#10783,#2445);
#1612=LINE('',#10786,#2446);
#1613=LINE('',#10788,#2447);
#1614=LINE('',#10789,#2448);
#1615=LINE('',#10795,#2449);
#1616=LINE('',#10801,#2450);
#1617=LINE('',#10804,#2451);
#1618=LINE('',#10806,#2452);
#1619=LINE('',#10807,#2453);
#1620=LINE('',#10813,#2454);
#1621=LINE('',#10816,#2455);
#1622=LINE('',#10818,#2456);
#1623=LINE('',#10819,#2457);
#1624=LINE('',#10822,#2458);
#1625=LINE('',#10824,#2459);
#1626=LINE('',#10825,#2460);
#1627=LINE('',#10831,#2461);
#1628=LINE('',#10834,#2462);
#1629=LINE('',#10836,#2463);
#1630=LINE('',#10837,#2464);
#1631=LINE('',#10840,#2465);
#1632=LINE('',#10842,#2466);
#1633=LINE('',#10843,#2467);
#1634=LINE('',#10849,#2468);
#1635=LINE('',#10852,#2469);
#1636=LINE('',#10854,#2470);
#1637=LINE('',#10855,#2471);
#1638=LINE('',#10858,#2472);
#1639=LINE('',#10860,#2473);
#1640=LINE('',#10861,#2474);
#1641=LINE('',#10864,#2475);
#1642=LINE('',#10866,#2476);
#1643=LINE('',#10867,#2477);
#1644=LINE('',#10870,#2478);
#1645=LINE('',#10872,#2479);
#1646=LINE('',#10873,#2480);
#1647=LINE('',#10876,#2481);
#1648=LINE('',#10878,#2482);
#1649=LINE('',#10879,#2483);
#1650=LINE('',#10882,#2484);
#1651=LINE('',#10884,#2485);
#1652=LINE('',#10885,#2486);
#1653=LINE('',#10888,#2487);
#1654=LINE('',#10890,#2488);
#1655=LINE('',#10891,#2489);
#1656=LINE('',#10894,#2490);
#1657=LINE('',#10896,#2491);
#1658=LINE('',#10897,#2492);
#1659=LINE('',#10899,#2493);
#1660=LINE('',#10900,#2494);
#1661=LINE('',#10907,#2495);
#1662=LINE('',#10913,#2496);
#1663=LINE('',#10919,#2497);
#1664=LINE('',#10925,#2498);
#1665=LINE('',#10931,#2499);
#1666=LINE('',#10940,#2500);
#1667=LINE('',#10949,#2501);
#1668=LINE('',#10958,#2502);
#1669=LINE('',#10966,#2503);
#1670=LINE('',#10968,#2504);
#1671=LINE('',#10970,#2505);
#1672=LINE('',#10971,#2506);
#1673=LINE('',#10977,#2507);
#1674=LINE('',#10980,#2508);
#1675=LINE('',#10982,#2509);
#1676=LINE('',#10983,#2510);
#1677=LINE('',#10988,#2511);
#1678=LINE('',#10989,#2512);
#1679=LINE('',#10994,#2513);
#1680=LINE('',#10996,#2514);
#1681=LINE('',#11000,#2515);
#1682=LINE('',#11004,#2516);
#1683=LINE('',#11006,#2517);
#1684=LINE('',#11008,#2518);
#1685=LINE('',#11010,#2519);
#1686=LINE('',#11012,#2520);
#1687=LINE('',#11014,#2521);
#1688=LINE('',#11016,#2522);
#1689=LINE('',#11018,#2523);
#1690=LINE('',#11020,#2524);
#1691=LINE('',#11022,#2525);
#1692=LINE('',#11026,#2526);
#1693=LINE('',#11028,#2527);
#1694=LINE('',#11032,#2528);
#1695=LINE('',#11036,#2529);
#1696=LINE('',#11038,#2530);
#1697=LINE('',#11040,#2531);
#1698=LINE('',#11044,#2532);
#1699=LINE('',#11048,#2533);
#1700=LINE('',#11050,#2534);
#1701=LINE('',#11054,#2535);
#1702=LINE('',#11056,#2536);
#1703=LINE('',#11060,#2537);
#1704=LINE('',#11066,#2538);
#1705=LINE('',#11070,#2539);
#1706=LINE('',#11072,#2540);
#1707=LINE('',#11076,#2541);
#1708=LINE('',#11078,#2542);
#1709=LINE('',#11082,#2543);
#1710=LINE('',#11084,#2544);
#1711=LINE('',#11088,#2545);
#1712=LINE('',#11090,#2546);
#1713=LINE('',#11092,#2547);
#1714=LINE('',#11096,#2548);
#1715=LINE('',#11100,#2549);
#1716=LINE('',#11102,#2550);
#1717=LINE('',#11104,#2551);
#1718=LINE('',#11108,#2552);
#1719=LINE('',#11112,#2553);
#1720=LINE('',#11113,#2554);
#1721=LINE('',#11118,#2555);
#1722=LINE('',#11122,#2556);
#1723=LINE('',#11126,#2557);
#1724=LINE('',#11129,#2558);
#1725=LINE('',#11136,#2559);
#1726=LINE('',#11140,#2560);
#1727=LINE('',#11144,#2561);
#1728=LINE('',#11147,#2562);
#1729=LINE('',#11154,#2563);
#1730=LINE('',#11158,#2564);
#1731=LINE('',#11162,#2565);
#1732=LINE('',#11165,#2566);
#1733=LINE('',#11169,#2567);
#1734=LINE('',#11172,#2568);
#1735=LINE('',#11174,#2569);
#1736=LINE('',#11175,#2570);
#1737=LINE('',#11179,#2571);
#1738=LINE('',#11182,#2572);
#1739=LINE('',#11183,#2573);
#1740=LINE('',#11187,#2574);
#1741=LINE('',#11190,#2575);
#1742=LINE('',#11191,#2576);
#1743=LINE('',#11195,#2577);
#1744=LINE('',#11198,#2578);
#1745=LINE('',#11199,#2579);
#1746=LINE('',#11203,#2580);
#1747=LINE('',#11206,#2581);
#1748=LINE('',#11208,#2582);
#1749=LINE('',#11209,#2583);
#1750=LINE('',#11213,#2584);
#1751=LINE('',#11216,#2585);
#1752=LINE('',#11217,#2586);
#1753=LINE('',#11221,#2587);
#1754=LINE('',#11224,#2588);
#1755=LINE('',#11225,#2589);
#1756=LINE('',#11229,#2590);
#1757=LINE('',#11232,#2591);
#1758=LINE('',#11233,#2592);
#1759=LINE('',#11237,#2593);
#1760=LINE('',#11239,#2594);
#1761=LINE('',#11242,#2595);
#1762=LINE('',#11244,#2596);
#1763=LINE('',#11245,#2597);
#1764=LINE('',#11249,#2598);
#1765=LINE('',#11252,#2599);
#1766=LINE('',#11253,#2600);
#1767=LINE('',#11257,#2601);
#1768=LINE('',#11260,#2602);
#1769=LINE('',#11261,#2603);
#1770=LINE('',#11265,#2604);
#1771=LINE('',#11268,#2605);
#1772=LINE('',#11269,#2606);
#1773=LINE('',#11274,#2607);
#1774=LINE('',#11277,#2608);
#1775=LINE('',#11280,#2609);
#1776=LINE('',#11281,#2610);
#1777=LINE('',#11285,#2611);
#1778=LINE('',#11288,#2612);
#1779=LINE('',#11289,#2613);
#1780=LINE('',#11292,#2614);
#1781=LINE('',#11293,#2615);
#1782=LINE('',#11296,#2616);
#1783=LINE('',#11297,#2617);
#1784=LINE('',#11301,#2618);
#1785=LINE('',#11304,#2619);
#1786=LINE('',#11305,#2620);
#1787=LINE('',#11309,#2621);
#1788=LINE('',#11312,#2622);
#1789=LINE('',#11313,#2623);
#1790=LINE('',#11316,#2624);
#1791=LINE('',#11317,#2625);
#1792=LINE('',#11321,#2626);
#1793=LINE('',#11324,#2627);
#1794=LINE('',#11325,#2628);
#1795=LINE('',#11328,#2629);
#1796=LINE('',#11329,#2630);
#1797=LINE('',#11333,#2631);
#1798=LINE('',#11336,#2632);
#1799=LINE('',#11337,#2633);
#1800=LINE('',#11341,#2634);
#1801=LINE('',#11344,#2635);
#1802=LINE('',#11345,#2636);
#1803=LINE('',#11348,#2637);
#1804=LINE('',#11349,#2638);
#1805=LINE('',#11352,#2639);
#1806=LINE('',#11353,#2640);
#1807=LINE('',#11356,#2641);
#1808=LINE('',#11357,#2642);
#1809=LINE('',#11360,#2643);
#1810=LINE('',#11361,#2644);
#1811=LINE('',#11364,#2645);
#1812=LINE('',#11365,#2646);
#1813=LINE('',#11368,#2647);
#1814=LINE('',#11369,#2648);
#1815=LINE('',#11372,#2649);
#1816=LINE('',#11373,#2650);
#1817=LINE('',#11376,#2651);
#1818=LINE('',#11377,#2652);
#1819=LINE('',#11380,#2653);
#1820=LINE('',#11381,#2654);
#1821=LINE('',#11385,#2655);
#1822=LINE('',#11388,#2656);
#1823=LINE('',#11389,#2657);
#1824=LINE('',#11392,#2658);
#1825=LINE('',#11393,#2659);
#1826=LINE('',#11397,#2660);
#1827=LINE('',#11400,#2661);
#1828=LINE('',#11401,#2662);
#1829=LINE('',#11405,#2663);
#1830=LINE('',#11408,#2664);
#1831=LINE('',#11409,#2665);
#1832=LINE('',#11412,#2666);
#1833=LINE('',#11413,#2667);
#1834=LINE('',#11416,#2668);
#1835=LINE('',#11417,#2669);
#1836=LINE('',#11421,#2670);
#1837=LINE('',#11424,#2671);
#1838=LINE('',#11425,#2672);
#1839=LINE('',#11429,#2673);
#1840=LINE('',#11432,#2674);
#1841=LINE('',#11433,#2675);
#1842=LINE('',#11436,#2676);
#1843=LINE('',#11437,#2677);
#1844=LINE('',#11441,#2678);
#1845=LINE('',#11444,#2679);
#1846=LINE('',#11445,#2680);
#1847=LINE('',#11448,#2681);
#1848=LINE('',#11449,#2682);
#1849=LINE('',#11453,#2683);
#1850=LINE('',#11456,#2684);
#1851=LINE('',#11457,#2685);
#1852=LINE('',#11461,#2686);
#1853=LINE('',#11465,#2687);
#1854=LINE('',#11468,#2688);
#1855=LINE('',#11469,#2689);
#1856=LINE('',#11473,#2690);
#1857=LINE('',#11476,#2691);
#1858=LINE('',#11477,#2692);
#1859=LINE('',#11480,#2693);
#1860=LINE('',#11481,#2694);
#1861=LINE('',#11485,#2695);
#1862=LINE('',#11488,#2696);
#1863=LINE('',#11489,#2697);
#1864=LINE('',#11492,#2698);
#1865=LINE('',#11493,#2699);
#1866=LINE('',#11497,#2700);
#1867=LINE('',#11500,#2701);
#1868=LINE('',#11501,#2702);
#1869=LINE('',#11504,#2703);
#1870=LINE('',#11505,#2704);
#1871=LINE('',#11509,#2705);
#1872=LINE('',#11512,#2706);
#1873=LINE('',#11513,#2707);
#1874=LINE('',#11516,#2708);
#1875=LINE('',#11517,#2709);
#1876=LINE('',#11519,#2710);
#1877=LINE('',#11526,#2711);
#1878=LINE('',#11528,#2712);
#1879=LINE('',#11529,#2713);
#1880=LINE('',#11532,#2714);
#1881=LINE('',#11534,#2715);
#1882=LINE('',#11536,#2716);
#1883=LINE('',#11538,#2717);
#1884=LINE('',#11540,#2718);
#1885=LINE('',#11542,#2719);
#1886=LINE('',#11544,#2720);
#1887=LINE('',#11546,#2721);
#1888=LINE('',#11550,#2722);
#1889=LINE('',#11562,#2723);
#1890=LINE('',#11568,#2724);
#1891=LINE('',#11572,#2725);
#1892=LINE('',#11574,#2726);
#1893=LINE('',#11576,#2727);
#1894=LINE('',#11578,#2728);
#1895=LINE('',#11580,#2729);
#1896=LINE('',#11582,#2730);
#1897=LINE('',#11583,#2731);
#1898=LINE('',#11597,#2732);
#1899=LINE('',#11602,#2733);
#1900=LINE('',#11605,#2734);
#1901=LINE('',#11608,#2735);
#1902=LINE('',#11611,#2736);
#1903=LINE('',#11619,#2737);
#1904=LINE('',#11621,#2738);
#1905=LINE('',#11623,#2739);
#1906=LINE('',#11625,#2740);
#1907=LINE('',#11627,#2741);
#1908=LINE('',#11629,#2742);
#1909=LINE('',#11631,#2743);
#1910=LINE('',#11633,#2744);
#1911=LINE('',#11648,#2745);
#1912=LINE('',#11653,#2746);
#1913=LINE('',#11659,#2747);
#1914=LINE('',#11661,#2748);
#1915=LINE('',#11663,#2749);
#1916=LINE('',#11665,#2750);
#1917=LINE('',#11667,#2751);
#1918=LINE('',#11669,#2752);
#1919=LINE('',#11670,#2753);
#1920=LINE('',#11673,#2754);
#1921=LINE('',#11675,#2755);
#1922=LINE('',#11677,#2756);
#1923=LINE('',#11678,#2757);
#1924=LINE('',#11681,#2758);
#1925=LINE('',#11683,#2759);
#1926=LINE('',#11685,#2760);
#1927=LINE('',#11686,#2761);
#1928=LINE('',#11689,#2762);
#1929=LINE('',#11691,#2763);
#1930=LINE('',#11693,#2764);
#1931=LINE('',#11694,#2765);
#1932=LINE('',#11697,#2766);
#1933=LINE('',#11699,#2767);
#1934=LINE('',#11701,#2768);
#1935=LINE('',#11702,#2769);
#1936=LINE('',#11705,#2770);
#1937=LINE('',#11707,#2771);
#1938=LINE('',#11709,#2772);
#1939=LINE('',#11710,#2773);
#1940=LINE('',#11713,#2774);
#1941=LINE('',#11715,#2775);
#1942=LINE('',#11717,#2776);
#1943=LINE('',#11718,#2777);
#1944=LINE('',#11721,#2778);
#1945=LINE('',#11723,#2779);
#1946=LINE('',#11725,#2780);
#1947=LINE('',#11726,#2781);
#1948=LINE('',#11729,#2782);
#1949=LINE('',#11731,#2783);
#1950=LINE('',#11733,#2784);
#1951=LINE('',#11734,#2785);
#1952=LINE('',#11737,#2786);
#1953=LINE('',#11739,#2787);
#1954=LINE('',#11741,#2788);
#1955=LINE('',#11742,#2789);
#1956=LINE('',#11745,#2790);
#1957=LINE('',#11747,#2791);
#1958=LINE('',#11749,#2792);
#1959=LINE('',#11750,#2793);
#1960=LINE('',#11753,#2794);
#1961=LINE('',#11757,#2795);
#1962=LINE('',#11765,#2796);
#1963=LINE('',#11769,#2797);
#1964=LINE('',#11772,#2798);
#1965=LINE('',#11774,#2799);
#1966=LINE('',#11775,#2800);
#1967=LINE('',#11777,#2801);
#1968=LINE('',#11779,#2802);
#1969=LINE('',#11783,#2803);
#1970=LINE('',#11785,#2804);
#1971=LINE('',#11786,#2805);
#1972=LINE('',#11788,#2806);
#1973=LINE('',#11790,#2807);
#1974=LINE('',#11794,#2808);
#1975=LINE('',#11796,#2809);
#1976=LINE('',#11797,#2810);
#1977=LINE('',#11799,#2811);
#1978=LINE('',#11801,#2812);
#1979=LINE('',#11805,#2813);
#1980=LINE('',#11807,#2814);
#1981=LINE('',#11808,#2815);
#1982=LINE('',#11810,#2816);
#1983=LINE('',#11812,#2817);
#1984=LINE('',#11816,#2818);
#1985=LINE('',#11818,#2819);
#1986=LINE('',#11819,#2820);
#1987=LINE('',#11821,#2821);
#1988=LINE('',#11823,#2822);
#1989=LINE('',#11827,#2823);
#1990=LINE('',#11829,#2824);
#1991=LINE('',#11830,#2825);
#1992=LINE('',#11832,#2826);
#1993=LINE('',#11834,#2827);
#1994=LINE('',#11838,#2828);
#1995=LINE('',#11840,#2829);
#1996=LINE('',#11841,#2830);
#1997=LINE('',#11843,#2831);
#1998=LINE('',#11845,#2832);
#1999=LINE('',#11849,#2833);
#2000=LINE('',#11851,#2834);
#2001=LINE('',#11852,#2835);
#2002=LINE('',#11854,#2836);
#2003=LINE('',#11856,#2837);
#2004=LINE('',#11860,#2838);
#2005=LINE('',#11862,#2839);
#2006=LINE('',#11863,#2840);
#2007=LINE('',#11865,#2841);
#2008=LINE('',#11867,#2842);
#2009=LINE('',#11871,#2843);
#2010=LINE('',#11873,#2844);
#2011=LINE('',#11874,#2845);
#2012=LINE('',#11876,#2846);
#2013=LINE('',#11878,#2847);
#2014=LINE('',#11882,#2848);
#2015=LINE('',#11884,#2849);
#2016=LINE('',#11885,#2850);
#2017=LINE('',#11888,#2851);
#2018=LINE('',#11889,#2852);
#2019=LINE('',#11892,#2853);
#2020=LINE('',#11893,#2854);
#2021=LINE('',#11896,#2855);
#2022=LINE('',#11897,#2856);
#2023=LINE('',#11899,#2857);
#2024=LINE('',#11902,#2858);
#2025=LINE('',#11903,#2859);
#2026=LINE('',#11905,#2860);
#2027=LINE('',#11945,#2861);
#2028=LINE('',#11952,#2862);
#2029=LINE('',#11955,#2863);
#2030=LINE('',#11958,#2864);
#2031=LINE('',#11960,#2865);
#2032=LINE('',#11962,#2866);
#2033=LINE('',#11964,#2867);
#2034=LINE('',#11970,#2868);
#2035=LINE('',#11972,#2869);
#2036=LINE('',#11974,#2870);
#2037=LINE('',#11976,#2871);
#2038=LINE('',#11978,#2872);
#2039=LINE('',#11980,#2873);
#2040=LINE('',#11981,#2874);
#2041=LINE('',#11986,#2875);
#2042=LINE('',#11987,#2876);
#2043=LINE('',#12001,#2877);
#2044=LINE('',#12017,#2878);
#2045=LINE('',#12019,#2879);
#2046=LINE('',#12021,#2880);
#2047=LINE('',#12023,#2881);
#2048=LINE('',#12025,#2882);
#2049=LINE('',#12027,#2883);
#2050=LINE('',#12029,#2884);
#2051=LINE('',#12038,#2885);
#2052=LINE('',#12039,#2886);
#2053=LINE('',#12042,#2887);
#2054=LINE('',#12043,#2888);
#2055=LINE('',#12046,#2889);
#2056=LINE('',#12049,#2890);
#2057=LINE('',#12054,#2891);
#2058=LINE('',#12055,#2892);
#2059=LINE('',#12058,#2893);
#2060=LINE('',#12060,#2894);
#2061=LINE('',#12061,#2895);
#2062=LINE('',#12064,#2896);
#2063=LINE('',#12065,#2897);
#2064=LINE('',#12068,#2898);
#2065=LINE('',#12069,#2899);
#2066=LINE('',#12071,#2900);
#2067=LINE('',#12074,#2901);
#2068=LINE('',#12077,#2902);
#2069=VECTOR('',#7945,2.20000000000001);
#2070=VECTOR('',#7954,2.20000000000001);
#2071=VECTOR('',#7963,2.20000000000001);
#2072=VECTOR('',#7972,2.20000000000001);
#2073=VECTOR('',#7979,10.);
#2074=VECTOR('',#7980,10.);
#2075=VECTOR('',#7981,10.);
#2076=VECTOR('',#7982,10.);
#2077=VECTOR('',#7989,10.);
#2078=VECTOR('',#7992,10.);
#2079=VECTOR('',#7993,10.);
#2080=VECTOR('',#7994,10.);
#2081=VECTOR('',#8001,10.);
#2082=VECTOR('',#8004,10.);
#2083=VECTOR('',#8005,10.);
#2084=VECTOR('',#8006,10.);
#2085=VECTOR('',#8013,10.);
#2086=VECTOR('',#8016,10.);
#2087=VECTOR('',#8017,10.);
#2088=VECTOR('',#8018,10.);
#2089=VECTOR('',#8027,10.);
#2090=VECTOR('',#8030,10.);
#2091=VECTOR('',#8033,10.);
#2092=VECTOR('',#8036,10.);
#2093=VECTOR('',#8041,10.);
#2094=VECTOR('',#8042,10.);
#2095=VECTOR('',#8043,10.);
#2096=VECTOR('',#8044,10.);
#2097=VECTOR('',#8047,10.);
#2098=VECTOR('',#8048,10.);
#2099=VECTOR('',#8049,10.);
#2100=VECTOR('',#8052,10.);
#2101=VECTOR('',#8053,10.);
#2102=VECTOR('',#8054,10.);
#2103=VECTOR('',#8057,10.);
#2104=VECTOR('',#8058,10.);
#2105=VECTOR('',#8059,10.);
#2106=VECTOR('',#8062,10.);
#2107=VECTOR('',#8063,10.);
#2108=VECTOR('',#8064,10.);
#2109=VECTOR('',#8067,10.);
#2110=VECTOR('',#8068,10.);
#2111=VECTOR('',#8069,10.);
#2112=VECTOR('',#8072,10.);
#2113=VECTOR('',#8073,10.);
#2114=VECTOR('',#8074,10.);
#2115=VECTOR('',#8077,10.);
#2116=VECTOR('',#8078,10.);
#2117=VECTOR('',#8079,10.);
#2118=VECTOR('',#8082,10.);
#2119=VECTOR('',#8083,10.);
#2120=VECTOR('',#8084,10.);
#2121=VECTOR('',#8087,10.);
#2122=VECTOR('',#8088,10.);
#2123=VECTOR('',#8091,10.);
#2124=VECTOR('',#8092,10.);
#2125=VECTOR('',#8093,10.);
#2126=VECTOR('',#8098,10.);
#2127=VECTOR('',#8101,10.);
#2128=VECTOR('',#8102,10.);
#2129=VECTOR('',#8107,10.);
#2130=VECTOR('',#8110,10.);
#2131=VECTOR('',#8111,10.);
#2132=VECTOR('',#8116,10.);
#2133=VECTOR('',#8119,10.);
#2134=VECTOR('',#8120,10.);
#2135=VECTOR('',#8131,10.);
#2136=VECTOR('',#8132,10.);
#2137=VECTOR('',#8133,10.);
#2138=VECTOR('',#8134,10.);
#2139=VECTOR('',#8137,10.);
#2140=VECTOR('',#8138,10.);
#2141=VECTOR('',#8139,10.);
#2142=VECTOR('',#8142,10.);
#2143=VECTOR('',#8143,10.);
#2144=VECTOR('',#8144,10.);
#2145=VECTOR('',#8147,10.);
#2146=VECTOR('',#8148,10.);
#2147=VECTOR('',#8153,1.75000000000001);
#2148=VECTOR('',#8158,10.);
#2149=VECTOR('',#8159,10.);
#2150=VECTOR('',#8160,10.);
#2151=VECTOR('',#8161,10.);
#2152=VECTOR('',#8164,10.);
#2153=VECTOR('',#8165,10.);
#2154=VECTOR('',#8166,10.);
#2155=VECTOR('',#8169,10.);
#2156=VECTOR('',#8170,10.);
#2157=VECTOR('',#8171,10.);
#2158=VECTOR('',#8174,10.);
#2159=VECTOR('',#8175,10.);
#2160=VECTOR('',#8178,10.);
#2161=VECTOR('',#8179,10.);
#2162=VECTOR('',#8180,10.);
#2163=VECTOR('',#8181,10.);
#2164=VECTOR('',#8184,10.);
#2165=VECTOR('',#8185,10.);
#2166=VECTOR('',#8186,10.);
#2167=VECTOR('',#8189,10.);
#2168=VECTOR('',#8190,10.);
#2169=VECTOR('',#8191,10.);
#2170=VECTOR('',#8194,10.);
#2171=VECTOR('',#8195,10.);
#2172=VECTOR('',#8198,10.);
#2173=VECTOR('',#8199,10.);
#2174=VECTOR('',#8200,10.);
#2175=VECTOR('',#8201,10.);
#2176=VECTOR('',#8204,10.);
#2177=VECTOR('',#8205,10.);
#2178=VECTOR('',#8206,10.);
#2179=VECTOR('',#8209,10.);
#2180=VECTOR('',#8210,10.);
#2181=VECTOR('',#8211,10.);
#2182=VECTOR('',#8214,10.);
#2183=VECTOR('',#8215,10.);
#2184=VECTOR('',#8216,10.);
#2185=VECTOR('',#8219,10.);
#2186=VECTOR('',#8220,10.);
#2187=VECTOR('',#8221,10.);
#2188=VECTOR('',#8224,10.);
#2189=VECTOR('',#8225,10.);
#2190=VECTOR('',#8226,10.);
#2191=VECTOR('',#8229,10.);
#2192=VECTOR('',#8230,10.);
#2193=VECTOR('',#8231,10.);
#2194=VECTOR('',#8234,10.);
#2195=VECTOR('',#8235,10.);
#2196=VECTOR('',#8238,10.);
#2197=VECTOR('',#8239,10.);
#2198=VECTOR('',#8240,10.);
#2199=VECTOR('',#8241,10.);
#2200=VECTOR('',#8244,10.);
#2201=VECTOR('',#8245,10.);
#2202=VECTOR('',#8246,10.);
#2203=VECTOR('',#8249,10.);
#2204=VECTOR('',#8250,10.);
#2205=VECTOR('',#8251,10.);
#2206=VECTOR('',#8254,10.);
#2207=VECTOR('',#8255,10.);
#2208=VECTOR('',#8256,10.);
#2209=VECTOR('',#8259,10.);
#2210=VECTOR('',#8260,10.);
#2211=VECTOR('',#8261,10.);
#2212=VECTOR('',#8264,10.);
#2213=VECTOR('',#8265,10.);
#2214=VECTOR('',#8266,10.);
#2215=VECTOR('',#8269,10.);
#2216=VECTOR('',#8270,10.);
#2217=VECTOR('',#8271,10.);
#2218=VECTOR('',#8274,10.);
#2219=VECTOR('',#8275,10.);
#2220=VECTOR('',#8278,10.);
#2221=VECTOR('',#8279,10.);
#2222=VECTOR('',#8280,10.);
#2223=VECTOR('',#8281,10.);
#2224=VECTOR('',#8284,10.);
#2225=VECTOR('',#8285,10.);
#2226=VECTOR('',#8286,10.);
#2227=VECTOR('',#8289,10.);
#2228=VECTOR('',#8290,10.);
#2229=VECTOR('',#8291,10.);
#2230=VECTOR('',#8294,10.);
#2231=VECTOR('',#8295,10.);
#2232=VECTOR('',#8298,10.);
#2233=VECTOR('',#8299,10.);
#2234=VECTOR('',#8300,10.);
#2235=VECTOR('',#8301,10.);
#2236=VECTOR('',#8304,10.);
#2237=VECTOR('',#8305,10.);
#2238=VECTOR('',#8306,10.);
#2239=VECTOR('',#8309,10.);
#2240=VECTOR('',#8310,10.);
#2241=VECTOR('',#8311,10.);
#2242=VECTOR('',#8314,10.);
#2243=VECTOR('',#8315,10.);
#2244=VECTOR('',#8318,10.);
#2245=VECTOR('',#8319,10.);
#2246=VECTOR('',#8320,10.);
#2247=VECTOR('',#8321,10.);
#2248=VECTOR('',#8324,10.);
#2249=VECTOR('',#8325,10.);
#2250=VECTOR('',#8326,10.);
#2251=VECTOR('',#8329,10.);
#2252=VECTOR('',#8330,10.);
#2253=VECTOR('',#8331,10.);
#2254=VECTOR('',#8334,10.);
#2255=VECTOR('',#8335,10.);
#2256=VECTOR('',#8338,10.);
#2257=VECTOR('',#8339,10.);
#2258=VECTOR('',#8340,10.);
#2259=VECTOR('',#8341,10.);
#2260=VECTOR('',#8344,10.);
#2261=VECTOR('',#8345,10.);
#2262=VECTOR('',#8346,10.);
#2263=VECTOR('',#8349,10.);
#2264=VECTOR('',#8350,10.);
#2265=VECTOR('',#8351,10.);
#2266=VECTOR('',#8354,10.);
#2267=VECTOR('',#8355,10.);
#2268=VECTOR('',#8360,1.75000000000001);
#2269=VECTOR('',#8367,1.75000000000001);
#2270=VECTOR('',#8372,10.);
#2271=VECTOR('',#8373,10.);
#2272=VECTOR('',#8374,10.);
#2273=VECTOR('',#8375,10.);
#2274=VECTOR('',#8378,10.);
#2275=VECTOR('',#8379,10.);
#2276=VECTOR('',#8380,10.);
#2277=VECTOR('',#8383,10.);
#2278=VECTOR('',#8384,10.);
#2279=VECTOR('',#8385,10.);
#2280=VECTOR('',#8388,10.);
#2281=VECTOR('',#8389,10.);
#2282=VECTOR('',#8394,10.);
#2283=VECTOR('',#8397,10.);
#2284=VECTOR('',#8400,10.);
#2285=VECTOR('',#8401,10.);
#2286=VECTOR('',#8402,10.);
#2287=VECTOR('',#8405,10.);
#2288=VECTOR('',#8406,10.);
#2289=VECTOR('',#8407,10.);
#2290=VECTOR('',#8410,10.);
#2291=VECTOR('',#8411,10.);
#2292=VECTOR('',#8412,10.);
#2293=VECTOR('',#8419,10.);
#2294=VECTOR('',#8422,10.);
#2295=VECTOR('',#8423,10.);
#2296=VECTOR('',#8424,10.);
#2297=VECTOR('',#8431,10.);
#2298=VECTOR('',#8434,10.);
#2299=VECTOR('',#8435,10.);
#2300=VECTOR('',#8436,10.);
#2301=VECTOR('',#8439,10.);
#2302=VECTOR('',#8440,10.);
#2303=VECTOR('',#8441,10.);
#2304=VECTOR('',#8444,10.);
#2305=VECTOR('',#8445,10.);
#2306=VECTOR('',#8446,10.);
#2307=VECTOR('',#8449,10.);
#2308=VECTOR('',#8450,10.);
#2309=VECTOR('',#8451,10.);
#2310=VECTOR('',#8458,10.);
#2311=VECTOR('',#8461,10.);
#2312=VECTOR('',#8462,10.);
#2313=VECTOR('',#8463,10.);
#2314=VECTOR('',#8470,10.);
#2315=VECTOR('',#8473,10.);
#2316=VECTOR('',#8474,10.);
#2317=VECTOR('',#8475,10.);
#2318=VECTOR('',#8482,10.);
#2319=VECTOR('',#8485,10.);
#2320=VECTOR('',#8486,10.);
#2321=VECTOR('',#8487,10.);
#2322=VECTOR('',#8494,10.);
#2323=VECTOR('',#8497,10.);
#2324=VECTOR('',#8498,10.);
#2325=VECTOR('',#8499,10.);
#2326=VECTOR('',#8502,10.);
#2327=VECTOR('',#8503,10.);
#2328=VECTOR('',#8504,10.);
#2329=VECTOR('',#8507,10.);
#2330=VECTOR('',#8508,10.);
#2331=VECTOR('',#8509,10.);
#2332=VECTOR('',#8512,10.);
#2333=VECTOR('',#8513,10.);
#2334=VECTOR('',#8514,10.);
#2335=VECTOR('',#8517,10.);
#2336=VECTOR('',#8518,10.);
#2337=VECTOR('',#8519,10.);
#2338=VECTOR('',#8522,10.);
#2339=VECTOR('',#8523,10.);
#2340=VECTOR('',#8524,10.);
#2341=VECTOR('',#8527,10.);
#2342=VECTOR('',#8528,10.);
#2343=VECTOR('',#8529,10.);
#2344=VECTOR('',#8532,10.);
#2345=VECTOR('',#8533,10.);
#2346=VECTOR('',#8534,10.);
#2347=VECTOR('',#8537,10.);
#2348=VECTOR('',#8538,10.);
#2349=VECTOR('',#8539,10.);
#2350=VECTOR('',#8542,10.);
#2351=VECTOR('',#8543,10.);
#2352=VECTOR('',#8544,10.);
#2353=VECTOR('',#8547,10.);
#2354=VECTOR('',#8548,10.);
#2355=VECTOR('',#8549,10.);
#2356=VECTOR('',#8552,10.);
#2357=VECTOR('',#8553,10.);
#2358=VECTOR('',#8554,10.);
#2359=VECTOR('',#8557,10.);
#2360=VECTOR('',#8558,10.);
#2361=VECTOR('',#8559,10.);
#2362=VECTOR('',#8562,10.);
#2363=VECTOR('',#8563,10.);
#2364=VECTOR('',#8564,10.);
#2365=VECTOR('',#8567,10.);
#2366=VECTOR('',#8568,10.);
#2367=VECTOR('',#8569,10.);
#2368=VECTOR('',#8572,10.);
#2369=VECTOR('',#8573,10.);
#2370=VECTOR('',#8574,10.);
#2371=VECTOR('',#8577,10.);
#2372=VECTOR('',#8578,10.);
#2373=VECTOR('',#8579,10.);
#2374=VECTOR('',#8586,10.);
#2375=VECTOR('',#8589,10.);
#2376=VECTOR('',#8590,10.);
#2377=VECTOR('',#8591,10.);
#2378=VECTOR('',#8594,10.);
#2379=VECTOR('',#8595,10.);
#2380=VECTOR('',#8596,10.);
#2381=VECTOR('',#8599,10.);
#2382=VECTOR('',#8600,10.);
#2383=VECTOR('',#8601,10.);
#2384=VECTOR('',#8604,10.);
#2385=VECTOR('',#8605,10.);
#2386=VECTOR('',#8606,10.);
#2387=VECTOR('',#8609,10.);
#2388=VECTOR('',#8610,10.);
#2389=VECTOR('',#8611,10.);
#2390=VECTOR('',#8618,10.);
#2391=VECTOR('',#8621,10.);
#2392=VECTOR('',#8622,10.);
#2393=VECTOR('',#8623,10.);
#2394=VECTOR('',#8626,10.);
#2395=VECTOR('',#8627,10.);
#2396=VECTOR('',#8628,10.);
#2397=VECTOR('',#8635,10.);
#2398=VECTOR('',#8638,10.);
#2399=VECTOR('',#8639,10.);
#2400=VECTOR('',#8640,10.);
#2401=VECTOR('',#8643,10.);
#2402=VECTOR('',#8644,10.);
#2403=VECTOR('',#8645,10.);
#2404=VECTOR('',#8652,10.);
#2405=VECTOR('',#8655,10.);
#2406=VECTOR('',#8656,10.);
#2407=VECTOR('',#8657,10.);
#2408=VECTOR('',#8660,10.);
#2409=VECTOR('',#8661,10.);
#2410=VECTOR('',#8662,10.);
#2411=VECTOR('',#8665,10.);
#2412=VECTOR('',#8666,10.);
#2413=VECTOR('',#8667,10.);
#2414=VECTOR('',#8670,10.);
#2415=VECTOR('',#8671,10.);
#2416=VECTOR('',#8672,10.);
#2417=VECTOR('',#8675,10.);
#2418=VECTOR('',#8676,10.);
#2419=VECTOR('',#8677,10.);
#2420=VECTOR('',#8680,10.);
#2421=VECTOR('',#8681,10.);
#2422=VECTOR('',#8682,10.);
#2423=VECTOR('',#8685,10.);
#2424=VECTOR('',#8686,10.);
#2425=VECTOR('',#8687,10.);
#2426=VECTOR('',#8690,10.);
#2427=VECTOR('',#8691,10.);
#2428=VECTOR('',#8692,10.);
#2429=VECTOR('',#8695,10.);
#2430=VECTOR('',#8696,10.);
#2431=VECTOR('',#8697,10.);
#2432=VECTOR('',#8700,10.);
#2433=VECTOR('',#8701,10.);
#2434=VECTOR('',#8702,10.);
#2435=VECTOR('',#8705,10.);
#2436=VECTOR('',#8706,10.);
#2437=VECTOR('',#8707,10.);
#2438=VECTOR('',#8714,10.);
#2439=VECTOR('',#8717,10.);
#2440=VECTOR('',#8718,10.);
#2441=VECTOR('',#8719,10.);
#2442=VECTOR('',#8722,10.);
#2443=VECTOR('',#8723,10.);
#2444=VECTOR('',#8724,10.);
#2445=VECTOR('',#8731,10.);
#2446=VECTOR('',#8734,10.);
#2447=VECTOR('',#8735,10.);
#2448=VECTOR('',#8736,10.);
#2449=VECTOR('',#8743,10.);
#2450=VECTOR('',#8750,10.);
#2451=VECTOR('',#8753,10.);
#2452=VECTOR('',#8754,10.);
#2453=VECTOR('',#8755,10.);
#2454=VECTOR('',#8762,10.);
#2455=VECTOR('',#8765,10.);
#2456=VECTOR('',#8766,10.);
#2457=VECTOR('',#8767,10.);
#2458=VECTOR('',#8770,10.);
#2459=VECTOR('',#8771,10.);
#2460=VECTOR('',#8772,10.);
#2461=VECTOR('',#8779,10.);
#2462=VECTOR('',#8782,10.);
#2463=VECTOR('',#8783,10.);
#2464=VECTOR('',#8784,10.);
#2465=VECTOR('',#8787,10.);
#2466=VECTOR('',#8788,10.);
#2467=VECTOR('',#8789,10.);
#2468=VECTOR('',#8796,10.);
#2469=VECTOR('',#8799,10.);
#2470=VECTOR('',#8800,10.);
#2471=VECTOR('',#8801,10.);
#2472=VECTOR('',#8804,10.);
#2473=VECTOR('',#8805,10.);
#2474=VECTOR('',#8806,10.);
#2475=VECTOR('',#8809,10.);
#2476=VECTOR('',#8810,10.);
#2477=VECTOR('',#8811,10.);
#2478=VECTOR('',#8814,10.);
#2479=VECTOR('',#8815,10.);
#2480=VECTOR('',#8816,10.);
#2481=VECTOR('',#8819,10.);
#2482=VECTOR('',#8820,10.);
#2483=VECTOR('',#8821,10.);
#2484=VECTOR('',#8824,10.);
#2485=VECTOR('',#8825,10.);
#2486=VECTOR('',#8826,10.);
#2487=VECTOR('',#8829,10.);
#2488=VECTOR('',#8830,10.);
#2489=VECTOR('',#8831,10.);
#2490=VECTOR('',#8834,10.);
#2491=VECTOR('',#8835,10.);
#2492=VECTOR('',#8836,10.);
#2493=VECTOR('',#8839,10.);
#2494=VECTOR('',#8840,10.);
#2495=VECTOR('',#8849,2.2);
#2496=VECTOR('',#8856,2.2);
#2497=VECTOR('',#8863,2.2);
#2498=VECTOR('',#8870,2.2);
#2499=VECTOR('',#8877,2.99999999999999);
#2500=VECTOR('',#8888,3.00000000000001);
#2501=VECTOR('',#8899,3.00000000000001);
#2502=VECTOR('',#8910,3.00000000000001);
#2503=VECTOR('',#8919,10.);
#2504=VECTOR('',#8920,10.);
#2505=VECTOR('',#8921,10.);
#2506=VECTOR('',#8922,10.);
#2507=VECTOR('',#8929,10.);
#2508=VECTOR('',#8932,10.);
#2509=VECTOR('',#8933,10.);
#2510=VECTOR('',#8934,10.);
#2511=VECTOR('',#8939,10.);
#2512=VECTOR('',#8940,10.);
#2513=VECTOR('',#8945,10.);
#2514=VECTOR('',#8946,10.);
#2515=VECTOR('',#8949,10.);
#2516=VECTOR('',#8952,10.);
#2517=VECTOR('',#8953,10.);
#2518=VECTOR('',#8954,10.);
#2519=VECTOR('',#8955,10.);
#2520=VECTOR('',#8956,10.);
#2521=VECTOR('',#8957,10.);
#2522=VECTOR('',#8958,10.);
#2523=VECTOR('',#8959,10.);
#2524=VECTOR('',#8960,10.);
#2525=VECTOR('',#8961,10.);
#2526=VECTOR('',#8964,10.);
#2527=VECTOR('',#8965,10.);
#2528=VECTOR('',#8968,10.);
#2529=VECTOR('',#8971,10.);
#2530=VECTOR('',#8972,10.);
#2531=VECTOR('',#8973,10.);
#2532=VECTOR('',#8976,10.);
#2533=VECTOR('',#8979,10.);
#2534=VECTOR('',#8980,10.);
#2535=VECTOR('',#8983,10.);
#2536=VECTOR('',#8984,10.);
#2537=VECTOR('',#8987,10.);
#2538=VECTOR('',#8992,10.);
#2539=VECTOR('',#8995,10.);
#2540=VECTOR('',#8996,10.);
#2541=VECTOR('',#8999,10.);
#2542=VECTOR('',#9000,10.);
#2543=VECTOR('',#9003,10.);
#2544=VECTOR('',#9004,10.);
#2545=VECTOR('',#9007,10.);
#2546=VECTOR('',#9008,10.);
#2547=VECTOR('',#9009,10.);
#2548=VECTOR('',#9012,10.);
#2549=VECTOR('',#9015,10.);
#2550=VECTOR('',#9016,10.);
#2551=VECTOR('',#9017,10.);
#2552=VECTOR('',#9020,10.);
#2553=VECTOR('',#9023,10.);
#2554=VECTOR('',#9024,10.);
#2555=VECTOR('',#9027,10.);
#2556=VECTOR('',#9030,10.);
#2557=VECTOR('',#9033,10.);
#2558=VECTOR('',#9036,10.);
#2559=VECTOR('',#9041,10.);
#2560=VECTOR('',#9044,10.);
#2561=VECTOR('',#9047,10.);
#2562=VECTOR('',#9050,10.);
#2563=VECTOR('',#9055,10.);
#2564=VECTOR('',#9058,10.);
#2565=VECTOR('',#9061,10.);
#2566=VECTOR('',#9064,10.);
#2567=VECTOR('',#9069,1.74999999999999);
#2568=VECTOR('',#9072,10.);
#2569=VECTOR('',#9073,10.);
#2570=VECTOR('',#9074,10.);
#2571=VECTOR('',#9079,10.);
#2572=VECTOR('',#9082,10.);
#2573=VECTOR('',#9083,10.);
#2574=VECTOR('',#9088,10.);
#2575=VECTOR('',#9091,10.);
#2576=VECTOR('',#9092,10.);
#2577=VECTOR('',#9097,10.);
#2578=VECTOR('',#9100,10.);
#2579=VECTOR('',#9101,10.);
#2580=VECTOR('',#9108,1.75000000000001);
#2581=VECTOR('',#9111,10.);
#2582=VECTOR('',#9112,10.);
#2583=VECTOR('',#9113,10.);
#2584=VECTOR('',#9118,10.);
#2585=VECTOR('',#9121,10.);
#2586=VECTOR('',#9122,10.);
#2587=VECTOR('',#9127,10.);
#2588=VECTOR('',#9130,10.);
#2589=VECTOR('',#9131,10.);
#2590=VECTOR('',#9136,10.);
#2591=VECTOR('',#9139,10.);
#2592=VECTOR('',#9140,10.);
#2593=VECTOR('',#9147,1.75000000000001);
#2594=VECTOR('',#9150,1.75000000000001);
#2595=VECTOR('',#9153,10.);
#2596=VECTOR('',#9154,10.);
#2597=VECTOR('',#9155,10.);
#2598=VECTOR('',#9160,10.);
#2599=VECTOR('',#9163,10.);
#2600=VECTOR('',#9164,10.);
#2601=VECTOR('',#9169,10.);
#2602=VECTOR('',#9172,10.);
#2603=VECTOR('',#9173,10.);
#2604=VECTOR('',#9178,10.);
#2605=VECTOR('',#9181,10.);
#2606=VECTOR('',#9182,10.);
#2607=VECTOR('',#9189,10.);
#2608=VECTOR('',#9192,10.);
#2609=VECTOR('',#9195,10.);
#2610=VECTOR('',#9196,10.);
#2611=VECTOR('',#9201,10.);
#2612=VECTOR('',#9204,10.);
#2613=VECTOR('',#9205,10.);
#2614=VECTOR('',#9208,10.);
#2615=VECTOR('',#9209,10.);
#2616=VECTOR('',#9212,10.);
#2617=VECTOR('',#9213,10.);
#2618=VECTOR('',#9218,10.);
#2619=VECTOR('',#9221,10.);
#2620=VECTOR('',#9222,10.);
#2621=VECTOR('',#9227,10.);
#2622=VECTOR('',#9230,10.);
#2623=VECTOR('',#9231,10.);
#2624=VECTOR('',#9234,10.);
#2625=VECTOR('',#9235,10.);
#2626=VECTOR('',#9240,10.);
#2627=VECTOR('',#9243,10.);
#2628=VECTOR('',#9244,10.);
#2629=VECTOR('',#9247,10.);
#2630=VECTOR('',#9248,10.);
#2631=VECTOR('',#9253,10.);
#2632=VECTOR('',#9256,10.);
#2633=VECTOR('',#9257,10.);
#2634=VECTOR('',#9262,10.);
#2635=VECTOR('',#9265,10.);
#2636=VECTOR('',#9266,10.);
#2637=VECTOR('',#9269,10.);
#2638=VECTOR('',#9270,10.);
#2639=VECTOR('',#9273,10.);
#2640=VECTOR('',#9274,10.);
#2641=VECTOR('',#9277,10.);
#2642=VECTOR('',#9278,10.);
#2643=VECTOR('',#9281,10.);
#2644=VECTOR('',#9282,10.);
#2645=VECTOR('',#9285,10.);
#2646=VECTOR('',#9286,10.);
#2647=VECTOR('',#9289,10.);
#2648=VECTOR('',#9290,10.);
#2649=VECTOR('',#9293,10.);
#2650=VECTOR('',#9294,10.);
#2651=VECTOR('',#9297,10.);
#2652=VECTOR('',#9298,10.);
#2653=VECTOR('',#9301,10.);
#2654=VECTOR('',#9302,10.);
#2655=VECTOR('',#9307,10.);
#2656=VECTOR('',#9310,10.);
#2657=VECTOR('',#9311,10.);
#2658=VECTOR('',#9314,10.);
#2659=VECTOR('',#9315,10.);
#2660=VECTOR('',#9320,10.);
#2661=VECTOR('',#9323,10.);
#2662=VECTOR('',#9324,10.);
#2663=VECTOR('',#9329,10.);
#2664=VECTOR('',#9332,10.);
#2665=VECTOR('',#9333,10.);
#2666=VECTOR('',#9336,10.);
#2667=VECTOR('',#9337,10.);
#2668=VECTOR('',#9340,10.);
#2669=VECTOR('',#9341,10.);
#2670=VECTOR('',#9346,10.);
#2671=VECTOR('',#9349,10.);
#2672=VECTOR('',#9350,10.);
#2673=VECTOR('',#9355,10.);
#2674=VECTOR('',#9358,10.);
#2675=VECTOR('',#9359,10.);
#2676=VECTOR('',#9362,10.);
#2677=VECTOR('',#9363,10.);
#2678=VECTOR('',#9368,10.);
#2679=VECTOR('',#9371,10.);
#2680=VECTOR('',#9372,10.);
#2681=VECTOR('',#9375,10.);
#2682=VECTOR('',#9376,10.);
#2683=VECTOR('',#9381,10.);
#2684=VECTOR('',#9384,10.);
#2685=VECTOR('',#9385,10.);
#2686=VECTOR('',#9390,10.);
#2687=VECTOR('',#9395,10.);
#2688=VECTOR('',#9398,10.);
#2689=VECTOR('',#9399,10.);
#2690=VECTOR('',#9404,10.);
#2691=VECTOR('',#9407,10.);
#2692=VECTOR('',#9408,10.);
#2693=VECTOR('',#9411,10.);
#2694=VECTOR('',#9412,10.);
#2695=VECTOR('',#9417,10.);
#2696=VECTOR('',#9420,10.);
#2697=VECTOR('',#9421,10.);
#2698=VECTOR('',#9424,10.);
#2699=VECTOR('',#9425,10.);
#2700=VECTOR('',#9430,10.);
#2701=VECTOR('',#9433,10.);
#2702=VECTOR('',#9434,10.);
#2703=VECTOR('',#9437,10.);
#2704=VECTOR('',#9438,10.);
#2705=VECTOR('',#9443,10.);
#2706=VECTOR('',#9446,10.);
#2707=VECTOR('',#9447,10.);
#2708=VECTOR('',#9450,10.);
#2709=VECTOR('',#9451,10.);
#2710=VECTOR('',#9454,10.);
#2711=VECTOR('',#9461,10.);
#2712=VECTOR('',#9462,10.);
#2713=VECTOR('',#9463,10.);
#2714=VECTOR('',#9466,10.);
#2715=VECTOR('',#9467,10.);
#2716=VECTOR('',#9468,10.);
#2717=VECTOR('',#9469,10.);
#2718=VECTOR('',#9470,10.);
#2719=VECTOR('',#9471,10.);
#2720=VECTOR('',#9472,10.);
#2721=VECTOR('',#9473,10.);
#2722=VECTOR('',#9476,10.);
#2723=VECTOR('',#9489,10.);
#2724=VECTOR('',#9496,10.);
#2725=VECTOR('',#9499,10.);
#2726=VECTOR('',#9500,10.);
#2727=VECTOR('',#9501,10.);
#2728=VECTOR('',#9502,10.);
#2729=VECTOR('',#9503,10.);
#2730=VECTOR('',#9504,10.);
#2731=VECTOR('',#9505,10.);
#2732=VECTOR('',#9522,4.);
#2733=VECTOR('',#9529,4.);
#2734=VECTOR('',#9534,10.);
#2735=VECTOR('',#9539,10.);
#2736=VECTOR('',#9542,4.);
#2737=VECTOR('',#9555,4.);
#2738=VECTOR('',#9558,1.75);
#2739=VECTOR('',#9561,1.75);
#2740=VECTOR('',#9564,1.75000000000001);
#2741=VECTOR('',#9567,1.75);
#2742=VECTOR('',#9570,10.);
#2743=VECTOR('',#9573,10.);
#2744=VECTOR('',#9576,10.);
#2745=VECTOR('',#9583,2.33847743058206);
#2746=VECTOR('',#9590,10.);
#2747=VECTOR('',#9591,10.);
#2748=VECTOR('',#9592,10.);
#2749=VECTOR('',#9593,10.);
#2750=VECTOR('',#9594,10.);
#2751=VECTOR('',#9595,10.);
#2752=VECTOR('',#9596,10.);
#2753=VECTOR('',#9597,10.);
#2754=VECTOR('',#9598,10.);
#2755=VECTOR('',#9599,10.);
#2756=VECTOR('',#9600,10.);
#2757=VECTOR('',#9601,10.);
#2758=VECTOR('',#9602,10.);
#2759=VECTOR('',#9603,10.);
#2760=VECTOR('',#9604,10.);
#2761=VECTOR('',#9605,10.);
#2762=VECTOR('',#9606,10.);
#2763=VECTOR('',#9607,10.);
#2764=VECTOR('',#9608,10.);
#2765=VECTOR('',#9609,10.);
#2766=VECTOR('',#9610,10.);
#2767=VECTOR('',#9611,10.);
#2768=VECTOR('',#9612,10.);
#2769=VECTOR('',#9613,10.);
#2770=VECTOR('',#9614,10.);
#2771=VECTOR('',#9615,10.);
#2772=VECTOR('',#9616,10.);
#2773=VECTOR('',#9617,10.);
#2774=VECTOR('',#9618,10.);
#2775=VECTOR('',#9619,10.);
#2776=VECTOR('',#9620,10.);
#2777=VECTOR('',#9621,10.);
#2778=VECTOR('',#9622,10.);
#2779=VECTOR('',#9623,10.);
#2780=VECTOR('',#9624,10.);
#2781=VECTOR('',#9625,10.);
#2782=VECTOR('',#9626,10.);
#2783=VECTOR('',#9627,10.);
#2784=VECTOR('',#9628,10.);
#2785=VECTOR('',#9629,10.);
#2786=VECTOR('',#9630,10.);
#2787=VECTOR('',#9631,10.);
#2788=VECTOR('',#9632,10.);
#2789=VECTOR('',#9633,10.);
#2790=VECTOR('',#9634,10.);
#2791=VECTOR('',#9635,10.);
#2792=VECTOR('',#9636,10.);
#2793=VECTOR('',#9637,10.);
#2794=VECTOR('',#9640,10.);
#2795=VECTOR('',#9645,4.);
#2796=VECTOR('',#9650,2.33847743058206);
#2797=VECTOR('',#9655,4.);
#2798=VECTOR('',#9658,10.);
#2799=VECTOR('',#9659,10.);
#2800=VECTOR('',#9660,10.);
#2801=VECTOR('',#9663,10.);
#2802=VECTOR('',#9666,10.);
#2803=VECTOR('',#9671,10.);
#2804=VECTOR('',#9672,10.);
#2805=VECTOR('',#9673,10.);
#2806=VECTOR('',#9676,10.);
#2807=VECTOR('',#9679,10.);
#2808=VECTOR('',#9684,10.);
#2809=VECTOR('',#9685,10.);
#2810=VECTOR('',#9686,10.);
#2811=VECTOR('',#9689,10.);
#2812=VECTOR('',#9692,10.);
#2813=VECTOR('',#9697,10.);
#2814=VECTOR('',#9698,10.);
#2815=VECTOR('',#9699,10.);
#2816=VECTOR('',#9702,10.);
#2817=VECTOR('',#9705,10.);
#2818=VECTOR('',#9710,10.);
#2819=VECTOR('',#9711,10.);
#2820=VECTOR('',#9712,10.);
#2821=VECTOR('',#9715,10.);
#2822=VECTOR('',#9718,10.);
#2823=VECTOR('',#9723,10.);
#2824=VECTOR('',#9724,10.);
#2825=VECTOR('',#9725,10.);
#2826=VECTOR('',#9728,10.);
#2827=VECTOR('',#9731,10.);
#2828=VECTOR('',#9736,10.);
#2829=VECTOR('',#9737,10.);
#2830=VECTOR('',#9738,10.);
#2831=VECTOR('',#9741,10.);
#2832=VECTOR('',#9744,10.);
#2833=VECTOR('',#9749,10.);
#2834=VECTOR('',#9750,10.);
#2835=VECTOR('',#9751,10.);
#2836=VECTOR('',#9754,10.);
#2837=VECTOR('',#9757,10.);
#2838=VECTOR('',#9762,10.);
#2839=VECTOR('',#9763,10.);
#2840=VECTOR('',#9764,10.);
#2841=VECTOR('',#9767,10.);
#2842=VECTOR('',#9770,10.);
#2843=VECTOR('',#9775,10.);
#2844=VECTOR('',#9776,10.);
#2845=VECTOR('',#9777,10.);
#2846=VECTOR('',#9780,10.);
#2847=VECTOR('',#9783,10.);
#2848=VECTOR('',#9788,10.);
#2849=VECTOR('',#9789,10.);
#2850=VECTOR('',#9790,10.);
#2851=VECTOR('',#9793,10.);
#2852=VECTOR('',#9794,10.);
#2853=VECTOR('',#9797,10.);
#2854=VECTOR('',#9798,10.);
#2855=VECTOR('',#9801,10.);
#2856=VECTOR('',#9802,10.);
#2857=VECTOR('',#9805,10.);
#2858=VECTOR('',#9808,10.);
#2859=VECTOR('',#9809,10.);
#2860=VECTOR('',#9812,10.);
#2861=VECTOR('',#9819,2.33847743058205);
#2862=VECTOR('',#9824,10.);
#2863=VECTOR('',#9827,10.);
#2864=VECTOR('',#9830,10.);
#2865=VECTOR('',#9831,10.);
#2866=VECTOR('',#9832,10.);
#2867=VECTOR('',#9833,10.);
#2868=VECTOR('',#9834,10.);
#2869=VECTOR('',#9835,10.);
#2870=VECTOR('',#9836,10.);
#2871=VECTOR('',#9837,10.);
#2872=VECTOR('',#9838,10.);
#2873=VECTOR('',#9839,10.);
#2874=VECTOR('',#9840,10.);
#2875=VECTOR('',#9845,10.);
#2876=VECTOR('',#9846,10.);
#2877=VECTOR('',#9849,10.);
#2878=VECTOR('',#9852,10.);
#2879=VECTOR('',#9853,10.);
#2880=VECTOR('',#9854,10.);
#2881=VECTOR('',#9855,10.);
#2882=VECTOR('',#9856,10.);
#2883=VECTOR('',#9857,10.);
#2884=VECTOR('',#9858,10.);
#2885=VECTOR('',#9859,10.);
#2886=VECTOR('',#9860,10.);
#2887=VECTOR('',#9863,10.);
#2888=VECTOR('',#9864,10.);
#2889=VECTOR('',#9867,4.);
#2890=VECTOR('',#9870,2.33847743058205);
#2891=VECTOR('',#9877,10.);
#2892=VECTOR('',#9878,10.);
#2893=VECTOR('',#9881,4.);
#2894=VECTOR('',#9884,10.);
#2895=VECTOR('',#9885,10.);
#2896=VECTOR('',#9888,10.);
#2897=VECTOR('',#9889,10.);
#2898=VECTOR('',#9892,10.);
#2899=VECTOR('',#9893,10.);
#2900=VECTOR('',#9896,10.);
#2901=VECTOR('',#9901,10.);
#2902=VECTOR('',#9906,10.);
#2903=CIRCLE('',#7373,2.20000000000001);
#2904=CIRCLE('',#7374,2.20000000000001);
#2905=CIRCLE('',#7377,2.20000000000001);
#2906=CIRCLE('',#7378,2.20000000000001);
#2907=CIRCLE('',#7381,2.20000000000001);
#2908=CIRCLE('',#7382,2.20000000000001);
#2909=CIRCLE('',#7385,2.20000000000001);
#2910=CIRCLE('',#7386,2.20000000000001);
#2911=CIRCLE('',#7390,3.2);
#2912=CIRCLE('',#7391,3.2);
#2913=CIRCLE('',#7394,3.19999999999999);
#2914=CIRCLE('',#7395,3.19999999999999);
#2915=CIRCLE('',#7398,3.2);
#2916=CIRCLE('',#7399,3.2);
#2917=CIRCLE('',#7402,3.19999999999999);
#2918=CIRCLE('',#7403,3.19999999999999);
#2919=CIRCLE('',#7405,5.);
#2920=CIRCLE('',#7406,5.00000000000002);
#2921=CIRCLE('',#7407,5.);
#2922=CIRCLE('',#7408,5.);
#2923=CIRCLE('',#7421,5.);
#2924=CIRCLE('',#7424,5.);
#2925=CIRCLE('',#7427,5.00000000000002);
#2926=CIRCLE('',#7430,5.);
#2927=CIRCLE('',#7438,1.75000000000001);
#2928=CIRCLE('',#7439,1.75000000000001);
#2929=CIRCLE('',#7481,1.75000000000001);
#2930=CIRCLE('',#7482,1.75000000000001);
#2931=CIRCLE('',#7484,1.75000000000001);
#2932=CIRCLE('',#7485,1.75000000000001);
#2933=CIRCLE('',#7491,5.);
#2934=CIRCLE('',#7492,5.);
#2935=CIRCLE('',#7497,10.);
#2936=CIRCLE('',#7498,10.);
#2937=CIRCLE('',#7501,10.);
#2938=CIRCLE('',#7502,10.);
#2939=CIRCLE('',#7508,5.);
#2940=CIRCLE('',#7509,5.);
#2941=CIRCLE('',#7512,5.);
#2942=CIRCLE('',#7513,5.);
#2943=CIRCLE('',#7516,5.);
#2944=CIRCLE('',#7517,5.);
#2945=CIRCLE('',#7520,5.);
#2946=CIRCLE('',#7521,5.);
#2947=CIRCLE('',#7540,1.99999999999999);
#2948=CIRCLE('',#7541,1.99999999999999);
#2949=CIRCLE('',#7548,1.99999999999998);
#2950=CIRCLE('',#7549,1.99999999999998);
#2951=CIRCLE('',#7553,5.);
#2952=CIRCLE('',#7554,5.);
#2953=CIRCLE('',#7558,5.);
#2954=CIRCLE('',#7559,5.);
#2955=CIRCLE('',#7572,5.);
#2956=CIRCLE('',#7573,5.);
#2957=CIRCLE('',#7577,5.);
#2958=CIRCLE('',#7578,5.);
#2959=CIRCLE('',#7581,5.00000000000002);
#2960=CIRCLE('',#7582,5.00000000000002);
#2961=CIRCLE('',#7584,5.00000000000002);
#2962=CIRCLE('',#7585,5.00000000000002);
#2963=CIRCLE('',#7588,5.);
#2964=CIRCLE('',#7589,5.);
#2965=CIRCLE('',#7593,4.99999999999999);
#2966=CIRCLE('',#7594,4.99999999999999);
#2967=CIRCLE('',#7598,5.);
#2968=CIRCLE('',#7599,5.);
#2969=CIRCLE('',#7612,2.2);
#2970=CIRCLE('',#7613,2.2);
#2971=CIRCLE('',#7615,2.2);
#2972=CIRCLE('',#7616,2.2);
#2973=CIRCLE('',#7618,2.2);
#2974=CIRCLE('',#7619,2.2);
#2975=CIRCLE('',#7621,2.2);
#2976=CIRCLE('',#7622,2.2);
#2977=CIRCLE('',#7624,2.99999999999999);
#2978=CIRCLE('',#7625,2.99999999999999);
#2979=CIRCLE('',#7627,1.75000000000001);
#2980=CIRCLE('',#7629,3.00000000000001);
#2981=CIRCLE('',#7630,3.00000000000001);
#2982=CIRCLE('',#7632,1.75000000000001);
#2983=CIRCLE('',#7634,3.00000000000001);
#2984=CIRCLE('',#7635,3.00000000000001);
#2985=CIRCLE('',#7637,1.74999999999999);
#2986=CIRCLE('',#7639,3.00000000000001);
#2987=CIRCLE('',#7640,3.00000000000001);
#2988=CIRCLE('',#7642,1.75000000000001);
#2989=CIRCLE('',#7645,5.);
#2990=CIRCLE('',#7646,5.);
#2991=CIRCLE('',#7649,5.00000000000002);
#2992=CIRCLE('',#7650,1.75000000000001);
#2993=CIRCLE('',#7652,5.00000000000001);
#2994=CIRCLE('',#7653,5.);
#2995=CIRCLE('',#7654,5.);
#2996=CIRCLE('',#7655,5.00000000000001);
#2997=CIRCLE('',#7656,4.99999999999999);
#2998=CIRCLE('',#7657,5.);
#2999=CIRCLE('',#7658,5.);
#3000=CIRCLE('',#7659,5.);
#3001=CIRCLE('',#7660,5.00000000000001);
#3002=CIRCLE('',#7661,5.00000000000005);
#3003=CIRCLE('',#7662,5.00000000000012);
#3004=CIRCLE('',#7663,5.);
#3005=CIRCLE('',#7664,4.99999999999999);
#3006=CIRCLE('',#7665,5.);
#3007=CIRCLE('',#7666,5.);
#3008=CIRCLE('',#7667,10.);
#3009=CIRCLE('',#7668,10.);
#3010=CIRCLE('',#7669,5.00000000000001);
#3011=CIRCLE('',#7670,5.);
#3012=CIRCLE('',#7671,1.99999999999999);
#3013=CIRCLE('',#7672,1.99999999999999);
#3014=CIRCLE('',#7673,1.99999999999999);
#3015=CIRCLE('',#7674,1.99999999999999);
#3016=CIRCLE('',#7675,1.75000000000001);
#3017=CIRCLE('',#7676,1.99999999999999);
#3018=CIRCLE('',#7677,2.);
#3019=CIRCLE('',#7678,1.99999999999999);
#3020=CIRCLE('',#7679,1.99999999999999);
#3021=CIRCLE('',#7680,1.75000000000001);
#3022=CIRCLE('',#7681,1.99999999999999);
#3023=CIRCLE('',#7682,2.00000000000002);
#3024=CIRCLE('',#7683,2.00000000000002);
#3025=CIRCLE('',#7684,1.99999999999999);
#3026=CIRCLE('',#7685,1.74999999999999);
#3027=CIRCLE('',#7689,2.00000000000002);
#3028=CIRCLE('',#7692,2.00000000000002);
#3029=CIRCLE('',#7695,1.99999999999999);
#3030=CIRCLE('',#7698,1.99999999999999);
#3031=CIRCLE('',#7702,2.);
#3032=CIRCLE('',#7705,1.99999999999999);
#3033=CIRCLE('',#7708,1.99999999999999);
#3034=CIRCLE('',#7711,1.99999999999999);
#3035=CIRCLE('',#7716,1.99999999999999);
#3036=CIRCLE('',#7719,1.99999999999999);
#3037=CIRCLE('',#7722,1.99999999999999);
#3038=CIRCLE('',#7725,1.99999999999999);
#3039=CIRCLE('',#7727,10.);
#3040=CIRCLE('',#7730,10.);
#3041=CIRCLE('',#7735,5.00000000000001);
#3042=CIRCLE('',#7738,5.);
#3043=CIRCLE('',#7742,5.00000000000002);
#3044=CIRCLE('',#7746,5.00000000000001);
#3045=CIRCLE('',#7749,5.);
#3046=CIRCLE('',#7761,5.);
#3047=CIRCLE('',#7765,5.00000000000001);
#3048=CIRCLE('',#7768,4.99999999999999);
#3049=CIRCLE('',#7773,5.);
#3050=CIRCLE('',#7776,5.);
#3051=CIRCLE('',#7780,5.);
#3052=CIRCLE('',#7784,5.00000000000001);
#3053=CIRCLE('',#7787,5.00000000000005);
#3054=CIRCLE('',#7789,5.00000000000012);
#3055=CIRCLE('',#7792,5.);
#3056=CIRCLE('',#7796,4.99999999999999);
#3057=CIRCLE('',#7800,5.);
#3058=CIRCLE('',#7804,5.);
#3059=CIRCLE('',#7810,4.);
#3060=CIRCLE('',#7812,10.);
#3061=CIRCLE('',#7813,10.);
#3062=CIRCLE('',#7814,1.75);
#3063=CIRCLE('',#7815,1.75);
#3064=CIRCLE('',#7816,1.75000000000001);
#3065=CIRCLE('',#7817,1.75);
#3066=CIRCLE('',#7819,4.);
#3067=CIRCLE('',#7821,10.);
#3068=CIRCLE('',#7822,10.);
#3069=CIRCLE('',#7823,1.75);
#3070=CIRCLE('',#7824,1.75000000000001);
#3071=CIRCLE('',#7825,1.75);
#3072=CIRCLE('',#7826,1.75);
#3073=CIRCLE('',#7828,4.);
#3074=CIRCLE('',#7829,4.);
#3075=CIRCLE('',#7831,4.);
#3076=CIRCLE('',#7832,4.);
#3077=CIRCLE('',#7834,4.);
#3078=CIRCLE('',#7839,4.);
#3079=CIRCLE('',#7840,4.);
#3080=CIRCLE('',#7842,4.);
#3081=CIRCLE('',#7854,4.65995849235806);
#3082=CIRCLE('',#7855,0.0169963688060526);
#3083=CIRCLE('',#7856,4.);
#3084=CIRCLE('',#7859,4.);
#3085=CIRCLE('',#7862,4.65995849235806);
#3086=CIRCLE('',#7863,0.0169963688060526);
#3087=CIRCLE('',#7914,4.65995849235806);
#3088=CIRCLE('',#7915,0.0169963688060459);
#3089=CIRCLE('',#7917,4.);
#3090=CIRCLE('',#7920,4.);
#3091=CIRCLE('',#7926,0.0169963688060459);
#3092=CIRCLE('',#7927,4.65995849235806);
#3093=VERTEX_POINT('',#9911);
#3094=VERTEX_POINT('',#9913);
#3095=VERTEX_POINT('',#9918);
#3096=VERTEX_POINT('',#9920);
#3097=VERTEX_POINT('',#9925);
#3098=VERTEX_POINT('',#9927);
#3099=VERTEX_POINT('',#9932);
#3100=VERTEX_POINT('',#9934);
#3101=VERTEX_POINT('',#9939);
#3102=VERTEX_POINT('',#9940);
#3103=VERTEX_POINT('',#9942);
#3104=VERTEX_POINT('',#9944);
#3105=VERTEX_POINT('',#9948);
#3106=VERTEX_POINT('',#9950);
#3107=VERTEX_POINT('',#9954);
#3108=VERTEX_POINT('',#9956);
#3109=VERTEX_POINT('',#9960);
#3110=VERTEX_POINT('',#9962);
#3111=VERTEX_POINT('',#9966);
#3112=VERTEX_POINT('',#9968);
#3113=VERTEX_POINT('',#9972);
#3114=VERTEX_POINT('',#9974);
#3115=VERTEX_POINT('',#9978);
#3116=VERTEX_POINT('',#9980);
#3117=VERTEX_POINT('',#9987);
#3118=VERTEX_POINT('',#9988);
#3119=VERTEX_POINT('',#9990);
#3120=VERTEX_POINT('',#9992);
#3121=VERTEX_POINT('',#9994);
#3122=VERTEX_POINT('',#9996);
#3123=VERTEX_POINT('',#9998);
#3124=VERTEX_POINT('',#10000);
#3125=VERTEX_POINT('',#10004);
#3126=VERTEX_POINT('',#10005);
#3127=VERTEX_POINT('',#10007);
#3128=VERTEX_POINT('',#10009);
#3129=VERTEX_POINT('',#10013);
#3130=VERTEX_POINT('',#10015);
#3131=VERTEX_POINT('',#10019);
#3132=VERTEX_POINT('',#10021);
#3133=VERTEX_POINT('',#10025);
#3134=VERTEX_POINT('',#10027);
#3135=VERTEX_POINT('',#10031);
#3136=VERTEX_POINT('',#10033);
#3137=VERTEX_POINT('',#10037);
#3138=VERTEX_POINT('',#10039);
#3139=VERTEX_POINT('',#10043);
#3140=VERTEX_POINT('',#10045);
#3141=VERTEX_POINT('',#10049);
#3142=VERTEX_POINT('',#10051);
#3143=VERTEX_POINT('',#10055);
#3144=VERTEX_POINT('',#10057);
#3145=VERTEX_POINT('',#10064);
#3146=VERTEX_POINT('',#10065);
#3147=VERTEX_POINT('',#10070);
#3148=VERTEX_POINT('',#10074);
#3149=VERTEX_POINT('',#10078);
#3150=VERTEX_POINT('',#10082);
#3151=VERTEX_POINT('',#10086);
#3152=VERTEX_POINT('',#10090);
#3153=VERTEX_POINT('',#10098);
#3154=VERTEX_POINT('',#10099);
#3155=VERTEX_POINT('',#10101);
#3156=VERTEX_POINT('',#10103);
#3157=VERTEX_POINT('',#10107);
#3158=VERTEX_POINT('',#10109);
#3159=VERTEX_POINT('',#10113);
#3160=VERTEX_POINT('',#10115);
#3161=VERTEX_POINT('',#10122);
#3162=VERTEX_POINT('',#10124);
#3163=VERTEX_POINT('',#10128);
#3164=VERTEX_POINT('',#10129);
#3165=VERTEX_POINT('',#10131);
#3166=VERTEX_POINT('',#10133);
#3167=VERTEX_POINT('',#10137);
#3168=VERTEX_POINT('',#10139);
#3169=VERTEX_POINT('',#10143);
#3170=VERTEX_POINT('',#10145);
#3171=VERTEX_POINT('',#10152);
#3172=VERTEX_POINT('',#10153);
#3173=VERTEX_POINT('',#10155);
#3174=VERTEX_POINT('',#10157);
#3175=VERTEX_POINT('',#10161);
#3176=VERTEX_POINT('',#10163);
#3177=VERTEX_POINT('',#10167);
#3178=VERTEX_POINT('',#10169);
#3179=VERTEX_POINT('',#10176);
#3180=VERTEX_POINT('',#10177);
#3181=VERTEX_POINT('',#10179);
#3182=VERTEX_POINT('',#10181);
#3183=VERTEX_POINT('',#10185);
#3184=VERTEX_POINT('',#10187);
#3185=VERTEX_POINT('',#10191);
#3186=VERTEX_POINT('',#10193);
#3187=VERTEX_POINT('',#10197);
#3188=VERTEX_POINT('',#10199);
#3189=VERTEX_POINT('',#10203);
#3190=VERTEX_POINT('',#10205);
#3191=VERTEX_POINT('',#10209);
#3192=VERTEX_POINT('',#10211);
#3193=VERTEX_POINT('',#10215);
#3194=VERTEX_POINT('',#10217);
#3195=VERTEX_POINT('',#10224);
#3196=VERTEX_POINT('',#10225);
#3197=VERTEX_POINT('',#10227);
#3198=VERTEX_POINT('',#10229);
#3199=VERTEX_POINT('',#10233);
#3200=VERTEX_POINT('',#10235);
#3201=VERTEX_POINT('',#10239);
#3202=VERTEX_POINT('',#10241);
#3203=VERTEX_POINT('',#10245);
#3204=VERTEX_POINT('',#10247);
#3205=VERTEX_POINT('',#10251);
#3206=VERTEX_POINT('',#10253);
#3207=VERTEX_POINT('',#10257);
#3208=VERTEX_POINT('',#10259);
#3209=VERTEX_POINT('',#10263);
#3210=VERTEX_POINT('',#10265);
#3211=VERTEX_POINT('',#10272);
#3212=VERTEX_POINT('',#10273);
#3213=VERTEX_POINT('',#10275);
#3214=VERTEX_POINT('',#10277);
#3215=VERTEX_POINT('',#10281);
#3216=VERTEX_POINT('',#10283);
#3217=VERTEX_POINT('',#10287);
#3218=VERTEX_POINT('',#10289);
#3219=VERTEX_POINT('',#10296);
#3220=VERTEX_POINT('',#10297);
#3221=VERTEX_POINT('',#10299);
#3222=VERTEX_POINT('',#10301);
#3223=VERTEX_POINT('',#10305);
#3224=VERTEX_POINT('',#10307);
#3225=VERTEX_POINT('',#10311);
#3226=VERTEX_POINT('',#10313);
#3227=VERTEX_POINT('',#10320);
#3228=VERTEX_POINT('',#10321);
#3229=VERTEX_POINT('',#10323);
#3230=VERTEX_POINT('',#10325);
#3231=VERTEX_POINT('',#10329);
#3232=VERTEX_POINT('',#10331);
#3233=VERTEX_POINT('',#10335);
#3234=VERTEX_POINT('',#10337);
#3235=VERTEX_POINT('',#10344);
#3236=VERTEX_POINT('',#10345);
#3237=VERTEX_POINT('',#10347);
#3238=VERTEX_POINT('',#10349);
#3239=VERTEX_POINT('',#10353);
#3240=VERTEX_POINT('',#10355);
#3241=VERTEX_POINT('',#10359);
#3242=VERTEX_POINT('',#10361);
#3243=VERTEX_POINT('',#10368);
#3244=VERTEX_POINT('',#10370);
#3245=VERTEX_POINT('',#10374);
#3246=VERTEX_POINT('',#10376);
#3247=VERTEX_POINT('',#10380);
#3248=VERTEX_POINT('',#10381);
#3249=VERTEX_POINT('',#10383);
#3250=VERTEX_POINT('',#10385);
#3251=VERTEX_POINT('',#10389);
#3252=VERTEX_POINT('',#10391);
#3253=VERTEX_POINT('',#10395);
#3254=VERTEX_POINT('',#10397);
#3255=VERTEX_POINT('',#10404);
#3256=VERTEX_POINT('',#10405);
#3257=VERTEX_POINT('',#10407);
#3258=VERTEX_POINT('',#10409);
#3259=VERTEX_POINT('',#10413);
#3260=VERTEX_POINT('',#10415);
#3261=VERTEX_POINT('',#10419);
#3262=VERTEX_POINT('',#10421);
#3263=VERTEX_POINT('',#10425);
#3264=VERTEX_POINT('',#10427);
#3265=VERTEX_POINT('',#10431);
#3266=VERTEX_POINT('',#10433);
#3267=VERTEX_POINT('',#10437);
#3268=VERTEX_POINT('',#10439);
#3269=VERTEX_POINT('',#10443);
#3270=VERTEX_POINT('',#10445);
#3271=VERTEX_POINT('',#10449);
#3272=VERTEX_POINT('',#10451);
#3273=VERTEX_POINT('',#10455);
#3274=VERTEX_POINT('',#10457);
#3275=VERTEX_POINT('',#10461);
#3276=VERTEX_POINT('',#10463);
#3277=VERTEX_POINT('',#10467);
#3278=VERTEX_POINT('',#10469);
#3279=VERTEX_POINT('',#10473);
#3280=VERTEX_POINT('',#10475);
#3281=VERTEX_POINT('',#10479);
#3282=VERTEX_POINT('',#10481);
#3283=VERTEX_POINT('',#10485);
#3284=VERTEX_POINT('',#10487);
#3285=VERTEX_POINT('',#10491);
#3286=VERTEX_POINT('',#10493);
#3287=VERTEX_POINT('',#10497);
#3288=VERTEX_POINT('',#10499);
#3289=VERTEX_POINT('',#10503);
#3290=VERTEX_POINT('',#10505);
#3291=VERTEX_POINT('',#10509);
#3292=VERTEX_POINT('',#10511);
#3293=VERTEX_POINT('',#10515);
#3294=VERTEX_POINT('',#10517);
#3295=VERTEX_POINT('',#10521);
#3296=VERTEX_POINT('',#10523);
#3297=VERTEX_POINT('',#10527);
#3298=VERTEX_POINT('',#10529);
#3299=VERTEX_POINT('',#10533);
#3300=VERTEX_POINT('',#10535);
#3301=VERTEX_POINT('',#10539);
#3302=VERTEX_POINT('',#10541);
#3303=VERTEX_POINT('',#10545);
#3304=VERTEX_POINT('',#10547);
#3305=VERTEX_POINT('',#10551);
#3306=VERTEX_POINT('',#10553);
#3307=VERTEX_POINT('',#10557);
#3308=VERTEX_POINT('',#10559);
#3309=VERTEX_POINT('',#10563);
#3310=VERTEX_POINT('',#10565);
#3311=VERTEX_POINT('',#10569);
#3312=VERTEX_POINT('',#10571);
#3313=VERTEX_POINT('',#10575);
#3314=VERTEX_POINT('',#10577);
#3315=VERTEX_POINT('',#10581);
#3316=VERTEX_POINT('',#10583);
#3317=VERTEX_POINT('',#10587);
#3318=VERTEX_POINT('',#10589);
#3319=VERTEX_POINT('',#10593);
#3320=VERTEX_POINT('',#10595);
#3321=VERTEX_POINT('',#10599);
#3322=VERTEX_POINT('',#10601);
#3323=VERTEX_POINT('',#10605);
#3324=VERTEX_POINT('',#10607);
#3325=VERTEX_POINT('',#10611);
#3326=VERTEX_POINT('',#10613);
#3327=VERTEX_POINT('',#10617);
#3328=VERTEX_POINT('',#10619);
#3329=VERTEX_POINT('',#10623);
#3330=VERTEX_POINT('',#10625);
#3331=VERTEX_POINT('',#10629);
#3332=VERTEX_POINT('',#10631);
#3333=VERTEX_POINT('',#10635);
#3334=VERTEX_POINT('',#10637);
#3335=VERTEX_POINT('',#10641);
#3336=VERTEX_POINT('',#10643);
#3337=VERTEX_POINT('',#10647);
#3338=VERTEX_POINT('',#10649);
#3339=VERTEX_POINT('',#10653);
#3340=VERTEX_POINT('',#10655);
#3341=VERTEX_POINT('',#10659);
#3342=VERTEX_POINT('',#10661);
#3343=VERTEX_POINT('',#10665);
#3344=VERTEX_POINT('',#10667);
#3345=VERTEX_POINT('',#10671);
#3346=VERTEX_POINT('',#10673);
#3347=VERTEX_POINT('',#10677);
#3348=VERTEX_POINT('',#10679);
#3349=VERTEX_POINT('',#10683);
#3350=VERTEX_POINT('',#10685);
#3351=VERTEX_POINT('',#10689);
#3352=VERTEX_POINT('',#10691);
#3353=VERTEX_POINT('',#10695);
#3354=VERTEX_POINT('',#10697);
#3355=VERTEX_POINT('',#10701);
#3356=VERTEX_POINT('',#10703);
#3357=VERTEX_POINT('',#10707);
#3358=VERTEX_POINT('',#10709);
#3359=VERTEX_POINT('',#10713);
#3360=VERTEX_POINT('',#10715);
#3361=VERTEX_POINT('',#10719);
#3362=VERTEX_POINT('',#10721);
#3363=VERTEX_POINT('',#10725);
#3364=VERTEX_POINT('',#10727);
#3365=VERTEX_POINT('',#10731);
#3366=VERTEX_POINT('',#10733);
#3367=VERTEX_POINT('',#10737);
#3368=VERTEX_POINT('',#10739);
#3369=VERTEX_POINT('',#10743);
#3370=VERTEX_POINT('',#10745);
#3371=VERTEX_POINT('',#10749);
#3372=VERTEX_POINT('',#10751);
#3373=VERTEX_POINT('',#10755);
#3374=VERTEX_POINT('',#10757);
#3375=VERTEX_POINT('',#10761);
#3376=VERTEX_POINT('',#10763);
#3377=VERTEX_POINT('',#10767);
#3378=VERTEX_POINT('',#10769);
#3379=VERTEX_POINT('',#10773);
#3380=VERTEX_POINT('',#10775);
#3381=VERTEX_POINT('',#10779);
#3382=VERTEX_POINT('',#10781);
#3383=VERTEX_POINT('',#10785);
#3384=VERTEX_POINT('',#10787);
#3385=VERTEX_POINT('',#10791);
#3386=VERTEX_POINT('',#10793);
#3387=VERTEX_POINT('',#10797);
#3388=VERTEX_POINT('',#10799);
#3389=VERTEX_POINT('',#10803);
#3390=VERTEX_POINT('',#10805);
#3391=VERTEX_POINT('',#10809);
#3392=VERTEX_POINT('',#10811);
#3393=VERTEX_POINT('',#10815);
#3394=VERTEX_POINT('',#10817);
#3395=VERTEX_POINT('',#10821);
#3396=VERTEX_POINT('',#10823);
#3397=VERTEX_POINT('',#10827);
#3398=VERTEX_POINT('',#10829);
#3399=VERTEX_POINT('',#10833);
#3400=VERTEX_POINT('',#10835);
#3401=VERTEX_POINT('',#10839);
#3402=VERTEX_POINT('',#10841);
#3403=VERTEX_POINT('',#10845);
#3404=VERTEX_POINT('',#10847);
#3405=VERTEX_POINT('',#10851);
#3406=VERTEX_POINT('',#10853);
#3407=VERTEX_POINT('',#10857);
#3408=VERTEX_POINT('',#10859);
#3409=VERTEX_POINT('',#10863);
#3410=VERTEX_POINT('',#10865);
#3411=VERTEX_POINT('',#10869);
#3412=VERTEX_POINT('',#10871);
#3413=VERTEX_POINT('',#10875);
#3414=VERTEX_POINT('',#10877);
#3415=VERTEX_POINT('',#10881);
#3416=VERTEX_POINT('',#10883);
#3417=VERTEX_POINT('',#10887);
#3418=VERTEX_POINT('',#10889);
#3419=VERTEX_POINT('',#10893);
#3420=VERTEX_POINT('',#10895);
#3421=VERTEX_POINT('',#10904);
#3422=VERTEX_POINT('',#10906);
#3423=VERTEX_POINT('',#10910);
#3424=VERTEX_POINT('',#10912);
#3425=VERTEX_POINT('',#10916);
#3426=VERTEX_POINT('',#10918);
#3427=VERTEX_POINT('',#10922);
#3428=VERTEX_POINT('',#10924);
#3429=VERTEX_POINT('',#10928);
#3430=VERTEX_POINT('',#10930);
#3431=VERTEX_POINT('',#10934);
#3432=VERTEX_POINT('',#10937);
#3433=VERTEX_POINT('',#10939);
#3434=VERTEX_POINT('',#10943);
#3435=VERTEX_POINT('',#10946);
#3436=VERTEX_POINT('',#10948);
#3437=VERTEX_POINT('',#10952);
#3438=VERTEX_POINT('',#10955);
#3439=VERTEX_POINT('',#10957);
#3440=VERTEX_POINT('',#10961);
#3441=VERTEX_POINT('',#10964);
#3442=VERTEX_POINT('',#10965);
#3443=VERTEX_POINT('',#10967);
#3444=VERTEX_POINT('',#10969);
#3445=VERTEX_POINT('',#10973);
#3446=VERTEX_POINT('',#10975);
#3447=VERTEX_POINT('',#10979);
#3448=VERTEX_POINT('',#10981);
#3449=VERTEX_POINT('',#10985);
#3450=VERTEX_POINT('',#10986);
#3451=VERTEX_POINT('',#10990);
#3452=VERTEX_POINT('',#10993);
#3453=VERTEX_POINT('',#10995);
#3454=VERTEX_POINT('',#10997);
#3455=VERTEX_POINT('',#10999);
#3456=VERTEX_POINT('',#11001);
#3457=VERTEX_POINT('',#11003);
#3458=VERTEX_POINT('',#11005);
#3459=VERTEX_POINT('',#11007);
#3460=VERTEX_POINT('',#11009);
#3461=VERTEX_POINT('',#11011);
#3462=VERTEX_POINT('',#11013);
#3463=VERTEX_POINT('',#11015);
#3464=VERTEX_POINT('',#11017);
#3465=VERTEX_POINT('',#11019);
#3466=VERTEX_POINT('',#11021);
#3467=VERTEX_POINT('',#11023);
#3468=VERTEX_POINT('',#11025);
#3469=VERTEX_POINT('',#11027);
#3470=VERTEX_POINT('',#11029);
#3471=VERTEX_POINT('',#11031);
#3472=VERTEX_POINT('',#11033);
#3473=VERTEX_POINT('',#11035);
#3474=VERTEX_POINT('',#11037);
#3475=VERTEX_POINT('',#11039);
#3476=VERTEX_POINT('',#11041);
#3477=VERTEX_POINT('',#11043);
#3478=VERTEX_POINT('',#11045);
#3479=VERTEX_POINT('',#11047);
#3480=VERTEX_POINT('',#11049);
#3481=VERTEX_POINT('',#11051);
#3482=VERTEX_POINT('',#11053);
#3483=VERTEX_POINT('',#11055);
#3484=VERTEX_POINT('',#11057);
#3485=VERTEX_POINT('',#11059);
#3486=VERTEX_POINT('',#11061);
#3487=VERTEX_POINT('',#11063);
#3488=VERTEX_POINT('',#11065);
#3489=VERTEX_POINT('',#11067);
#3490=VERTEX_POINT('',#11069);
#3491=VERTEX_POINT('',#11071);
#3492=VERTEX_POINT('',#11073);
#3493=VERTEX_POINT('',#11075);
#3494=VERTEX_POINT('',#11077);
#3495=VERTEX_POINT('',#11079);
#3496=VERTEX_POINT('',#11081);
#3497=VERTEX_POINT('',#11083);
#3498=VERTEX_POINT('',#11085);
#3499=VERTEX_POINT('',#11087);
#3500=VERTEX_POINT('',#11089);
#3501=VERTEX_POINT('',#11091);
#3502=VERTEX_POINT('',#11093);
#3503=VERTEX_POINT('',#11095);
#3504=VERTEX_POINT('',#11097);
#3505=VERTEX_POINT('',#11099);
#3506=VERTEX_POINT('',#11101);
#3507=VERTEX_POINT('',#11103);
#3508=VERTEX_POINT('',#11105);
#3509=VERTEX_POINT('',#11107);
#3510=VERTEX_POINT('',#11109);
#3511=VERTEX_POINT('',#11111);
#3512=VERTEX_POINT('',#11114);
#3513=VERTEX_POINT('',#11115);
#3514=VERTEX_POINT('',#11117);
#3515=VERTEX_POINT('',#11119);
#3516=VERTEX_POINT('',#11121);
#3517=VERTEX_POINT('',#11123);
#3518=VERTEX_POINT('',#11125);
#3519=VERTEX_POINT('',#11127);
#3520=VERTEX_POINT('',#11130);
#3521=VERTEX_POINT('',#11132);
#3522=VERTEX_POINT('',#11133);
#3523=VERTEX_POINT('',#11135);
#3524=VERTEX_POINT('',#11137);
#3525=VERTEX_POINT('',#11139);
#3526=VERTEX_POINT('',#11141);
#3527=VERTEX_POINT('',#11143);
#3528=VERTEX_POINT('',#11145);
#3529=VERTEX_POINT('',#11148);
#3530=VERTEX_POINT('',#11150);
#3531=VERTEX_POINT('',#11151);
#3532=VERTEX_POINT('',#11153);
#3533=VERTEX_POINT('',#11155);
#3534=VERTEX_POINT('',#11157);
#3535=VERTEX_POINT('',#11159);
#3536=VERTEX_POINT('',#11161);
#3537=VERTEX_POINT('',#11163);
#3538=VERTEX_POINT('',#11166);
#3539=VERTEX_POINT('',#11171);
#3540=VERTEX_POINT('',#11173);
#3541=VERTEX_POINT('',#11177);
#3542=VERTEX_POINT('',#11181);
#3543=VERTEX_POINT('',#11185);
#3544=VERTEX_POINT('',#11189);
#3545=VERTEX_POINT('',#11193);
#3546=VERTEX_POINT('',#11197);
#3547=VERTEX_POINT('',#11205);
#3548=VERTEX_POINT('',#11207);
#3549=VERTEX_POINT('',#11211);
#3550=VERTEX_POINT('',#11215);
#3551=VERTEX_POINT('',#11219);
#3552=VERTEX_POINT('',#11223);
#3553=VERTEX_POINT('',#11227);
#3554=VERTEX_POINT('',#11231);
#3555=VERTEX_POINT('',#11241);
#3556=VERTEX_POINT('',#11243);
#3557=VERTEX_POINT('',#11247);
#3558=VERTEX_POINT('',#11251);
#3559=VERTEX_POINT('',#11255);
#3560=VERTEX_POINT('',#11259);
#3561=VERTEX_POINT('',#11263);
#3562=VERTEX_POINT('',#11267);
#3563=VERTEX_POINT('',#11273);
#3564=VERTEX_POINT('',#11275);
#3565=VERTEX_POINT('',#11279);
#3566=VERTEX_POINT('',#11283);
#3567=VERTEX_POINT('',#11287);
#3568=VERTEX_POINT('',#11291);
#3569=VERTEX_POINT('',#11295);
#3570=VERTEX_POINT('',#11299);
#3571=VERTEX_POINT('',#11303);
#3572=VERTEX_POINT('',#11307);
#3573=VERTEX_POINT('',#11311);
#3574=VERTEX_POINT('',#11315);
#3575=VERTEX_POINT('',#11319);
#3576=VERTEX_POINT('',#11323);
#3577=VERTEX_POINT('',#11327);
#3578=VERTEX_POINT('',#11331);
#3579=VERTEX_POINT('',#11335);
#3580=VERTEX_POINT('',#11339);
#3581=VERTEX_POINT('',#11343);
#3582=VERTEX_POINT('',#11347);
#3583=VERTEX_POINT('',#11351);
#3584=VERTEX_POINT('',#11355);
#3585=VERTEX_POINT('',#11359);
#3586=VERTEX_POINT('',#11363);
#3587=VERTEX_POINT('',#11367);
#3588=VERTEX_POINT('',#11371);
#3589=VERTEX_POINT('',#11375);
#3590=VERTEX_POINT('',#11379);
#3591=VERTEX_POINT('',#11383);
#3592=VERTEX_POINT('',#11387);
#3593=VERTEX_POINT('',#11391);
#3594=VERTEX_POINT('',#11395);
#3595=VERTEX_POINT('',#11399);
#3596=VERTEX_POINT('',#11403);
#3597=VERTEX_POINT('',#11407);
#3598=VERTEX_POINT('',#11411);
#3599=VERTEX_POINT('',#11415);
#3600=VERTEX_POINT('',#11419);
#3601=VERTEX_POINT('',#11423);
#3602=VERTEX_POINT('',#11427);
#3603=VERTEX_POINT('',#11431);
#3604=VERTEX_POINT('',#11435);
#3605=VERTEX_POINT('',#11439);
#3606=VERTEX_POINT('',#11443);
#3607=VERTEX_POINT('',#11447);
#3608=VERTEX_POINT('',#11451);
#3609=VERTEX_POINT('',#11455);
#3610=VERTEX_POINT('',#11459);
#3611=VERTEX_POINT('',#11463);
#3612=VERTEX_POINT('',#11467);
#3613=VERTEX_POINT('',#11471);
#3614=VERTEX_POINT('',#11475);
#3615=VERTEX_POINT('',#11479);
#3616=VERTEX_POINT('',#11483);
#3617=VERTEX_POINT('',#11487);
#3618=VERTEX_POINT('',#11491);
#3619=VERTEX_POINT('',#11495);
#3620=VERTEX_POINT('',#11499);
#3621=VERTEX_POINT('',#11503);
#3622=VERTEX_POINT('',#11507);
#3623=VERTEX_POINT('',#11511);
#3624=VERTEX_POINT('',#11515);
#3625=VERTEX_POINT('',#11522);
#3626=VERTEX_POINT('',#11523);
#3627=VERTEX_POINT('',#11525);
#3628=VERTEX_POINT('',#11527);
#3629=VERTEX_POINT('',#11531);
#3630=VERTEX_POINT('',#11533);
#3631=VERTEX_POINT('',#11535);
#3632=VERTEX_POINT('',#11537);
#3633=VERTEX_POINT('',#11539);
#3634=VERTEX_POINT('',#11541);
#3635=VERTEX_POINT('',#11543);
#3636=VERTEX_POINT('',#11545);
#3637=VERTEX_POINT('',#11547);
#3638=VERTEX_POINT('',#11549);
#3639=VERTEX_POINT('',#11552);
#3640=VERTEX_POINT('',#11554);
#3641=VERTEX_POINT('',#11556);
#3642=VERTEX_POINT('',#11558);
#3643=VERTEX_POINT('',#11561);
#3644=VERTEX_POINT('',#11565);
#3645=VERTEX_POINT('',#11567);
#3646=VERTEX_POINT('',#11569);
#3647=VERTEX_POINT('',#11571);
#3648=VERTEX_POINT('',#11573);
#3649=VERTEX_POINT('',#11575);
#3650=VERTEX_POINT('',#11577);
#3651=VERTEX_POINT('',#11579);
#3652=VERTEX_POINT('',#11581);
#3653=VERTEX_POINT('',#11584);
#3654=VERTEX_POINT('',#11586);
#3655=VERTEX_POINT('',#11588);
#3656=VERTEX_POINT('',#11590);
#3657=VERTEX_POINT('',#11596);
#3658=VERTEX_POINT('',#11601);
#3659=VERTEX_POINT('',#11610);
#3660=VERTEX_POINT('',#11618);
#3661=VERTEX_POINT('',#11636);
#3662=VERTEX_POINT('',#11637);
#3663=VERTEX_POINT('',#11641);
#3664=VERTEX_POINT('',#11643);
#3665=VERTEX_POINT('',#11647);
#3666=VERTEX_POINT('',#11652);
#3667=VERTEX_POINT('',#11654);
#3668=VERTEX_POINT('',#11658);
#3669=VERTEX_POINT('',#11660);
#3670=VERTEX_POINT('',#11662);
#3671=VERTEX_POINT('',#11664);
#3672=VERTEX_POINT('',#11666);
#3673=VERTEX_POINT('',#11668);
#3674=VERTEX_POINT('',#11671);
#3675=VERTEX_POINT('',#11672);
#3676=VERTEX_POINT('',#11674);
#3677=VERTEX_POINT('',#11676);
#3678=VERTEX_POINT('',#11679);
#3679=VERTEX_POINT('',#11680);
#3680=VERTEX_POINT('',#11682);
#3681=VERTEX_POINT('',#11684);
#3682=VERTEX_POINT('',#11687);
#3683=VERTEX_POINT('',#11688);
#3684=VERTEX_POINT('',#11690);
#3685=VERTEX_POINT('',#11692);
#3686=VERTEX_POINT('',#11695);
#3687=VERTEX_POINT('',#11696);
#3688=VERTEX_POINT('',#11698);
#3689=VERTEX_POINT('',#11700);
#3690=VERTEX_POINT('',#11703);
#3691=VERTEX_POINT('',#11704);
#3692=VERTEX_POINT('',#11706);
#3693=VERTEX_POINT('',#11708);
#3694=VERTEX_POINT('',#11711);
#3695=VERTEX_POINT('',#11712);
#3696=VERTEX_POINT('',#11714);
#3697=VERTEX_POINT('',#11716);
#3698=VERTEX_POINT('',#11719);
#3699=VERTEX_POINT('',#11720);
#3700=VERTEX_POINT('',#11722);
#3701=VERTEX_POINT('',#11724);
#3702=VERTEX_POINT('',#11727);
#3703=VERTEX_POINT('',#11728);
#3704=VERTEX_POINT('',#11730);
#3705=VERTEX_POINT('',#11732);
#3706=VERTEX_POINT('',#11735);
#3707=VERTEX_POINT('',#11736);
#3708=VERTEX_POINT('',#11738);
#3709=VERTEX_POINT('',#11740);
#3710=VERTEX_POINT('',#11743);
#3711=VERTEX_POINT('',#11744);
#3712=VERTEX_POINT('',#11746);
#3713=VERTEX_POINT('',#11748);
#3714=VERTEX_POINT('',#11752);
#3715=VERTEX_POINT('',#11756);
#3716=VERTEX_POINT('',#11759);
#3717=VERTEX_POINT('',#11764);
#3718=VERTEX_POINT('',#11768);
#3719=VERTEX_POINT('',#11771);
#3720=VERTEX_POINT('',#11773);
#3721=VERTEX_POINT('',#11782);
#3722=VERTEX_POINT('',#11784);
#3723=VERTEX_POINT('',#11793);
#3724=VERTEX_POINT('',#11795);
#3725=VERTEX_POINT('',#11804);
#3726=VERTEX_POINT('',#11806);
#3727=VERTEX_POINT('',#11815);
#3728=VERTEX_POINT('',#11817);
#3729=VERTEX_POINT('',#11826);
#3730=VERTEX_POINT('',#11828);
#3731=VERTEX_POINT('',#11837);
#3732=VERTEX_POINT('',#11839);
#3733=VERTEX_POINT('',#11848);
#3734=VERTEX_POINT('',#11850);
#3735=VERTEX_POINT('',#11859);
#3736=VERTEX_POINT('',#11861);
#3737=VERTEX_POINT('',#11870);
#3738=VERTEX_POINT('',#11872);
#3739=VERTEX_POINT('',#11881);
#3740=VERTEX_POINT('',#11883);
#3741=VERTEX_POINT('',#11887);
#3742=VERTEX_POINT('',#11891);
#3743=VERTEX_POINT('',#11895);
#3744=VERTEX_POINT('',#11901);
#3745=VERTEX_POINT('',#11908);
#3746=VERTEX_POINT('',#11909);
#3747=VERTEX_POINT('',#11920);
#3748=VERTEX_POINT('',#11934);
#3749=VERTEX_POINT('',#11938);
#3750=VERTEX_POINT('',#11940);
#3751=VERTEX_POINT('',#11944);
#3752=VERTEX_POINT('',#11951);
#3753=VERTEX_POINT('',#11953);
#3754=VERTEX_POINT('',#11957);
#3755=VERTEX_POINT('',#11959);
#3756=VERTEX_POINT('',#11961);
#3757=VERTEX_POINT('',#11963);
#3758=VERTEX_POINT('',#11965);
#3759=VERTEX_POINT('',#11969);
#3760=VERTEX_POINT('',#11971);
#3761=VERTEX_POINT('',#11973);
#3762=VERTEX_POINT('',#11975);
#3763=VERTEX_POINT('',#11977);
#3764=VERTEX_POINT('',#11979);
#3765=VERTEX_POINT('',#11983);
#3766=VERTEX_POINT('',#11985);
#3767=VERTEX_POINT('',#11989);
#3768=VERTEX_POINT('',#12000);
#3769=VERTEX_POINT('',#12016);
#3770=VERTEX_POINT('',#12018);
#3771=VERTEX_POINT('',#12020);
#3772=VERTEX_POINT('',#12022);
#3773=VERTEX_POINT('',#12024);
#3774=VERTEX_POINT('',#12026);
#3775=VERTEX_POINT('',#12028);
#3776=VERTEX_POINT('',#12030);
#3777=VERTEX_POINT('',#12037);
#3778=VERTEX_POINT('',#12041);
#3779=VERTEX_POINT('',#12045);
#3780=VERTEX_POINT('',#12048);
#3781=VERTEX_POINT('',#12053);
#3782=VERTEX_POINT('',#12057);
#3783=VERTEX_POINT('',#12063);
#3784=VERTEX_POINT('',#12067);
#3785=EDGE_CURVE('',#3093,#3093,#2903,.T.);
#3786=EDGE_CURVE('',#3093,#3094,#1235,.T.);
#3787=EDGE_CURVE('',#3094,#3094,#2904,.T.);
#3788=EDGE_CURVE('',#3095,#3095,#2905,.T.);
#3789=EDGE_CURVE('',#3095,#3096,#1236,.T.);
#3790=EDGE_CURVE('',#3096,#3096,#2906,.T.);
#3791=EDGE_CURVE('',#3097,#3097,#2907,.T.);
#3792=EDGE_CURVE('',#3097,#3098,#1237,.T.);
#3793=EDGE_CURVE('',#3098,#3098,#2908,.T.);
#3794=EDGE_CURVE('',#3099,#3099,#2909,.T.);
#3795=EDGE_CURVE('',#3099,#3100,#1238,.T.);
#3796=EDGE_CURVE('',#3100,#3100,#2910,.T.);
#3797=EDGE_CURVE('',#3101,#3102,#1239,.T.);
#3798=EDGE_CURVE('',#3101,#3103,#1240,.T.);
#3799=EDGE_CURVE('',#3104,#3103,#1241,.T.);
#3800=EDGE_CURVE('',#3102,#3104,#1242,.T.);
#3801=EDGE_CURVE('',#3102,#3105,#2911,.T.);
#3802=EDGE_CURVE('',#3106,#3104,#2912,.T.);
#3803=EDGE_CURVE('',#3105,#3106,#1243,.T.);
#3804=EDGE_CURVE('',#3105,#3107,#1244,.T.);
#3805=EDGE_CURVE('',#3108,#3106,#1245,.T.);
#3806=EDGE_CURVE('',#3107,#3108,#1246,.T.);
#3807=EDGE_CURVE('',#3107,#3109,#2913,.T.);
#3808=EDGE_CURVE('',#3110,#3108,#2914,.T.);
#3809=EDGE_CURVE('',#3109,#3110,#1247,.T.);
#3810=EDGE_CURVE('',#3109,#3111,#1248,.T.);
#3811=EDGE_CURVE('',#3112,#3110,#1249,.T.);
#3812=EDGE_CURVE('',#3111,#3112,#1250,.T.);
#3813=EDGE_CURVE('',#3111,#3113,#2915,.T.);
#3814=EDGE_CURVE('',#3114,#3112,#2916,.T.);
#3815=EDGE_CURVE('',#3113,#3114,#1251,.T.);
#3816=EDGE_CURVE('',#3113,#3115,#1252,.T.);
#3817=EDGE_CURVE('',#3116,#3114,#1253,.T.);
#3818=EDGE_CURVE('',#3115,#3116,#1254,.T.);
#3819=EDGE_CURVE('',#3115,#3101,#2917,.T.);
#3820=EDGE_CURVE('',#3103,#3116,#2918,.T.);
#3821=EDGE_CURVE('',#3117,#3118,#1255,.T.);
#3822=EDGE_CURVE('',#3118,#3119,#2919,.T.);
#3823=EDGE_CURVE('',#3119,#3120,#1256,.T.);
#3824=EDGE_CURVE('',#3120,#3121,#2920,.T.);
#3825=EDGE_CURVE('',#3121,#3122,#1257,.T.);
#3826=EDGE_CURVE('',#3122,#3123,#2921,.T.);
#3827=EDGE_CURVE('',#3123,#3124,#1258,.T.);
#3828=EDGE_CURVE('',#3124,#3117,#2922,.T.);
#3829=EDGE_CURVE('',#3125,#3126,#1259,.T.);
#3830=EDGE_CURVE('',#3125,#3127,#1260,.T.);
#3831=EDGE_CURVE('',#3128,#3127,#1261,.T.);
#3832=EDGE_CURVE('',#3126,#3128,#1262,.T.);
#3833=EDGE_CURVE('',#3126,#3129,#1263,.T.);
#3834=EDGE_CURVE('',#3130,#3128,#1264,.T.);
#3835=EDGE_CURVE('',#3129,#3130,#1265,.T.);
#3836=EDGE_CURVE('',#3129,#3131,#1266,.T.);
#3837=EDGE_CURVE('',#3132,#3130,#1267,.T.);
#3838=EDGE_CURVE('',#3131,#3132,#1268,.T.);
#3839=EDGE_CURVE('',#3131,#3133,#1269,.T.);
#3840=EDGE_CURVE('',#3134,#3132,#1270,.T.);
#3841=EDGE_CURVE('',#3133,#3134,#1271,.T.);
#3842=EDGE_CURVE('',#3133,#3135,#1272,.T.);
#3843=EDGE_CURVE('',#3136,#3134,#1273,.T.);
#3844=EDGE_CURVE('',#3135,#3136,#1274,.T.);
#3845=EDGE_CURVE('',#3135,#3137,#1275,.T.);
#3846=EDGE_CURVE('',#3138,#3136,#1276,.T.);
#3847=EDGE_CURVE('',#3137,#3138,#1277,.T.);
#3848=EDGE_CURVE('',#3137,#3139,#1278,.T.);
#3849=EDGE_CURVE('',#3140,#3138,#1279,.T.);
#3850=EDGE_CURVE('',#3139,#3140,#1280,.T.);
#3851=EDGE_CURVE('',#3139,#3141,#1281,.T.);
#3852=EDGE_CURVE('',#3142,#3140,#1282,.T.);
#3853=EDGE_CURVE('',#3141,#3142,#1283,.T.);
#3854=EDGE_CURVE('',#3141,#3143,#1284,.T.);
#3855=EDGE_CURVE('',#3144,#3142,#1285,.T.);
#3856=EDGE_CURVE('',#3143,#3144,#1286,.T.);
#3857=EDGE_CURVE('',#3143,#3125,#1287,.T.);
#3858=EDGE_CURVE('',#3127,#3144,#1288,.T.);
#3859=EDGE_CURVE('',#3145,#3146,#1289,.T.);
#3860=EDGE_CURVE('',#3145,#3118,#1290,.T.);
#3861=EDGE_CURVE('',#3146,#3117,#1291,.T.);
#3862=EDGE_CURVE('',#3146,#3147,#2923,.T.);
#3863=EDGE_CURVE('',#3147,#3124,#1292,.T.);
#3864=EDGE_CURVE('',#3147,#3148,#1293,.T.);
#3865=EDGE_CURVE('',#3148,#3123,#1294,.T.);
#3866=EDGE_CURVE('',#3148,#3149,#2924,.T.);
#3867=EDGE_CURVE('',#3149,#3122,#1295,.T.);
#3868=EDGE_CURVE('',#3149,#3150,#1296,.T.);
#3869=EDGE_CURVE('',#3150,#3121,#1297,.T.);
#3870=EDGE_CURVE('',#3150,#3151,#2925,.T.);
#3871=EDGE_CURVE('',#3151,#3120,#1298,.T.);
#3872=EDGE_CURVE('',#3151,#3152,#1299,.T.);
#3873=EDGE_CURVE('',#3152,#3119,#1300,.T.);
#3874=EDGE_CURVE('',#3152,#3145,#2926,.T.);
#3875=EDGE_CURVE('',#3153,#3154,#1301,.T.);
#3876=EDGE_CURVE('',#3154,#3155,#1302,.T.);
#3877=EDGE_CURVE('',#3156,#3155,#1303,.T.);
#3878=EDGE_CURVE('',#3153,#3156,#1304,.T.);
#3879=EDGE_CURVE('',#3157,#3153,#1305,.T.);
#3880=EDGE_CURVE('',#3158,#3156,#1306,.T.);
#3881=EDGE_CURVE('',#3157,#3158,#1307,.T.);
#3882=EDGE_CURVE('',#3159,#3157,#1308,.T.);
#3883=EDGE_CURVE('',#3160,#3158,#1309,.T.);
#3884=EDGE_CURVE('',#3159,#3160,#1310,.T.);
#3885=EDGE_CURVE('',#3154,#3159,#1311,.T.);
#3886=EDGE_CURVE('',#3155,#3160,#1312,.T.);
#3887=EDGE_CURVE('',#3161,#3161,#2927,.T.);
#3888=EDGE_CURVE('',#3161,#3162,#1313,.T.);
#3889=EDGE_CURVE('',#3162,#3162,#2928,.T.);
#3890=EDGE_CURVE('',#3163,#3164,#1314,.T.);
#3891=EDGE_CURVE('',#3164,#3165,#1315,.T.);
#3892=EDGE_CURVE('',#3166,#3165,#1316,.T.);
#3893=EDGE_CURVE('',#3163,#3166,#1317,.T.);
#3894=EDGE_CURVE('',#3167,#3163,#1318,.T.);
#3895=EDGE_CURVE('',#3168,#3166,#1319,.T.);
#3896=EDGE_CURVE('',#3167,#3168,#1320,.T.);
#3897=EDGE_CURVE('',#3169,#3167,#1321,.T.);
#3898=EDGE_CURVE('',#3170,#3168,#1322,.T.);
#3899=EDGE_CURVE('',#3169,#3170,#1323,.T.);
#3900=EDGE_CURVE('',#3164,#3169,#1324,.T.);
#3901=EDGE_CURVE('',#3165,#3170,#1325,.T.);
#3902=EDGE_CURVE('',#3171,#3172,#1326,.T.);
#3903=EDGE_CURVE('',#3172,#3173,#1327,.T.);
#3904=EDGE_CURVE('',#3174,#3173,#1328,.T.);
#3905=EDGE_CURVE('',#3171,#3174,#1329,.T.);
#3906=EDGE_CURVE('',#3175,#3171,#1330,.T.);
#3907=EDGE_CURVE('',#3176,#3174,#1331,.T.);
#3908=EDGE_CURVE('',#3175,#3176,#1332,.T.);
#3909=EDGE_CURVE('',#3177,#3175,#1333,.T.);
#3910=EDGE_CURVE('',#3178,#3176,#1334,.T.);
#3911=EDGE_CURVE('',#3177,#3178,#1335,.T.);
#3912=EDGE_CURVE('',#3172,#3177,#1336,.T.);
#3913=EDGE_CURVE('',#3173,#3178,#1337,.T.);
#3914=EDGE_CURVE('',#3179,#3180,#1338,.T.);
#3915=EDGE_CURVE('',#3180,#3181,#1339,.T.);
#3916=EDGE_CURVE('',#3182,#3181,#1340,.T.);
#3917=EDGE_CURVE('',#3179,#3182,#1341,.T.);
#3918=EDGE_CURVE('',#3183,#3179,#1342,.T.);
#3919=EDGE_CURVE('',#3184,#3182,#1343,.T.);
#3920=EDGE_CURVE('',#3183,#3184,#1344,.T.);
#3921=EDGE_CURVE('',#3185,#3183,#1345,.T.);
#3922=EDGE_CURVE('',#3186,#3184,#1346,.T.);
#3923=EDGE_CURVE('',#3185,#3186,#1347,.T.);
#3924=EDGE_CURVE('',#3187,#3185,#1348,.T.);
#3925=EDGE_CURVE('',#3188,#3186,#1349,.T.);
#3926=EDGE_CURVE('',#3187,#3188,#1350,.T.);
#3927=EDGE_CURVE('',#3189,#3187,#1351,.T.);
#3928=EDGE_CURVE('',#3190,#3188,#1352,.T.);
#3929=EDGE_CURVE('',#3189,#3190,#1353,.T.);
#3930=EDGE_CURVE('',#3191,#3189,#1354,.T.);
#3931=EDGE_CURVE('',#3192,#3190,#1355,.T.);
#3932=EDGE_CURVE('',#3191,#3192,#1356,.T.);
#3933=EDGE_CURVE('',#3193,#3191,#1357,.T.);
#3934=EDGE_CURVE('',#3194,#3192,#1358,.T.);
#3935=EDGE_CURVE('',#3193,#3194,#1359,.T.);
#3936=EDGE_CURVE('',#3180,#3193,#1360,.T.);
#3937=EDGE_CURVE('',#3181,#3194,#1361,.T.);
#3938=EDGE_CURVE('',#3195,#3196,#1362,.T.);
#3939=EDGE_CURVE('',#3196,#3197,#1363,.T.);
#3940=EDGE_CURVE('',#3198,#3197,#1364,.T.);
#3941=EDGE_CURVE('',#3195,#3198,#1365,.T.);
#3942=EDGE_CURVE('',#3199,#3195,#1366,.T.);
#3943=EDGE_CURVE('',#3200,#3198,#1367,.T.);
#3944=EDGE_CURVE('',#3199,#3200,#1368,.T.);
#3945=EDGE_CURVE('',#3201,#3199,#1369,.T.);
#3946=EDGE_CURVE('',#3202,#3200,#1370,.T.);
#3947=EDGE_CURVE('',#3201,#3202,#1371,.T.);
#3948=EDGE_CURVE('',#3203,#3201,#1372,.T.);
#3949=EDGE_CURVE('',#3204,#3202,#1373,.T.);
#3950=EDGE_CURVE('',#3203,#3204,#1374,.T.);
#3951=EDGE_CURVE('',#3205,#3203,#1375,.T.);
#3952=EDGE_CURVE('',#3206,#3204,#1376,.T.);
#3953=EDGE_CURVE('',#3205,#3206,#1377,.T.);
#3954=EDGE_CURVE('',#3207,#3205,#1378,.T.);
#3955=EDGE_CURVE('',#3208,#3206,#1379,.T.);
#3956=EDGE_CURVE('',#3207,#3208,#1380,.T.);
#3957=EDGE_CURVE('',#3209,#3207,#1381,.T.);
#3958=EDGE_CURVE('',#3210,#3208,#1382,.T.);
#3959=EDGE_CURVE('',#3209,#3210,#1383,.T.);
#3960=EDGE_CURVE('',#3196,#3209,#1384,.T.);
#3961=EDGE_CURVE('',#3197,#3210,#1385,.T.);
#3962=EDGE_CURVE('',#3211,#3212,#1386,.T.);
#3963=EDGE_CURVE('',#3212,#3213,#1387,.T.);
#3964=EDGE_CURVE('',#3214,#3213,#1388,.T.);
#3965=EDGE_CURVE('',#3211,#3214,#1389,.T.);
#3966=EDGE_CURVE('',#3215,#3211,#1390,.T.);
#3967=EDGE_CURVE('',#3216,#3214,#1391,.T.);
#3968=EDGE_CURVE('',#3215,#3216,#1392,.T.);
#3969=EDGE_CURVE('',#3217,#3215,#1393,.T.);
#3970=EDGE_CURVE('',#3218,#3216,#1394,.T.);
#3971=EDGE_CURVE('',#3217,#3218,#1395,.T.);
#3972=EDGE_CURVE('',#3212,#3217,#1396,.T.);
#3973=EDGE_CURVE('',#3213,#3218,#1397,.T.);
#3974=EDGE_CURVE('',#3219,#3220,#1398,.T.);
#3975=EDGE_CURVE('',#3220,#3221,#1399,.T.);
#3976=EDGE_CURVE('',#3222,#3221,#1400,.T.);
#3977=EDGE_CURVE('',#3219,#3222,#1401,.T.);
#3978=EDGE_CURVE('',#3223,#3219,#1402,.T.);
#3979=EDGE_CURVE('',#3224,#3222,#1403,.T.);
#3980=EDGE_CURVE('',#3223,#3224,#1404,.T.);
#3981=EDGE_CURVE('',#3225,#3223,#1405,.T.);
#3982=EDGE_CURVE('',#3226,#3224,#1406,.T.);
#3983=EDGE_CURVE('',#3225,#3226,#1407,.T.);
#3984=EDGE_CURVE('',#3220,#3225,#1408,.T.);
#3985=EDGE_CURVE('',#3221,#3226,#1409,.T.);
#3986=EDGE_CURVE('',#3227,#3228,#1410,.T.);
#3987=EDGE_CURVE('',#3228,#3229,#1411,.T.);
#3988=EDGE_CURVE('',#3230,#3229,#1412,.T.);
#3989=EDGE_CURVE('',#3227,#3230,#1413,.T.);
#3990=EDGE_CURVE('',#3231,#3227,#1414,.T.);
#3991=EDGE_CURVE('',#3232,#3230,#1415,.T.);
#3992=EDGE_CURVE('',#3231,#3232,#1416,.T.);
#3993=EDGE_CURVE('',#3233,#3231,#1417,.T.);
#3994=EDGE_CURVE('',#3234,#3232,#1418,.T.);
#3995=EDGE_CURVE('',#3233,#3234,#1419,.T.);
#3996=EDGE_CURVE('',#3228,#3233,#1420,.T.);
#3997=EDGE_CURVE('',#3229,#3234,#1421,.T.);
#3998=EDGE_CURVE('',#3235,#3236,#1422,.T.);
#3999=EDGE_CURVE('',#3236,#3237,#1423,.T.);
#4000=EDGE_CURVE('',#3238,#3237,#1424,.T.);
#4001=EDGE_CURVE('',#3235,#3238,#1425,.T.);
#4002=EDGE_CURVE('',#3239,#3235,#1426,.T.);
#4003=EDGE_CURVE('',#3240,#3238,#1427,.T.);
#4004=EDGE_CURVE('',#3239,#3240,#1428,.T.);
#4005=EDGE_CURVE('',#3241,#3239,#1429,.T.);
#4006=EDGE_CURVE('',#3242,#3240,#1430,.T.);
#4007=EDGE_CURVE('',#3241,#3242,#1431,.T.);
#4008=EDGE_CURVE('',#3236,#3241,#1432,.T.);
#4009=EDGE_CURVE('',#3237,#3242,#1433,.T.);
#4010=EDGE_CURVE('',#3243,#3243,#2929,.T.);
#4011=EDGE_CURVE('',#3243,#3244,#1434,.T.);
#4012=EDGE_CURVE('',#3244,#3244,#2930,.T.);
#4013=EDGE_CURVE('',#3245,#3245,#2931,.T.);
#4014=EDGE_CURVE('',#3245,#3246,#1435,.T.);
#4015=EDGE_CURVE('',#3246,#3246,#2932,.T.);
#4016=EDGE_CURVE('',#3247,#3248,#1436,.T.);
#4017=EDGE_CURVE('',#3248,#3249,#1437,.T.);
#4018=EDGE_CURVE('',#3250,#3249,#1438,.T.);
#4019=EDGE_CURVE('',#3247,#3250,#1439,.T.);
#4020=EDGE_CURVE('',#3251,#3247,#1440,.T.);
#4021=EDGE_CURVE('',#3252,#3250,#1441,.T.);
#4022=EDGE_CURVE('',#3251,#3252,#1442,.T.);
#4023=EDGE_CURVE('',#3253,#3251,#1443,.T.);
#4024=EDGE_CURVE('',#3254,#3252,#1444,.T.);
#4025=EDGE_CURVE('',#3253,#3254,#1445,.T.);
#4026=EDGE_CURVE('',#3248,#3253,#1446,.T.);
#4027=EDGE_CURVE('',#3249,#3254,#1447,.T.);
#4028=EDGE_CURVE('',#3255,#3256,#2933,.T.);
#4029=EDGE_CURVE('',#3255,#3257,#1448,.T.);
#4030=EDGE_CURVE('',#3258,#3257,#2934,.T.);
#4031=EDGE_CURVE('',#3256,#3258,#1449,.T.);
#4032=EDGE_CURVE('',#3256,#3259,#1450,.T.);
#4033=EDGE_CURVE('',#3260,#3258,#1451,.T.);
#4034=EDGE_CURVE('',#3259,#3260,#1452,.T.);
#4035=EDGE_CURVE('',#3261,#3259,#1453,.T.);
#4036=EDGE_CURVE('',#3262,#3260,#1454,.T.);
#4037=EDGE_CURVE('',#3261,#3262,#1455,.T.);
#4038=EDGE_CURVE('',#3261,#3263,#1456,.T.);
#4039=EDGE_CURVE('',#3264,#3262,#1457,.T.);
#4040=EDGE_CURVE('',#3263,#3264,#1458,.T.);
#4041=EDGE_CURVE('',#3263,#3265,#2935,.T.);
#4042=EDGE_CURVE('',#3266,#3264,#2936,.T.);
#4043=EDGE_CURVE('',#3265,#3266,#1459,.T.);
#4044=EDGE_CURVE('',#3265,#3267,#1460,.T.);
#4045=EDGE_CURVE('',#3268,#3266,#1461,.T.);
#4046=EDGE_CURVE('',#3267,#3268,#1462,.T.);
#4047=EDGE_CURVE('',#3267,#3269,#2937,.T.);
#4048=EDGE_CURVE('',#3270,#3268,#2938,.T.);
#4049=EDGE_CURVE('',#3269,#3270,#1463,.T.);
#4050=EDGE_CURVE('',#3269,#3271,#1464,.T.);
#4051=EDGE_CURVE('',#3272,#3270,#1465,.T.);
#4052=EDGE_CURVE('',#3271,#3272,#1466,.T.);
#4053=EDGE_CURVE('',#3273,#3271,#1467,.T.);
#4054=EDGE_CURVE('',#3274,#3272,#1468,.T.);
#4055=EDGE_CURVE('',#3273,#3274,#1469,.T.);
#4056=EDGE_CURVE('',#3275,#3273,#1470,.T.);
#4057=EDGE_CURVE('',#3276,#3274,#1471,.T.);
#4058=EDGE_CURVE('',#3275,#3276,#1472,.T.);
#4059=EDGE_CURVE('',#3277,#3275,#1473,.T.);
#4060=EDGE_CURVE('',#3278,#3276,#1474,.T.);
#4061=EDGE_CURVE('',#3277,#3278,#1475,.T.);
#4062=EDGE_CURVE('',#3279,#3277,#2939,.T.);
#4063=EDGE_CURVE('',#3280,#3278,#2940,.T.);
#4064=EDGE_CURVE('',#3279,#3280,#1476,.T.);
#4065=EDGE_CURVE('',#3281,#3279,#1477,.T.);
#4066=EDGE_CURVE('',#3282,#3280,#1478,.T.);
#4067=EDGE_CURVE('',#3281,#3282,#1479,.T.);
#4068=EDGE_CURVE('',#3281,#3283,#2941,.T.);
#4069=EDGE_CURVE('',#3284,#3282,#2942,.T.);
#4070=EDGE_CURVE('',#3283,#3284,#1480,.T.);
#4071=EDGE_CURVE('',#3283,#3285,#1481,.T.);
#4072=EDGE_CURVE('',#3286,#3284,#1482,.T.);
#4073=EDGE_CURVE('',#3285,#3286,#1483,.T.);
#4074=EDGE_CURVE('',#3287,#3285,#2943,.T.);
#4075=EDGE_CURVE('',#3288,#3286,#2944,.T.);
#4076=EDGE_CURVE('',#3287,#3288,#1484,.T.);
#4077=EDGE_CURVE('',#3287,#3289,#1485,.T.);
#4078=EDGE_CURVE('',#3290,#3288,#1486,.T.);
#4079=EDGE_CURVE('',#3289,#3290,#1487,.T.);
#4080=EDGE_CURVE('',#3289,#3291,#2945,.T.);
#4081=EDGE_CURVE('',#3292,#3290,#2946,.T.);
#4082=EDGE_CURVE('',#3291,#3292,#1488,.T.);
#4083=EDGE_CURVE('',#3293,#3291,#1489,.T.);
#4084=EDGE_CURVE('',#3294,#3292,#1490,.T.);
#4085=EDGE_CURVE('',#3293,#3294,#1491,.T.);
#4086=EDGE_CURVE('',#3295,#3293,#1492,.T.);
#4087=EDGE_CURVE('',#3296,#3294,#1493,.T.);
#4088=EDGE_CURVE('',#3295,#3296,#1494,.T.);
#4089=EDGE_CURVE('',#3295,#3297,#1495,.T.);
#4090=EDGE_CURVE('',#3298,#3296,#1496,.T.);
#4091=EDGE_CURVE('',#3297,#3298,#1497,.T.);
#4092=EDGE_CURVE('',#3297,#3299,#1498,.T.);
#4093=EDGE_CURVE('',#3300,#3298,#1499,.T.);
#4094=EDGE_CURVE('',#3299,#3300,#1500,.T.);
#4095=EDGE_CURVE('',#3299,#3301,#1501,.T.);
#4096=EDGE_CURVE('',#3302,#3300,#1502,.T.);
#4097=EDGE_CURVE('',#3301,#3302,#1503,.T.);
#4098=EDGE_CURVE('',#3301,#3303,#1504,.T.);
#4099=EDGE_CURVE('',#3304,#3302,#1505,.T.);
#4100=EDGE_CURVE('',#3303,#3304,#1506,.T.);
#4101=EDGE_CURVE('',#3303,#3305,#1507,.T.);
#4102=EDGE_CURVE('',#3306,#3304,#1508,.T.);
#4103=EDGE_CURVE('',#3305,#3306,#1509,.T.);
#4104=EDGE_CURVE('',#3307,#3305,#1510,.T.);
#4105=EDGE_CURVE('',#3308,#3306,#1511,.T.);
#4106=EDGE_CURVE('',#3307,#3308,#1512,.T.);
#4107=EDGE_CURVE('',#3309,#3307,#1513,.T.);
#4108=EDGE_CURVE('',#3310,#3308,#1514,.T.);
#4109=EDGE_CURVE('',#3309,#3310,#1515,.T.);
#4110=EDGE_CURVE('',#3311,#3309,#1516,.T.);
#4111=EDGE_CURVE('',#3312,#3310,#1517,.T.);
#4112=EDGE_CURVE('',#3311,#3312,#1518,.T.);
#4113=EDGE_CURVE('',#3313,#3311,#1519,.T.);
#4114=EDGE_CURVE('',#3314,#3312,#1520,.T.);
#4115=EDGE_CURVE('',#3313,#3314,#1521,.T.);
#4116=EDGE_CURVE('',#3315,#3313,#1522,.T.);
#4117=EDGE_CURVE('',#3316,#3314,#1523,.T.);
#4118=EDGE_CURVE('',#3315,#3316,#1524,.T.);
#4119=EDGE_CURVE('',#3315,#3317,#1525,.T.);
#4120=EDGE_CURVE('',#3318,#3316,#1526,.T.);
#4121=EDGE_CURVE('',#3317,#3318,#1527,.T.);
#4122=EDGE_CURVE('',#3317,#3319,#1528,.T.);
#4123=EDGE_CURVE('',#3320,#3318,#1529,.T.);
#4124=EDGE_CURVE('',#3319,#3320,#1530,.T.);
#4125=EDGE_CURVE('',#3319,#3321,#1531,.T.);
#4126=EDGE_CURVE('',#3322,#3320,#1532,.T.);
#4127=EDGE_CURVE('',#3321,#3322,#1533,.T.);
#4128=EDGE_CURVE('',#3323,#3321,#1534,.T.);
#4129=EDGE_CURVE('',#3324,#3322,#1535,.T.);
#4130=EDGE_CURVE('',#3323,#3324,#1536,.T.);
#4131=EDGE_CURVE('',#3323,#3325,#1537,.T.);
#4132=EDGE_CURVE('',#3326,#3324,#1538,.T.);
#4133=EDGE_CURVE('',#3325,#3326,#1539,.T.);
#4134=EDGE_CURVE('',#3325,#3327,#2947,.T.);
#4135=EDGE_CURVE('',#3328,#3326,#2948,.T.);
#4136=EDGE_CURVE('',#3327,#3328,#1540,.T.);
#4137=EDGE_CURVE('',#3327,#3329,#1541,.T.);
#4138=EDGE_CURVE('',#3330,#3328,#1542,.T.);
#4139=EDGE_CURVE('',#3329,#3330,#1543,.T.);
#4140=EDGE_CURVE('',#3331,#3329,#1544,.T.);
#4141=EDGE_CURVE('',#3332,#3330,#1545,.T.);
#4142=EDGE_CURVE('',#3331,#3332,#1546,.T.);
#4143=EDGE_CURVE('',#3333,#3331,#1547,.T.);
#4144=EDGE_CURVE('',#3334,#3332,#1548,.T.);
#4145=EDGE_CURVE('',#3333,#3334,#1549,.T.);
#4146=EDGE_CURVE('',#3335,#3333,#1550,.T.);
#4147=EDGE_CURVE('',#3336,#3334,#1551,.T.);
#4148=EDGE_CURVE('',#3335,#3336,#1552,.T.);
#4149=EDGE_CURVE('',#3337,#3335,#1553,.T.);
#4150=EDGE_CURVE('',#3338,#3336,#1554,.T.);
#4151=EDGE_CURVE('',#3337,#3338,#1555,.T.);
#4152=EDGE_CURVE('',#3337,#3339,#2949,.T.);
#4153=EDGE_CURVE('',#3340,#3338,#2950,.T.);
#4154=EDGE_CURVE('',#3339,#3340,#1556,.T.);
#4155=EDGE_CURVE('',#3339,#3341,#1557,.T.);
#4156=EDGE_CURVE('',#3342,#3340,#1558,.T.);
#4157=EDGE_CURVE('',#3341,#3342,#1559,.T.);
#4158=EDGE_CURVE('',#3343,#3341,#1560,.T.);
#4159=EDGE_CURVE('',#3344,#3342,#1561,.T.);
#4160=EDGE_CURVE('',#3343,#3344,#1562,.T.);
#4161=EDGE_CURVE('',#3345,#3343,#2951,.T.);
#4162=EDGE_CURVE('',#3346,#3344,#2952,.T.);
#4163=EDGE_CURVE('',#3345,#3346,#1563,.T.);
#4164=EDGE_CURVE('',#3347,#3345,#1564,.T.);
#4165=EDGE_CURVE('',#3348,#3346,#1565,.T.);
#4166=EDGE_CURVE('',#3347,#3348,#1566,.T.);
#4167=EDGE_CURVE('',#3349,#3347,#1567,.T.);
#4168=EDGE_CURVE('',#3350,#3348,#1568,.T.);
#4169=EDGE_CURVE('',#3349,#3350,#1569,.T.);
#4170=EDGE_CURVE('',#3349,#3351,#2953,.T.);
#4171=EDGE_CURVE('',#3352,#3350,#2954,.T.);
#4172=EDGE_CURVE('',#3351,#3352,#1570,.T.);
#4173=EDGE_CURVE('',#3353,#3351,#1571,.T.);
#4174=EDGE_CURVE('',#3354,#3352,#1572,.T.);
#4175=EDGE_CURVE('',#3353,#3354,#1573,.T.);
#4176=EDGE_CURVE('',#3353,#3355,#1574,.T.);
#4177=EDGE_CURVE('',#3356,#3354,#1575,.T.);
#4178=EDGE_CURVE('',#3355,#3356,#1576,.T.);
#4179=EDGE_CURVE('',#3355,#3357,#1577,.T.);
#4180=EDGE_CURVE('',#3358,#3356,#1578,.T.);
#4181=EDGE_CURVE('',#3357,#3358,#1579,.T.);
#4182=EDGE_CURVE('',#3357,#3359,#1580,.T.);
#4183=EDGE_CURVE('',#3360,#3358,#1581,.T.);
#4184=EDGE_CURVE('',#3359,#3360,#1582,.T.);
#4185=EDGE_CURVE('',#3359,#3361,#1583,.T.);
#4186=EDGE_CURVE('',#3362,#3360,#1584,.T.);
#4187=EDGE_CURVE('',#3361,#3362,#1585,.T.);
#4188=EDGE_CURVE('',#3361,#3363,#1586,.T.);
#4189=EDGE_CURVE('',#3364,#3362,#1587,.T.);
#4190=EDGE_CURVE('',#3363,#3364,#1588,.T.);
#4191=EDGE_CURVE('',#3365,#3363,#1589,.T.);
#4192=EDGE_CURVE('',#3366,#3364,#1590,.T.);
#4193=EDGE_CURVE('',#3365,#3366,#1591,.T.);
#4194=EDGE_CURVE('',#3367,#3365,#1592,.T.);
#4195=EDGE_CURVE('',#3368,#3366,#1593,.T.);
#4196=EDGE_CURVE('',#3367,#3368,#1594,.T.);
#4197=EDGE_CURVE('',#3369,#3367,#1595,.T.);
#4198=EDGE_CURVE('',#3370,#3368,#1596,.T.);
#4199=EDGE_CURVE('',#3369,#3370,#1597,.T.);
#4200=EDGE_CURVE('',#3369,#3371,#1598,.T.);
#4201=EDGE_CURVE('',#3372,#3370,#1599,.T.);
#4202=EDGE_CURVE('',#3371,#3372,#1600,.T.);
#4203=EDGE_CURVE('',#3373,#3371,#1601,.T.);
#4204=EDGE_CURVE('',#3374,#3372,#1602,.T.);
#4205=EDGE_CURVE('',#3373,#3374,#1603,.T.);
#4206=EDGE_CURVE('',#3375,#3373,#2955,.T.);
#4207=EDGE_CURVE('',#3376,#3374,#2956,.T.);
#4208=EDGE_CURVE('',#3375,#3376,#1604,.T.);
#4209=EDGE_CURVE('',#3377,#3375,#1605,.T.);
#4210=EDGE_CURVE('',#3378,#3376,#1606,.T.);
#4211=EDGE_CURVE('',#3377,#3378,#1607,.T.);
#4212=EDGE_CURVE('',#3377,#3379,#1608,.T.);
#4213=EDGE_CURVE('',#3380,#3378,#1609,.T.);
#4214=EDGE_CURVE('',#3379,#3380,#1610,.T.);
#4215=EDGE_CURVE('',#3379,#3381,#2957,.T.);
#4216=EDGE_CURVE('',#3382,#3380,#2958,.T.);
#4217=EDGE_CURVE('',#3381,#3382,#1611,.T.);
#4218=EDGE_CURVE('',#3381,#3383,#1612,.T.);
#4219=EDGE_CURVE('',#3384,#3382,#1613,.T.);
#4220=EDGE_CURVE('',#3383,#3384,#1614,.T.);
#4221=EDGE_CURVE('',#3383,#3385,#2959,.T.);
#4222=EDGE_CURVE('',#3386,#3384,#2960,.T.);
#4223=EDGE_CURVE('',#3385,#3386,#1615,.T.);
#4224=EDGE_CURVE('',#3385,#3387,#2961,.T.);
#4225=EDGE_CURVE('',#3388,#3386,#2962,.T.);
#4226=EDGE_CURVE('',#3387,#3388,#1616,.T.);
#4227=EDGE_CURVE('',#3387,#3389,#1617,.T.);
#4228=EDGE_CURVE('',#3390,#3388,#1618,.T.);
#4229=EDGE_CURVE('',#3389,#3390,#1619,.T.);
#4230=EDGE_CURVE('',#3389,#3391,#2963,.T.);
#4231=EDGE_CURVE('',#3392,#3390,#2964,.T.);
#4232=EDGE_CURVE('',#3391,#3392,#1620,.T.);
#4233=EDGE_CURVE('',#3391,#3393,#1621,.T.);
#4234=EDGE_CURVE('',#3394,#3392,#1622,.T.);
#4235=EDGE_CURVE('',#3393,#3394,#1623,.T.);
#4236=EDGE_CURVE('',#3395,#3393,#1624,.T.);
#4237=EDGE_CURVE('',#3396,#3394,#1625,.T.);
#4238=EDGE_CURVE('',#3395,#3396,#1626,.T.);
#4239=EDGE_CURVE('',#3397,#3395,#2965,.T.);
#4240=EDGE_CURVE('',#3398,#3396,#2966,.T.);
#4241=EDGE_CURVE('',#3397,#3398,#1627,.T.);
#4242=EDGE_CURVE('',#3399,#3397,#1628,.T.);
#4243=EDGE_CURVE('',#3400,#3398,#1629,.T.);
#4244=EDGE_CURVE('',#3399,#3400,#1630,.T.);
#4245=EDGE_CURVE('',#3399,#3401,#1631,.T.);
#4246=EDGE_CURVE('',#3402,#3400,#1632,.T.);
#4247=EDGE_CURVE('',#3401,#3402,#1633,.T.);
#4248=EDGE_CURVE('',#3401,#3403,#2967,.T.);
#4249=EDGE_CURVE('',#3404,#3402,#2968,.T.);
#4250=EDGE_CURVE('',#3403,#3404,#1634,.T.);
#4251=EDGE_CURVE('',#3403,#3405,#1635,.T.);
#4252=EDGE_CURVE('',#3406,#3404,#1636,.T.);
#4253=EDGE_CURVE('',#3405,#3406,#1637,.T.);
#4254=EDGE_CURVE('',#3407,#3405,#1638,.T.);
#4255=EDGE_CURVE('',#3408,#3406,#1639,.T.);
#4256=EDGE_CURVE('',#3407,#3408,#1640,.T.);
#4257=EDGE_CURVE('',#3409,#3407,#1641,.T.);
#4258=EDGE_CURVE('',#3410,#3408,#1642,.T.);
#4259=EDGE_CURVE('',#3409,#3410,#1643,.T.);
#4260=EDGE_CURVE('',#3411,#3409,#1644,.T.);
#4261=EDGE_CURVE('',#3412,#3410,#1645,.T.);
#4262=EDGE_CURVE('',#3411,#3412,#1646,.T.);
#4263=EDGE_CURVE('',#3413,#3411,#1647,.T.);
#4264=EDGE_CURVE('',#3414,#3412,#1648,.T.);
#4265=EDGE_CURVE('',#3413,#3414,#1649,.T.);
#4266=EDGE_CURVE('',#3415,#3413,#1650,.T.);
#4267=EDGE_CURVE('',#3416,#3414,#1651,.T.);
#4268=EDGE_CURVE('',#3415,#3416,#1652,.T.);
#4269=EDGE_CURVE('',#3417,#3415,#1653,.T.);
#4270=EDGE_CURVE('',#3418,#3416,#1654,.T.);
#4271=EDGE_CURVE('',#3417,#3418,#1655,.T.);
#4272=EDGE_CURVE('',#3419,#3417,#1656,.T.);
#4273=EDGE_CURVE('',#3420,#3418,#1657,.T.);
#4274=EDGE_CURVE('',#3419,#3420,#1658,.T.);
#4275=EDGE_CURVE('',#3255,#3419,#1659,.T.);
#4276=EDGE_CURVE('',#3257,#3420,#1660,.T.);
#4277=EDGE_CURVE('',#3421,#3421,#2969,.T.);
#4278=EDGE_CURVE('',#3421,#3422,#1661,.T.);
#4279=EDGE_CURVE('',#3422,#3422,#2970,.T.);
#4280=EDGE_CURVE('',#3423,#3423,#2971,.T.);
#4281=EDGE_CURVE('',#3423,#3424,#1662,.T.);
#4282=EDGE_CURVE('',#3424,#3424,#2972,.T.);
#4283=EDGE_CURVE('',#3425,#3425,#2973,.T.);
#4284=EDGE_CURVE('',#3425,#3426,#1663,.T.);
#4285=EDGE_CURVE('',#3426,#3426,#2974,.T.);
#4286=EDGE_CURVE('',#3427,#3427,#2975,.T.);
#4287=EDGE_CURVE('',#3427,#3428,#1664,.T.);
#4288=EDGE_CURVE('',#3428,#3428,#2976,.T.);
#4289=EDGE_CURVE('',#3429,#3429,#2977,.T.);
#4290=EDGE_CURVE('',#3429,#3430,#1665,.T.);
#4291=EDGE_CURVE('',#3430,#3430,#2978,.T.);
#4292=EDGE_CURVE('',#3431,#3431,#2979,.T.);
#4293=EDGE_CURVE('',#3432,#3432,#2980,.T.);
#4294=EDGE_CURVE('',#3432,#3433,#1666,.T.);
#4295=EDGE_CURVE('',#3433,#3433,#2981,.T.);
#4296=EDGE_CURVE('',#3434,#3434,#2982,.T.);
#4297=EDGE_CURVE('',#3435,#3435,#2983,.T.);
#4298=EDGE_CURVE('',#3435,#3436,#1667,.T.);
#4299=EDGE_CURVE('',#3436,#3436,#2984,.T.);
#4300=EDGE_CURVE('',#3437,#3437,#2985,.T.);
#4301=EDGE_CURVE('',#3438,#3438,#2986,.T.);
#4302=EDGE_CURVE('',#3438,#3439,#1668,.T.);
#4303=EDGE_CURVE('',#3439,#3439,#2987,.T.);
#4304=EDGE_CURVE('',#3440,#3440,#2988,.T.);
#4305=EDGE_CURVE('',#3441,#3442,#1669,.T.);
#4306=EDGE_CURVE('',#3441,#3443,#1670,.T.);
#4307=EDGE_CURVE('',#3444,#3443,#1671,.T.);
#4308=EDGE_CURVE('',#3442,#3444,#1672,.T.);
#4309=EDGE_CURVE('',#3445,#3442,#2989,.T.);
#4310=EDGE_CURVE('',#3446,#3444,#2990,.T.);
#4311=EDGE_CURVE('',#3445,#3446,#1673,.T.);
#4312=EDGE_CURVE('',#3447,#3445,#1674,.T.);
#4313=EDGE_CURVE('',#3448,#3446,#1675,.T.);
#4314=EDGE_CURVE('',#3447,#3448,#1676,.T.);
#4315=EDGE_CURVE('',#3449,#3450,#2991,.T.);
#4316=EDGE_CURVE('',#3441,#3449,#1677,.T.);
#4317=EDGE_CURVE('',#3450,#3447,#1678,.T.);
#4318=EDGE_CURVE('',#3451,#3451,#2992,.T.);
#4319=EDGE_CURVE('',#3452,#3443,#1679,.T.);
#4320=EDGE_CURVE('',#3453,#3452,#1680,.T.);
#4321=EDGE_CURVE('',#3453,#3454,#2993,.T.);
#4322=EDGE_CURVE('',#3455,#3454,#1681,.T.);
#4323=EDGE_CURVE('',#3455,#3456,#2994,.T.);
#4324=EDGE_CURVE('',#3457,#3456,#1682,.T.);
#4325=EDGE_CURVE('',#3458,#3457,#1683,.T.);
#4326=EDGE_CURVE('',#3458,#3459,#1684,.T.);
#4327=EDGE_CURVE('',#3459,#3460,#1685,.T.);
#4328=EDGE_CURVE('',#3460,#3461,#1686,.T.);
#4329=EDGE_CURVE('',#3462,#3461,#1687,.T.);
#4330=EDGE_CURVE('',#3463,#3462,#1688,.T.);
#4331=EDGE_CURVE('',#3463,#3464,#1689,.T.);
#4332=EDGE_CURVE('',#3465,#3464,#1690,.T.);
#4333=EDGE_CURVE('',#3466,#3465,#1691,.T.);
#4334=EDGE_CURVE('',#3467,#3466,#2995,.T.);
#4335=EDGE_CURVE('',#3468,#3467,#1692,.T.);
#4336=EDGE_CURVE('',#3469,#3468,#1693,.T.);
#4337=EDGE_CURVE('',#3469,#3470,#2996,.T.);
#4338=EDGE_CURVE('',#3471,#3470,#1694,.T.);
#4339=EDGE_CURVE('',#3471,#3472,#2997,.T.);
#4340=EDGE_CURVE('',#3473,#3472,#1695,.T.);
#4341=EDGE_CURVE('',#3474,#3473,#1696,.T.);
#4342=EDGE_CURVE('',#3474,#3475,#1697,.T.);
#4343=EDGE_CURVE('',#3475,#3476,#2998,.T.);
#4344=EDGE_CURVE('',#3476,#3477,#1698,.T.);
#4345=EDGE_CURVE('',#3477,#3478,#2999,.T.);
#4346=EDGE_CURVE('',#3478,#3479,#1699,.T.);
#4347=EDGE_CURVE('',#3480,#3479,#1700,.T.);
#4348=EDGE_CURVE('',#3481,#3480,#3000,.T.);
#4349=EDGE_CURVE('',#3482,#3481,#1701,.T.);
#4350=EDGE_CURVE('',#3483,#3482,#1702,.T.);
#4351=EDGE_CURVE('',#3483,#3484,#3001,.T.);
#4352=EDGE_CURVE('',#3485,#3484,#1703,.T.);
#4353=EDGE_CURVE('',#3485,#3486,#3002,.T.);
#4354=EDGE_CURVE('',#3486,#3487,#3003,.T.);
#4355=EDGE_CURVE('',#3488,#3487,#1704,.T.);
#4356=EDGE_CURVE('',#3488,#3489,#3004,.T.);
#4357=EDGE_CURVE('',#3490,#3489,#1705,.T.);
#4358=EDGE_CURVE('',#3491,#3490,#1706,.T.);
#4359=EDGE_CURVE('',#3492,#3491,#3005,.T.);
#4360=EDGE_CURVE('',#3493,#3492,#1707,.T.);
#4361=EDGE_CURVE('',#3494,#3493,#1708,.T.);
#4362=EDGE_CURVE('',#3494,#3495,#3006,.T.);
#4363=EDGE_CURVE('',#3496,#3495,#1709,.T.);
#4364=EDGE_CURVE('',#3497,#3496,#1710,.T.);
#4365=EDGE_CURVE('',#3497,#3498,#3007,.T.);
#4366=EDGE_CURVE('',#3499,#3498,#1711,.T.);
#4367=EDGE_CURVE('',#3500,#3499,#1712,.T.);
#4368=EDGE_CURVE('',#3501,#3500,#1713,.T.);
#4369=EDGE_CURVE('',#3501,#3502,#3008,.T.);
#4370=EDGE_CURVE('',#3503,#3502,#1714,.T.);
#4371=EDGE_CURVE('',#3503,#3504,#3009,.T.);
#4372=EDGE_CURVE('',#3505,#3504,#1715,.T.);
#4373=EDGE_CURVE('',#3506,#3505,#1716,.T.);
#4374=EDGE_CURVE('',#3506,#3507,#1717,.T.);
#4375=EDGE_CURVE('',#3507,#3508,#3010,.T.);
#4376=EDGE_CURVE('',#3508,#3509,#1718,.T.);
#4377=EDGE_CURVE('',#3509,#3510,#3011,.T.);
#4378=EDGE_CURVE('',#3510,#3511,#1719,.T.);
#4379=EDGE_CURVE('',#3448,#3511,#1720,.T.);
#4380=EDGE_CURVE('',#3512,#3513,#3012,.T.);
#4381=EDGE_CURVE('',#3514,#3512,#1721,.T.);
#4382=EDGE_CURVE('',#3515,#3514,#3013,.T.);
#4383=EDGE_CURVE('',#3516,#3515,#1722,.T.);
#4384=EDGE_CURVE('',#3517,#3516,#3014,.T.);
#4385=EDGE_CURVE('',#3518,#3517,#1723,.T.);
#4386=EDGE_CURVE('',#3519,#3518,#3015,.T.);
#4387=EDGE_CURVE('',#3513,#3519,#1724,.T.);
#4388=EDGE_CURVE('',#3520,#3520,#3016,.T.);
#4389=EDGE_CURVE('',#3521,#3522,#3017,.T.);
#4390=EDGE_CURVE('',#3523,#3521,#1725,.T.);
#4391=EDGE_CURVE('',#3524,#3523,#3018,.T.);
#4392=EDGE_CURVE('',#3525,#3524,#1726,.T.);
#4393=EDGE_CURVE('',#3526,#3525,#3019,.T.);
#4394=EDGE_CURVE('',#3527,#3526,#1727,.T.);
#4395=EDGE_CURVE('',#3528,#3527,#3020,.T.);
#4396=EDGE_CURVE('',#3522,#3528,#1728,.T.);
#4397=EDGE_CURVE('',#3529,#3529,#3021,.T.);
#4398=EDGE_CURVE('',#3530,#3531,#3022,.T.);
#4399=EDGE_CURVE('',#3532,#3530,#1729,.T.);
#4400=EDGE_CURVE('',#3533,#3532,#3023,.T.);
#4401=EDGE_CURVE('',#3534,#3533,#1730,.T.);
#4402=EDGE_CURVE('',#3535,#3534,#3024,.T.);
#4403=EDGE_CURVE('',#3536,#3535,#1731,.T.);
#4404=EDGE_CURVE('',#3537,#3536,#3025,.T.);
#4405=EDGE_CURVE('',#3531,#3537,#1732,.T.);
#4406=EDGE_CURVE('',#3538,#3538,#3026,.T.);
#4407=EDGE_CURVE('',#3437,#3538,#1733,.T.);
#4408=EDGE_CURVE('',#3530,#3539,#1734,.T.);
#4409=EDGE_CURVE('',#3540,#3539,#1735,.T.);
#4410=EDGE_CURVE('',#3532,#3540,#1736,.T.);
#4411=EDGE_CURVE('',#3541,#3540,#3027,.T.);
#4412=EDGE_CURVE('',#3533,#3541,#1737,.T.);
#4413=EDGE_CURVE('',#3542,#3541,#1738,.T.);
#4414=EDGE_CURVE('',#3534,#3542,#1739,.T.);
#4415=EDGE_CURVE('',#3543,#3542,#3028,.T.);
#4416=EDGE_CURVE('',#3535,#3543,#1740,.T.);
#4417=EDGE_CURVE('',#3544,#3543,#1741,.T.);
#4418=EDGE_CURVE('',#3536,#3544,#1742,.T.);
#4419=EDGE_CURVE('',#3545,#3544,#3029,.T.);
#4420=EDGE_CURVE('',#3537,#3545,#1743,.T.);
#4421=EDGE_CURVE('',#3546,#3545,#1744,.T.);
#4422=EDGE_CURVE('',#3531,#3546,#1745,.T.);
#4423=EDGE_CURVE('',#3539,#3546,#3030,.T.);
#4424=EDGE_CURVE('',#3440,#3529,#1746,.T.);
#4425=EDGE_CURVE('',#3521,#3547,#1747,.T.);
#4426=EDGE_CURVE('',#3548,#3547,#1748,.T.);
#4427=EDGE_CURVE('',#3523,#3548,#1749,.T.);
#4428=EDGE_CURVE('',#3549,#3548,#3031,.T.);
#4429=EDGE_CURVE('',#3524,#3549,#1750,.T.);
#4430=EDGE_CURVE('',#3550,#3549,#1751,.T.);
#4431=EDGE_CURVE('',#3525,#3550,#1752,.T.);
#4432=EDGE_CURVE('',#3551,#3550,#3032,.T.);
#4433=EDGE_CURVE('',#3526,#3551,#1753,.T.);
#4434=EDGE_CURVE('',#3552,#3551,#1754,.T.);
#4435=EDGE_CURVE('',#3527,#3552,#1755,.T.);
#4436=EDGE_CURVE('',#3553,#3552,#3033,.T.);
#4437=EDGE_CURVE('',#3528,#3553,#1756,.T.);
#4438=EDGE_CURVE('',#3554,#3553,#1757,.T.);
#4439=EDGE_CURVE('',#3522,#3554,#1758,.T.);
#4440=EDGE_CURVE('',#3547,#3554,#3034,.T.);
#4441=EDGE_CURVE('',#3434,#3451,#1759,.T.);
#4442=EDGE_CURVE('',#3431,#3520,#1760,.T.);
#4443=EDGE_CURVE('',#3512,#3555,#1761,.T.);
#4444=EDGE_CURVE('',#3556,#3555,#1762,.T.);
#4445=EDGE_CURVE('',#3514,#3556,#1763,.T.);
#4446=EDGE_CURVE('',#3557,#3556,#3035,.T.);
#4447=EDGE_CURVE('',#3515,#3557,#1764,.T.);
#4448=EDGE_CURVE('',#3558,#3557,#1765,.T.);
#4449=EDGE_CURVE('',#3516,#3558,#1766,.T.);
#4450=EDGE_CURVE('',#3559,#3558,#3036,.T.);
#4451=EDGE_CURVE('',#3517,#3559,#1767,.T.);
#4452=EDGE_CURVE('',#3560,#3559,#1768,.T.);
#4453=EDGE_CURVE('',#3518,#3560,#1769,.T.);
#4454=EDGE_CURVE('',#3561,#3560,#3037,.T.);
#4455=EDGE_CURVE('',#3519,#3561,#1770,.T.);
#4456=EDGE_CURVE('',#3562,#3561,#1771,.T.);
#4457=EDGE_CURVE('',#3513,#3562,#1772,.T.);
#4458=EDGE_CURVE('',#3555,#3562,#3038,.T.);
#4459=EDGE_CURVE('',#3501,#3563,#1773,.T.);
#4460=EDGE_CURVE('',#3564,#3563,#3039,.T.);
#4461=EDGE_CURVE('',#3502,#3564,#1774,.T.);
#4462=EDGE_CURVE('',#3565,#3564,#1775,.T.);
#4463=EDGE_CURVE('',#3503,#3565,#1776,.T.);
#4464=EDGE_CURVE('',#3566,#3565,#3040,.T.);
#4465=EDGE_CURVE('',#3504,#3566,#1777,.T.);
#4466=EDGE_CURVE('',#3567,#3566,#1778,.T.);
#4467=EDGE_CURVE('',#3505,#3567,#1779,.T.);
#4468=EDGE_CURVE('',#3568,#3567,#1780,.T.);
#4469=EDGE_CURVE('',#3506,#3568,#1781,.T.);
#4470=EDGE_CURVE('',#3569,#3568,#1782,.T.);
#4471=EDGE_CURVE('',#3507,#3569,#1783,.T.);
#4472=EDGE_CURVE('',#3570,#3569,#3041,.T.);
#4473=EDGE_CURVE('',#3508,#3570,#1784,.T.);
#4474=EDGE_CURVE('',#3571,#3570,#1785,.T.);
#4475=EDGE_CURVE('',#3509,#3571,#1786,.T.);
#4476=EDGE_CURVE('',#3572,#3571,#3042,.T.);
#4477=EDGE_CURVE('',#3510,#3572,#1787,.T.);
#4478=EDGE_CURVE('',#3573,#3572,#1788,.T.);
#4479=EDGE_CURVE('',#3511,#3573,#1789,.T.);
#4480=EDGE_CURVE('',#3574,#3573,#1790,.T.);
#4481=EDGE_CURVE('',#3450,#3574,#1791,.T.);
#4482=EDGE_CURVE('',#3575,#3574,#3043,.T.);
#4483=EDGE_CURVE('',#3449,#3575,#1792,.T.);
#4484=EDGE_CURVE('',#3576,#3575,#1793,.T.);
#4485=EDGE_CURVE('',#3452,#3576,#1794,.T.);
#4486=EDGE_CURVE('',#3577,#3576,#1795,.T.);
#4487=EDGE_CURVE('',#3453,#3577,#1796,.T.);
#4488=EDGE_CURVE('',#3578,#3577,#3044,.T.);
#4489=EDGE_CURVE('',#3454,#3578,#1797,.T.);
#4490=EDGE_CURVE('',#3579,#3578,#1798,.T.);
#4491=EDGE_CURVE('',#3455,#3579,#1799,.T.);
#4492=EDGE_CURVE('',#3580,#3579,#3045,.T.);
#4493=EDGE_CURVE('',#3456,#3580,#1800,.T.);
#4494=EDGE_CURVE('',#3581,#3580,#1801,.T.);
#4495=EDGE_CURVE('',#3457,#3581,#1802,.T.);
#4496=EDGE_CURVE('',#3582,#3581,#1803,.T.);
#4497=EDGE_CURVE('',#3458,#3582,#1804,.T.);
#4498=EDGE_CURVE('',#3583,#3582,#1805,.T.);
#4499=EDGE_CURVE('',#3459,#3583,#1806,.T.);
#4500=EDGE_CURVE('',#3584,#3583,#1807,.T.);
#4501=EDGE_CURVE('',#3460,#3584,#1808,.T.);
#4502=EDGE_CURVE('',#3585,#3584,#1809,.T.);
#4503=EDGE_CURVE('',#3461,#3585,#1810,.T.);
#4504=EDGE_CURVE('',#3586,#3585,#1811,.T.);
#4505=EDGE_CURVE('',#3462,#3586,#1812,.T.);
#4506=EDGE_CURVE('',#3587,#3586,#1813,.T.);
#4507=EDGE_CURVE('',#3463,#3587,#1814,.T.);
#4508=EDGE_CURVE('',#3588,#3587,#1815,.T.);
#4509=EDGE_CURVE('',#3464,#3588,#1816,.T.);
#4510=EDGE_CURVE('',#3589,#3588,#1817,.T.);
#4511=EDGE_CURVE('',#3465,#3589,#1818,.T.);
#4512=EDGE_CURVE('',#3590,#3589,#1819,.T.);
#4513=EDGE_CURVE('',#3466,#3590,#1820,.T.);
#4514=EDGE_CURVE('',#3591,#3590,#3046,.T.);
#4515=EDGE_CURVE('',#3467,#3591,#1821,.T.);
#4516=EDGE_CURVE('',#3592,#3591,#1822,.T.);
#4517=EDGE_CURVE('',#3468,#3592,#1823,.T.);
#4518=EDGE_CURVE('',#3593,#3592,#1824,.T.);
#4519=EDGE_CURVE('',#3469,#3593,#1825,.T.);
#4520=EDGE_CURVE('',#3594,#3593,#3047,.T.);
#4521=EDGE_CURVE('',#3470,#3594,#1826,.T.);
#4522=EDGE_CURVE('',#3595,#3594,#1827,.T.);
#4523=EDGE_CURVE('',#3471,#3595,#1828,.T.);
#4524=EDGE_CURVE('',#3596,#3595,#3048,.T.);
#4525=EDGE_CURVE('',#3472,#3596,#1829,.T.);
#4526=EDGE_CURVE('',#3597,#3596,#1830,.T.);
#4527=EDGE_CURVE('',#3473,#3597,#1831,.T.);
#4528=EDGE_CURVE('',#3598,#3597,#1832,.T.);
#4529=EDGE_CURVE('',#3474,#3598,#1833,.T.);
#4530=EDGE_CURVE('',#3599,#3598,#1834,.T.);
#4531=EDGE_CURVE('',#3475,#3599,#1835,.T.);
#4532=EDGE_CURVE('',#3600,#3599,#3049,.T.);
#4533=EDGE_CURVE('',#3476,#3600,#1836,.T.);
#4534=EDGE_CURVE('',#3601,#3600,#1837,.T.);
#4535=EDGE_CURVE('',#3477,#3601,#1838,.T.);
#4536=EDGE_CURVE('',#3602,#3601,#3050,.T.);
#4537=EDGE_CURVE('',#3478,#3602,#1839,.T.);
#4538=EDGE_CURVE('',#3603,#3602,#1840,.T.);
#4539=EDGE_CURVE('',#3479,#3603,#1841,.T.);
#4540=EDGE_CURVE('',#3604,#3603,#1842,.T.);
#4541=EDGE_CURVE('',#3480,#3604,#1843,.T.);
#4542=EDGE_CURVE('',#3605,#3604,#3051,.T.);
#4543=EDGE_CURVE('',#3481,#3605,#1844,.T.);
#4544=EDGE_CURVE('',#3606,#3605,#1845,.T.);
#4545=EDGE_CURVE('',#3482,#3606,#1846,.T.);
#4546=EDGE_CURVE('',#3607,#3606,#1847,.T.);
#4547=EDGE_CURVE('',#3483,#3607,#1848,.T.);
#4548=EDGE_CURVE('',#3608,#3607,#3052,.T.);
#4549=EDGE_CURVE('',#3484,#3608,#1849,.T.);
#4550=EDGE_CURVE('',#3609,#3608,#1850,.T.);
#4551=EDGE_CURVE('',#3485,#3609,#1851,.T.);
#4552=EDGE_CURVE('',#3610,#3609,#3053,.T.);
#4553=EDGE_CURVE('',#3486,#3610,#1852,.T.);
#4554=EDGE_CURVE('',#3611,#3610,#3054,.T.);
#4555=EDGE_CURVE('',#3487,#3611,#1853,.T.);
#4556=EDGE_CURVE('',#3612,#3611,#1854,.T.);
#4557=EDGE_CURVE('',#3488,#3612,#1855,.T.);
#4558=EDGE_CURVE('',#3613,#3612,#3055,.T.);
#4559=EDGE_CURVE('',#3489,#3613,#1856,.T.);
#4560=EDGE_CURVE('',#3614,#3613,#1857,.T.);
#4561=EDGE_CURVE('',#3490,#3614,#1858,.T.);
#4562=EDGE_CURVE('',#3615,#3614,#1859,.T.);
#4563=EDGE_CURVE('',#3491,#3615,#1860,.T.);
#4564=EDGE_CURVE('',#3616,#3615,#3056,.T.);
#4565=EDGE_CURVE('',#3492,#3616,#1861,.T.);
#4566=EDGE_CURVE('',#3617,#3616,#1862,.T.);
#4567=EDGE_CURVE('',#3493,#3617,#1863,.T.);
#4568=EDGE_CURVE('',#3618,#3617,#1864,.T.);
#4569=EDGE_CURVE('',#3494,#3618,#1865,.T.);
#4570=EDGE_CURVE('',#3619,#3618,#3057,.T.);
#4571=EDGE_CURVE('',#3495,#3619,#1866,.T.);
#4572=EDGE_CURVE('',#3620,#3619,#1867,.T.);
#4573=EDGE_CURVE('',#3496,#3620,#1868,.T.);
#4574=EDGE_CURVE('',#3621,#3620,#1869,.T.);
#4575=EDGE_CURVE('',#3497,#3621,#1870,.T.);
#4576=EDGE_CURVE('',#3622,#3621,#3058,.T.);
#4577=EDGE_CURVE('',#3498,#3622,#1871,.T.);
#4578=EDGE_CURVE('',#3623,#3622,#1872,.T.);
#4579=EDGE_CURVE('',#3499,#3623,#1873,.T.);
#4580=EDGE_CURVE('',#3624,#3623,#1874,.T.);
#4581=EDGE_CURVE('',#3500,#3624,#1875,.T.);
#4582=EDGE_CURVE('',#3563,#3624,#1876,.T.);
#4583=EDGE_CURVE('',#3625,#3626,#3059,.T.);
#4584=EDGE_CURVE('',#3627,#3625,#1877,.T.);
#4585=EDGE_CURVE('',#3627,#3628,#1878,.T.);
#4586=EDGE_CURVE('',#3626,#3628,#1879,.T.);
#4587=EDGE_CURVE('',#3629,#3625,#1880,.T.);
#4588=EDGE_CURVE('',#3630,#3629,#1881,.T.);
#4589=EDGE_CURVE('',#3631,#3630,#1882,.T.);
#4590=EDGE_CURVE('',#3632,#3631,#1883,.T.);
#4591=EDGE_CURVE('',#3633,#3632,#1884,.T.);
#4592=EDGE_CURVE('',#3634,#3633,#1885,.T.);
#4593=EDGE_CURVE('',#3635,#3634,#1886,.T.);
#4594=EDGE_CURVE('',#3636,#3635,#1887,.T.);
#4595=EDGE_CURVE('',#3637,#3636,#3060,.T.);
#4596=EDGE_CURVE('',#3638,#3637,#1888,.T.);
#4597=EDGE_CURVE('',#3627,#3638,#3061,.T.);
#4598=EDGE_CURVE('',#3639,#3639,#3062,.T.);
#4599=EDGE_CURVE('',#3640,#3640,#3063,.T.);
#4600=EDGE_CURVE('',#3641,#3641,#3064,.T.);
#4601=EDGE_CURVE('',#3642,#3642,#3065,.T.);
#4602=EDGE_CURVE('',#3626,#3643,#1889,.T.);
#4603=EDGE_CURVE('',#3643,#3629,#3066,.T.);
#4604=EDGE_CURVE('',#3628,#3644,#3067,.T.);
#4605=EDGE_CURVE('',#3644,#3645,#1890,.T.);
#4606=EDGE_CURVE('',#3645,#3646,#3068,.T.);
#4607=EDGE_CURVE('',#3646,#3647,#1891,.T.);
#4608=EDGE_CURVE('',#3648,#3647,#1892,.T.);
#4609=EDGE_CURVE('',#3648,#3649,#1893,.T.);
#4610=EDGE_CURVE('',#3649,#3650,#1894,.T.);
#4611=EDGE_CURVE('',#3650,#3651,#1895,.T.);
#4612=EDGE_CURVE('',#3651,#3652,#1896,.T.);
#4613=EDGE_CURVE('',#3652,#3643,#1897,.T.);
#4614=EDGE_CURVE('',#3653,#3653,#3069,.T.);
#4615=EDGE_CURVE('',#3654,#3654,#3070,.T.);
#4616=EDGE_CURVE('',#3655,#3655,#3071,.T.);
#4617=EDGE_CURVE('',#3656,#3656,#3072,.T.);
#4618=EDGE_CURVE('',#3647,#3635,#3073,.T.);
#4619=EDGE_CURVE('',#3634,#3648,#3074,.T.);
#4620=EDGE_CURVE('',#3657,#3630,#1898,.T.);
#4621=EDGE_CURVE('',#3652,#3630,#3075,.T.);
#4622=EDGE_CURVE('',#3630,#3652,#3076,.T.);
#4623=EDGE_CURVE('',#3658,#3629,#1899,.T.);
#4624=EDGE_CURVE('',#3629,#3643,#3077,.T.);
#4625=EDGE_CURVE('',#3631,#3651,#1900,.F.);
#4626=EDGE_CURVE('',#3650,#3632,#1901,.F.);
#4627=EDGE_CURVE('',#3659,#3633,#1902,.T.);
#4628=EDGE_CURVE('',#3649,#3633,#3078,.T.);
#4629=EDGE_CURVE('',#3633,#3649,#3079,.T.);
#4630=EDGE_CURVE('',#3648,#3634,#3080,.T.);
#4631=EDGE_CURVE('',#3660,#3634,#1903,.T.);
#4632=EDGE_CURVE('',#3656,#3639,#1904,.T.);
#4633=EDGE_CURVE('',#3655,#3640,#1905,.T.);
#4634=EDGE_CURVE('',#3654,#3641,#1906,.T.);
#4635=EDGE_CURVE('',#3653,#3642,#1907,.T.);
#4636=EDGE_CURVE('',#3636,#3646,#1908,.T.);
#4637=EDGE_CURVE('',#3637,#3645,#1909,.T.);
#4638=EDGE_CURVE('',#3638,#3644,#1910,.T.);
#4639=EDGE_CURVE('',#3661,#3662,#17,.T.);
#4640=EDGE_CURVE('',#3662,#3663,#3081,.T.);
#4641=EDGE_CURVE('',#3663,#3664,#18,.T.);
#4642=EDGE_CURVE('',#3664,#3665,#1911,.T.);
#4643=EDGE_CURVE('',#3665,#3665,#3082,.T.);
#4644=EDGE_CURVE('',#3664,#3661,#3083,.T.);
#4645=EDGE_CURVE('',#3666,#3661,#1912,.T.);
#4646=EDGE_CURVE('',#3667,#3666,#19,.T.);
#4647=EDGE_CURVE('',#3667,#3668,#1913,.T.);
#4648=EDGE_CURVE('',#3668,#3669,#1914,.T.);
#4649=EDGE_CURVE('',#3669,#3670,#1915,.T.);
#4650=EDGE_CURVE('',#3671,#3670,#1916,.T.);
#4651=EDGE_CURVE('',#3671,#3672,#1917,.T.);
#4652=EDGE_CURVE('',#3672,#3673,#1918,.T.);
#4653=EDGE_CURVE('',#3673,#3662,#1919,.T.);
#4654=EDGE_CURVE('',#3674,#3675,#1920,.T.);
#4655=EDGE_CURVE('',#3675,#3676,#1921,.T.);
#4656=EDGE_CURVE('',#3676,#3677,#1922,.T.);
#4657=EDGE_CURVE('',#3677,#3674,#1923,.T.);
#4658=EDGE_CURVE('',#3678,#3679,#1924,.T.);
#4659=EDGE_CURVE('',#3679,#3680,#1925,.T.);
#4660=EDGE_CURVE('',#3680,#3681,#1926,.T.);
#4661=EDGE_CURVE('',#3681,#3678,#1927,.T.);
#4662=EDGE_CURVE('',#3682,#3683,#1928,.T.);
#4663=EDGE_CURVE('',#3683,#3684,#1929,.T.);
#4664=EDGE_CURVE('',#3684,#3685,#1930,.T.);
#4665=EDGE_CURVE('',#3685,#3682,#1931,.T.);
#4666=EDGE_CURVE('',#3686,#3687,#1932,.T.);
#4667=EDGE_CURVE('',#3687,#3688,#1933,.T.);
#4668=EDGE_CURVE('',#3688,#3689,#1934,.T.);
#4669=EDGE_CURVE('',#3689,#3686,#1935,.T.);
#4670=EDGE_CURVE('',#3690,#3691,#1936,.T.);
#4671=EDGE_CURVE('',#3691,#3692,#1937,.T.);
#4672=EDGE_CURVE('',#3692,#3693,#1938,.T.);
#4673=EDGE_CURVE('',#3693,#3690,#1939,.T.);
#4674=EDGE_CURVE('',#3694,#3695,#1940,.T.);
#4675=EDGE_CURVE('',#3695,#3696,#1941,.T.);
#4676=EDGE_CURVE('',#3696,#3697,#1942,.T.);
#4677=EDGE_CURVE('',#3697,#3694,#1943,.T.);
#4678=EDGE_CURVE('',#3698,#3699,#1944,.T.);
#4679=EDGE_CURVE('',#3699,#3700,#1945,.T.);
#4680=EDGE_CURVE('',#3700,#3701,#1946,.T.);
#4681=EDGE_CURVE('',#3701,#3698,#1947,.T.);
#4682=EDGE_CURVE('',#3702,#3703,#1948,.T.);
#4683=EDGE_CURVE('',#3703,#3704,#1949,.T.);
#4684=EDGE_CURVE('',#3704,#3705,#1950,.T.);
#4685=EDGE_CURVE('',#3705,#3702,#1951,.T.);
#4686=EDGE_CURVE('',#3706,#3707,#1952,.T.);
#4687=EDGE_CURVE('',#3707,#3708,#1953,.T.);
#4688=EDGE_CURVE('',#3708,#3709,#1954,.T.);
#4689=EDGE_CURVE('',#3709,#3706,#1955,.T.);
#4690=EDGE_CURVE('',#3710,#3711,#1956,.T.);
#4691=EDGE_CURVE('',#3711,#3712,#1957,.T.);
#4692=EDGE_CURVE('',#3712,#3713,#1958,.T.);
#4693=EDGE_CURVE('',#3713,#3710,#1959,.T.);
#4694=EDGE_CURVE('',#3664,#3714,#1960,.T.);
#4695=EDGE_CURVE('',#3666,#3714,#3084,.T.);
#4696=EDGE_CURVE('',#3665,#3715,#1961,.T.);
#4697=EDGE_CURVE('',#3714,#3716,#20,.T.);
#4698=EDGE_CURVE('',#3716,#3667,#3085,.T.);
#4699=EDGE_CURVE('',#3714,#3717,#1962,.T.);
#4700=EDGE_CURVE('',#3717,#3717,#3086,.T.);
#4701=EDGE_CURVE('',#3717,#3718,#1963,.T.);
#4702=EDGE_CURVE('',#3710,#3719,#1964,.T.);
#4703=EDGE_CURVE('',#3719,#3720,#1965,.F.);
#4704=EDGE_CURVE('',#3711,#3720,#1966,.T.);
#4705=EDGE_CURVE('',#3713,#3719,#1967,.T.);
#4706=EDGE_CURVE('',#3712,#3720,#1968,.T.);
#4707=EDGE_CURVE('',#3706,#3721,#1969,.T.);
#4708=EDGE_CURVE('',#3721,#3722,#1970,.F.);
#4709=EDGE_CURVE('',#3707,#3722,#1971,.T.);
#4710=EDGE_CURVE('',#3709,#3721,#1972,.T.);
#4711=EDGE_CURVE('',#3708,#3722,#1973,.T.);
#4712=EDGE_CURVE('',#3702,#3723,#1974,.T.);
#4713=EDGE_CURVE('',#3723,#3724,#1975,.F.);
#4714=EDGE_CURVE('',#3703,#3724,#1976,.T.);
#4715=EDGE_CURVE('',#3705,#3723,#1977,.T.);
#4716=EDGE_CURVE('',#3704,#3724,#1978,.T.);
#4717=EDGE_CURVE('',#3698,#3725,#1979,.T.);
#4718=EDGE_CURVE('',#3725,#3726,#1980,.F.);
#4719=EDGE_CURVE('',#3699,#3726,#1981,.T.);
#4720=EDGE_CURVE('',#3701,#3725,#1982,.T.);
#4721=EDGE_CURVE('',#3700,#3726,#1983,.T.);
#4722=EDGE_CURVE('',#3694,#3727,#1984,.T.);
#4723=EDGE_CURVE('',#3727,#3728,#1985,.F.);
#4724=EDGE_CURVE('',#3695,#3728,#1986,.T.);
#4725=EDGE_CURVE('',#3697,#3727,#1987,.T.);
#4726=EDGE_CURVE('',#3696,#3728,#1988,.T.);
#4727=EDGE_CURVE('',#3690,#3729,#1989,.T.);
#4728=EDGE_CURVE('',#3729,#3730,#1990,.F.);
#4729=EDGE_CURVE('',#3691,#3730,#1991,.T.);
#4730=EDGE_CURVE('',#3693,#3729,#1992,.T.);
#4731=EDGE_CURVE('',#3692,#3730,#1993,.T.);
#4732=EDGE_CURVE('',#3686,#3731,#1994,.T.);
#4733=EDGE_CURVE('',#3731,#3732,#1995,.F.);
#4734=EDGE_CURVE('',#3687,#3732,#1996,.T.);
#4735=EDGE_CURVE('',#3689,#3731,#1997,.T.);
#4736=EDGE_CURVE('',#3688,#3732,#1998,.T.);
#4737=EDGE_CURVE('',#3682,#3733,#1999,.T.);
#4738=EDGE_CURVE('',#3733,#3734,#2000,.F.);
#4739=EDGE_CURVE('',#3683,#3734,#2001,.T.);
#4740=EDGE_CURVE('',#3685,#3733,#2002,.T.);
#4741=EDGE_CURVE('',#3684,#3734,#2003,.T.);
#4742=EDGE_CURVE('',#3678,#3735,#2004,.T.);
#4743=EDGE_CURVE('',#3735,#3736,#2005,.F.);
#4744=EDGE_CURVE('',#3679,#3736,#2006,.T.);
#4745=EDGE_CURVE('',#3681,#3735,#2007,.T.);
#4746=EDGE_CURVE('',#3680,#3736,#2008,.T.);
#4747=EDGE_CURVE('',#3674,#3737,#2009,.T.);
#4748=EDGE_CURVE('',#3737,#3738,#2010,.F.);
#4749=EDGE_CURVE('',#3675,#3738,#2011,.T.);
#4750=EDGE_CURVE('',#3677,#3737,#2012,.T.);
#4751=EDGE_CURVE('',#3676,#3738,#2013,.T.);
#4752=EDGE_CURVE('',#3739,#3671,#2014,.T.);
#4753=EDGE_CURVE('',#3670,#3740,#2015,.T.);
#4754=EDGE_CURVE('',#3740,#3739,#2016,.T.);
#4755=EDGE_CURVE('',#3741,#3669,#2017,.T.);
#4756=EDGE_CURVE('',#3741,#3740,#2018,.T.);
#4757=EDGE_CURVE('',#3742,#3673,#2019,.T.);
#4758=EDGE_CURVE('',#3742,#3663,#2020,.T.);
#4759=EDGE_CURVE('',#3716,#3743,#2021,.T.);
#4760=EDGE_CURVE('',#3743,#3668,#2022,.T.);
#4761=EDGE_CURVE('',#3743,#3741,#2023,.T.);
#4762=EDGE_CURVE('',#3744,#3742,#2024,.T.);
#4763=EDGE_CURVE('',#3744,#3672,#2025,.T.);
#4764=EDGE_CURVE('',#3739,#3744,#2026,.T.);
#4765=EDGE_CURVE('',#3745,#3746,#13,.T.);
#4766=EDGE_CURVE('',#3747,#3745,#14,.T.);
#4767=EDGE_CURVE('',#3747,#3748,#21,.T.);
#4768=EDGE_CURVE('',#3748,#3749,#3087,.T.);
#4769=EDGE_CURVE('',#3749,#3750,#22,.T.);
#4770=EDGE_CURVE('',#3750,#3751,#2027,.T.);
#4771=EDGE_CURVE('',#3751,#3751,#3088,.T.);
#4772=EDGE_CURVE('',#3750,#3746,#23,.T.);
#4773=EDGE_CURVE('',#3746,#3752,#2028,.T.);
#4774=EDGE_CURVE('',#3752,#3753,#3089,.T.);
#4775=EDGE_CURVE('',#3753,#3747,#2029,.T.);
#4776=EDGE_CURVE('',#3753,#3754,#2030,.T.);
#4777=EDGE_CURVE('',#3754,#3755,#2031,.T.);
#4778=EDGE_CURVE('',#3755,#3756,#2032,.T.);
#4779=EDGE_CURVE('',#3757,#3756,#2033,.T.);
#4780=EDGE_CURVE('',#3758,#3757,#24,.T.);
#4781=EDGE_CURVE('',#3758,#3759,#2034,.T.);
#4782=EDGE_CURVE('',#3760,#3759,#2035,.T.);
#4783=EDGE_CURVE('',#3760,#3761,#2036,.T.);
#4784=EDGE_CURVE('',#3762,#3761,#2037,.T.);
#4785=EDGE_CURVE('',#3762,#3763,#2038,.T.);
#4786=EDGE_CURVE('',#3764,#3763,#2039,.T.);
#4787=EDGE_CURVE('',#3764,#3748,#2040,.T.);
#4788=EDGE_CURVE('',#3756,#3765,#3090,.T.);
#4789=EDGE_CURVE('',#3766,#3755,#2041,.F.);
#4790=EDGE_CURVE('',#3765,#3766,#2042,.T.);
#4791=EDGE_CURVE('',#3767,#3757,#15,.T.);
#4792=EDGE_CURVE('',#3765,#3768,#2043,.T.);
#4793=EDGE_CURVE('',#3768,#3767,#16,.T.);
#4794=EDGE_CURVE('',#3769,#3749,#2044,.T.);
#4795=EDGE_CURVE('',#3770,#3769,#2045,.T.);
#4796=EDGE_CURVE('',#3771,#3770,#2046,.T.);
#4797=EDGE_CURVE('',#3772,#3771,#2047,.T.);
#4798=EDGE_CURVE('',#3773,#3772,#2048,.T.);
#4799=EDGE_CURVE('',#3774,#3773,#2049,.T.);
#4800=EDGE_CURVE('',#3774,#3775,#2050,.T.);
#4801=EDGE_CURVE('',#3776,#3775,#25,.T.);
#4802=EDGE_CURVE('',#3768,#3776,#26,.T.);
#4803=EDGE_CURVE('',#3777,#3766,#2051,.T.);
#4804=EDGE_CURVE('',#3777,#3752,#2052,.T.);
#4805=EDGE_CURVE('',#3778,#3764,#2053,.T.);
#4806=EDGE_CURVE('',#3769,#3778,#2054,.T.);
#4807=EDGE_CURVE('',#3751,#3779,#2055,.T.);
#4808=EDGE_CURVE('',#3776,#3780,#2056,.T.);
#4809=EDGE_CURVE('',#3780,#3780,#3091,.T.);
#4810=EDGE_CURVE('',#3775,#3758,#3092,.T.);
#4811=EDGE_CURVE('',#3781,#3774,#2057,.T.);
#4812=EDGE_CURVE('',#3759,#3781,#2058,.T.);
#4813=EDGE_CURVE('',#3780,#3782,#2059,.T.);
#4814=EDGE_CURVE('',#3771,#3762,#2060,.T.);
#4815=EDGE_CURVE('',#3761,#3772,#2061,.T.);
#4816=EDGE_CURVE('',#3783,#3770,#2062,.T.);
#4817=EDGE_CURVE('',#3763,#3783,#2063,.T.);
#4818=EDGE_CURVE('',#3784,#3760,#2064,.T.);
#4819=EDGE_CURVE('',#3773,#3784,#2065,.T.);
#4820=EDGE_CURVE('',#3781,#3784,#2066,.T.);
#4821=EDGE_CURVE('',#3783,#3778,#2067,.T.);
#4822=EDGE_CURVE('',#3754,#3777,#2068,.F.);
#4823=ORIENTED_EDGE('',*,*,#3785,.F.);
#4824=ORIENTED_EDGE('',*,*,#3786,.T.);
#4825=ORIENTED_EDGE('',*,*,#3787,.T.);
#4826=ORIENTED_EDGE('',*,*,#3786,.F.);
#4827=ORIENTED_EDGE('',*,*,#3787,.F.);
#4828=ORIENTED_EDGE('',*,*,#3788,.F.);
#4829=ORIENTED_EDGE('',*,*,#3789,.T.);
#4830=ORIENTED_EDGE('',*,*,#3790,.T.);
#4831=ORIENTED_EDGE('',*,*,#3789,.F.);
#4832=ORIENTED_EDGE('',*,*,#3790,.F.);
#4833=ORIENTED_EDGE('',*,*,#3791,.F.);
#4834=ORIENTED_EDGE('',*,*,#3792,.T.);
#4835=ORIENTED_EDGE('',*,*,#3793,.T.);
#4836=ORIENTED_EDGE('',*,*,#3792,.F.);
#4837=ORIENTED_EDGE('',*,*,#3793,.F.);
#4838=ORIENTED_EDGE('',*,*,#3794,.F.);
#4839=ORIENTED_EDGE('',*,*,#3795,.T.);
#4840=ORIENTED_EDGE('',*,*,#3796,.T.);
#4841=ORIENTED_EDGE('',*,*,#3795,.F.);
#4842=ORIENTED_EDGE('',*,*,#3796,.F.);
#4843=ORIENTED_EDGE('',*,*,#3797,.F.);
#4844=ORIENTED_EDGE('',*,*,#3798,.T.);
#4845=ORIENTED_EDGE('',*,*,#3799,.F.);
#4846=ORIENTED_EDGE('',*,*,#3800,.F.);
#4847=ORIENTED_EDGE('',*,*,#3801,.F.);
#4848=ORIENTED_EDGE('',*,*,#3800,.T.);
#4849=ORIENTED_EDGE('',*,*,#3802,.F.);
#4850=ORIENTED_EDGE('',*,*,#3803,.F.);
#4851=ORIENTED_EDGE('',*,*,#3804,.F.);
#4852=ORIENTED_EDGE('',*,*,#3803,.T.);
#4853=ORIENTED_EDGE('',*,*,#3805,.F.);
#4854=ORIENTED_EDGE('',*,*,#3806,.F.);
#4855=ORIENTED_EDGE('',*,*,#3807,.F.);
#4856=ORIENTED_EDGE('',*,*,#3806,.T.);
#4857=ORIENTED_EDGE('',*,*,#3808,.F.);
#4858=ORIENTED_EDGE('',*,*,#3809,.F.);
#4859=ORIENTED_EDGE('',*,*,#3810,.F.);
#4860=ORIENTED_EDGE('',*,*,#3809,.T.);
#4861=ORIENTED_EDGE('',*,*,#3811,.F.);
#4862=ORIENTED_EDGE('',*,*,#3812,.F.);
#4863=ORIENTED_EDGE('',*,*,#3813,.F.);
#4864=ORIENTED_EDGE('',*,*,#3812,.T.);
#4865=ORIENTED_EDGE('',*,*,#3814,.F.);
#4866=ORIENTED_EDGE('',*,*,#3815,.F.);
#4867=ORIENTED_EDGE('',*,*,#3816,.F.);
#4868=ORIENTED_EDGE('',*,*,#3815,.T.);
#4869=ORIENTED_EDGE('',*,*,#3817,.F.);
#4870=ORIENTED_EDGE('',*,*,#3818,.F.);
#4871=ORIENTED_EDGE('',*,*,#3819,.F.);
#4872=ORIENTED_EDGE('',*,*,#3818,.T.);
#4873=ORIENTED_EDGE('',*,*,#3820,.F.);
#4874=ORIENTED_EDGE('',*,*,#3798,.F.);
#4875=ORIENTED_EDGE('',*,*,#3821,.T.);
#4876=ORIENTED_EDGE('',*,*,#3822,.T.);
#4877=ORIENTED_EDGE('',*,*,#3823,.T.);
#4878=ORIENTED_EDGE('',*,*,#3824,.T.);
#4879=ORIENTED_EDGE('',*,*,#3825,.T.);
#4880=ORIENTED_EDGE('',*,*,#3826,.T.);
#4881=ORIENTED_EDGE('',*,*,#3827,.T.);
#4882=ORIENTED_EDGE('',*,*,#3828,.T.);
#4883=ORIENTED_EDGE('',*,*,#3820,.T.);
#4884=ORIENTED_EDGE('',*,*,#3817,.T.);
#4885=ORIENTED_EDGE('',*,*,#3814,.T.);
#4886=ORIENTED_EDGE('',*,*,#3811,.T.);
#4887=ORIENTED_EDGE('',*,*,#3808,.T.);
#4888=ORIENTED_EDGE('',*,*,#3805,.T.);
#4889=ORIENTED_EDGE('',*,*,#3802,.T.);
#4890=ORIENTED_EDGE('',*,*,#3799,.T.);
#4891=ORIENTED_EDGE('',*,*,#3829,.F.);
#4892=ORIENTED_EDGE('',*,*,#3830,.T.);
#4893=ORIENTED_EDGE('',*,*,#3831,.F.);
#4894=ORIENTED_EDGE('',*,*,#3832,.F.);
#4895=ORIENTED_EDGE('',*,*,#3833,.F.);
#4896=ORIENTED_EDGE('',*,*,#3832,.T.);
#4897=ORIENTED_EDGE('',*,*,#3834,.F.);
#4898=ORIENTED_EDGE('',*,*,#3835,.F.);
#4899=ORIENTED_EDGE('',*,*,#3836,.F.);
#4900=ORIENTED_EDGE('',*,*,#3835,.T.);
#4901=ORIENTED_EDGE('',*,*,#3837,.F.);
#4902=ORIENTED_EDGE('',*,*,#3838,.F.);
#4903=ORIENTED_EDGE('',*,*,#3839,.F.);
#4904=ORIENTED_EDGE('',*,*,#3838,.T.);
#4905=ORIENTED_EDGE('',*,*,#3840,.F.);
#4906=ORIENTED_EDGE('',*,*,#3841,.F.);
#4907=ORIENTED_EDGE('',*,*,#3842,.F.);
#4908=ORIENTED_EDGE('',*,*,#3841,.T.);
#4909=ORIENTED_EDGE('',*,*,#3843,.F.);
#4910=ORIENTED_EDGE('',*,*,#3844,.F.);
#4911=ORIENTED_EDGE('',*,*,#3845,.F.);
#4912=ORIENTED_EDGE('',*,*,#3844,.T.);
#4913=ORIENTED_EDGE('',*,*,#3846,.F.);
#4914=ORIENTED_EDGE('',*,*,#3847,.F.);
#4915=ORIENTED_EDGE('',*,*,#3848,.F.);
#4916=ORIENTED_EDGE('',*,*,#3847,.T.);
#4917=ORIENTED_EDGE('',*,*,#3849,.F.);
#4918=ORIENTED_EDGE('',*,*,#3850,.F.);
#4919=ORIENTED_EDGE('',*,*,#3851,.F.);
#4920=ORIENTED_EDGE('',*,*,#3850,.T.);
#4921=ORIENTED_EDGE('',*,*,#3852,.F.);
#4922=ORIENTED_EDGE('',*,*,#3853,.F.);
#4923=ORIENTED_EDGE('',*,*,#3854,.F.);
#4924=ORIENTED_EDGE('',*,*,#3853,.T.);
#4925=ORIENTED_EDGE('',*,*,#3855,.F.);
#4926=ORIENTED_EDGE('',*,*,#3856,.F.);
#4927=ORIENTED_EDGE('',*,*,#3857,.F.);
#4928=ORIENTED_EDGE('',*,*,#3856,.T.);
#4929=ORIENTED_EDGE('',*,*,#3858,.F.);
#4930=ORIENTED_EDGE('',*,*,#3830,.F.);
#4931=ORIENTED_EDGE('',*,*,#3859,.F.);
#4932=ORIENTED_EDGE('',*,*,#3860,.T.);
#4933=ORIENTED_EDGE('',*,*,#3821,.F.);
#4934=ORIENTED_EDGE('',*,*,#3861,.F.);
#4935=ORIENTED_EDGE('',*,*,#3862,.F.);
#4936=ORIENTED_EDGE('',*,*,#3861,.T.);
#4937=ORIENTED_EDGE('',*,*,#3828,.F.);
#4938=ORIENTED_EDGE('',*,*,#3863,.F.);
#4939=ORIENTED_EDGE('',*,*,#3864,.F.);
#4940=ORIENTED_EDGE('',*,*,#3863,.T.);
#4941=ORIENTED_EDGE('',*,*,#3827,.F.);
#4942=ORIENTED_EDGE('',*,*,#3865,.F.);
#4943=ORIENTED_EDGE('',*,*,#3866,.F.);
#4944=ORIENTED_EDGE('',*,*,#3865,.T.);
#4945=ORIENTED_EDGE('',*,*,#3826,.F.);
#4946=ORIENTED_EDGE('',*,*,#3867,.F.);
#4947=ORIENTED_EDGE('',*,*,#3868,.F.);
#4948=ORIENTED_EDGE('',*,*,#3867,.T.);
#4949=ORIENTED_EDGE('',*,*,#3825,.F.);
#4950=ORIENTED_EDGE('',*,*,#3869,.F.);
#4951=ORIENTED_EDGE('',*,*,#3870,.F.);
#4952=ORIENTED_EDGE('',*,*,#3869,.T.);
#4953=ORIENTED_EDGE('',*,*,#3824,.F.);
#4954=ORIENTED_EDGE('',*,*,#3871,.F.);
#4955=ORIENTED_EDGE('',*,*,#3872,.F.);
#4956=ORIENTED_EDGE('',*,*,#3871,.T.);
#4957=ORIENTED_EDGE('',*,*,#3823,.F.);
#4958=ORIENTED_EDGE('',*,*,#3873,.F.);
#4959=ORIENTED_EDGE('',*,*,#3874,.F.);
#4960=ORIENTED_EDGE('',*,*,#3873,.T.);
#4961=ORIENTED_EDGE('',*,*,#3822,.F.);
#4962=ORIENTED_EDGE('',*,*,#3860,.F.);
#4963=ORIENTED_EDGE('',*,*,#3874,.T.);
#4964=ORIENTED_EDGE('',*,*,#3859,.T.);
#4965=ORIENTED_EDGE('',*,*,#3862,.T.);
#4966=ORIENTED_EDGE('',*,*,#3864,.T.);
#4967=ORIENTED_EDGE('',*,*,#3866,.T.);
#4968=ORIENTED_EDGE('',*,*,#3868,.T.);
#4969=ORIENTED_EDGE('',*,*,#3870,.T.);
#4970=ORIENTED_EDGE('',*,*,#3872,.T.);
#4971=ORIENTED_EDGE('',*,*,#3857,.T.);
#4972=ORIENTED_EDGE('',*,*,#3829,.T.);
#4973=ORIENTED_EDGE('',*,*,#3833,.T.);
#4974=ORIENTED_EDGE('',*,*,#3836,.T.);
#4975=ORIENTED_EDGE('',*,*,#3839,.T.);
#4976=ORIENTED_EDGE('',*,*,#3842,.T.);
#4977=ORIENTED_EDGE('',*,*,#3845,.T.);
#4978=ORIENTED_EDGE('',*,*,#3848,.T.);
#4979=ORIENTED_EDGE('',*,*,#3851,.T.);
#4980=ORIENTED_EDGE('',*,*,#3854,.T.);
#4981=ORIENTED_EDGE('',*,*,#3797,.T.);
#4982=ORIENTED_EDGE('',*,*,#3801,.T.);
#4983=ORIENTED_EDGE('',*,*,#3804,.T.);
#4984=ORIENTED_EDGE('',*,*,#3807,.T.);
#4985=ORIENTED_EDGE('',*,*,#3810,.T.);
#4986=ORIENTED_EDGE('',*,*,#3813,.T.);
#4987=ORIENTED_EDGE('',*,*,#3816,.T.);
#4988=ORIENTED_EDGE('',*,*,#3819,.T.);
#4989=ORIENTED_EDGE('',*,*,#3858,.T.);
#4990=ORIENTED_EDGE('',*,*,#3855,.T.);
#4991=ORIENTED_EDGE('',*,*,#3852,.T.);
#4992=ORIENTED_EDGE('',*,*,#3849,.T.);
#4993=ORIENTED_EDGE('',*,*,#3846,.T.);
#4994=ORIENTED_EDGE('',*,*,#3843,.T.);
#4995=ORIENTED_EDGE('',*,*,#3840,.T.);
#4996=ORIENTED_EDGE('',*,*,#3837,.T.);
#4997=ORIENTED_EDGE('',*,*,#3834,.T.);
#4998=ORIENTED_EDGE('',*,*,#3831,.T.);
#4999=ORIENTED_EDGE('',*,*,#3794,.T.);
#5000=ORIENTED_EDGE('',*,*,#3791,.T.);
#5001=ORIENTED_EDGE('',*,*,#3788,.T.);
#5002=ORIENTED_EDGE('',*,*,#3785,.T.);
#5003=ORIENTED_EDGE('',*,*,#3875,.T.);
#5004=ORIENTED_EDGE('',*,*,#3876,.T.);
#5005=ORIENTED_EDGE('',*,*,#3877,.F.);
#5006=ORIENTED_EDGE('',*,*,#3878,.F.);
#5007=ORIENTED_EDGE('',*,*,#3879,.T.);
#5008=ORIENTED_EDGE('',*,*,#3878,.T.);
#5009=ORIENTED_EDGE('',*,*,#3880,.F.);
#5010=ORIENTED_EDGE('',*,*,#3881,.F.);
#5011=ORIENTED_EDGE('',*,*,#3882,.T.);
#5012=ORIENTED_EDGE('',*,*,#3881,.T.);
#5013=ORIENTED_EDGE('',*,*,#3883,.F.);
#5014=ORIENTED_EDGE('',*,*,#3884,.F.);
#5015=ORIENTED_EDGE('',*,*,#3885,.T.);
#5016=ORIENTED_EDGE('',*,*,#3884,.T.);
#5017=ORIENTED_EDGE('',*,*,#3886,.F.);
#5018=ORIENTED_EDGE('',*,*,#3876,.F.);
#5019=ORIENTED_EDGE('',*,*,#3887,.F.);
#5020=ORIENTED_EDGE('',*,*,#3888,.T.);
#5021=ORIENTED_EDGE('',*,*,#3889,.T.);
#5022=ORIENTED_EDGE('',*,*,#3888,.F.);
#5023=ORIENTED_EDGE('',*,*,#3890,.T.);
#5024=ORIENTED_EDGE('',*,*,#3891,.T.);
#5025=ORIENTED_EDGE('',*,*,#3892,.F.);
#5026=ORIENTED_EDGE('',*,*,#3893,.F.);
#5027=ORIENTED_EDGE('',*,*,#3894,.T.);
#5028=ORIENTED_EDGE('',*,*,#3893,.T.);
#5029=ORIENTED_EDGE('',*,*,#3895,.F.);
#5030=ORIENTED_EDGE('',*,*,#3896,.F.);
#5031=ORIENTED_EDGE('',*,*,#3897,.T.);
#5032=ORIENTED_EDGE('',*,*,#3896,.T.);
#5033=ORIENTED_EDGE('',*,*,#3898,.F.);
#5034=ORIENTED_EDGE('',*,*,#3899,.F.);
#5035=ORIENTED_EDGE('',*,*,#3900,.T.);
#5036=ORIENTED_EDGE('',*,*,#3899,.T.);
#5037=ORIENTED_EDGE('',*,*,#3901,.F.);
#5038=ORIENTED_EDGE('',*,*,#3891,.F.);
#5039=ORIENTED_EDGE('',*,*,#3902,.T.);
#5040=ORIENTED_EDGE('',*,*,#3903,.T.);
#5041=ORIENTED_EDGE('',*,*,#3904,.F.);
#5042=ORIENTED_EDGE('',*,*,#3905,.F.);
#5043=ORIENTED_EDGE('',*,*,#3906,.T.);
#5044=ORIENTED_EDGE('',*,*,#3905,.T.);
#5045=ORIENTED_EDGE('',*,*,#3907,.F.);
#5046=ORIENTED_EDGE('',*,*,#3908,.F.);
#5047=ORIENTED_EDGE('',*,*,#3909,.T.);
#5048=ORIENTED_EDGE('',*,*,#3908,.T.);
#5049=ORIENTED_EDGE('',*,*,#3910,.F.);
#5050=ORIENTED_EDGE('',*,*,#3911,.F.);
#5051=ORIENTED_EDGE('',*,*,#3912,.T.);
#5052=ORIENTED_EDGE('',*,*,#3911,.T.);
#5053=ORIENTED_EDGE('',*,*,#3913,.F.);
#5054=ORIENTED_EDGE('',*,*,#3903,.F.);
#5055=ORIENTED_EDGE('',*,*,#3914,.T.);
#5056=ORIENTED_EDGE('',*,*,#3915,.T.);
#5057=ORIENTED_EDGE('',*,*,#3916,.F.);
#5058=ORIENTED_EDGE('',*,*,#3917,.F.);
#5059=ORIENTED_EDGE('',*,*,#3918,.T.);
#5060=ORIENTED_EDGE('',*,*,#3917,.T.);
#5061=ORIENTED_EDGE('',*,*,#3919,.F.);
#5062=ORIENTED_EDGE('',*,*,#3920,.F.);
#5063=ORIENTED_EDGE('',*,*,#3921,.T.);
#5064=ORIENTED_EDGE('',*,*,#3920,.T.);
#5065=ORIENTED_EDGE('',*,*,#3922,.F.);
#5066=ORIENTED_EDGE('',*,*,#3923,.F.);
#5067=ORIENTED_EDGE('',*,*,#3924,.T.);
#5068=ORIENTED_EDGE('',*,*,#3923,.T.);
#5069=ORIENTED_EDGE('',*,*,#3925,.F.);
#5070=ORIENTED_EDGE('',*,*,#3926,.F.);
#5071=ORIENTED_EDGE('',*,*,#3927,.T.);
#5072=ORIENTED_EDGE('',*,*,#3926,.T.);
#5073=ORIENTED_EDGE('',*,*,#3928,.F.);
#5074=ORIENTED_EDGE('',*,*,#3929,.F.);
#5075=ORIENTED_EDGE('',*,*,#3930,.T.);
#5076=ORIENTED_EDGE('',*,*,#3929,.T.);
#5077=ORIENTED_EDGE('',*,*,#3931,.F.);
#5078=ORIENTED_EDGE('',*,*,#3932,.F.);
#5079=ORIENTED_EDGE('',*,*,#3933,.T.);
#5080=ORIENTED_EDGE('',*,*,#3932,.T.);
#5081=ORIENTED_EDGE('',*,*,#3934,.F.);
#5082=ORIENTED_EDGE('',*,*,#3935,.F.);
#5083=ORIENTED_EDGE('',*,*,#3936,.T.);
#5084=ORIENTED_EDGE('',*,*,#3935,.T.);
#5085=ORIENTED_EDGE('',*,*,#3937,.F.);
#5086=ORIENTED_EDGE('',*,*,#3915,.F.);
#5087=ORIENTED_EDGE('',*,*,#3938,.T.);
#5088=ORIENTED_EDGE('',*,*,#3939,.T.);
#5089=ORIENTED_EDGE('',*,*,#3940,.F.);
#5090=ORIENTED_EDGE('',*,*,#3941,.F.);
#5091=ORIENTED_EDGE('',*,*,#3942,.T.);
#5092=ORIENTED_EDGE('',*,*,#3941,.T.);
#5093=ORIENTED_EDGE('',*,*,#3943,.F.);
#5094=ORIENTED_EDGE('',*,*,#3944,.F.);
#5095=ORIENTED_EDGE('',*,*,#3945,.T.);
#5096=ORIENTED_EDGE('',*,*,#3944,.T.);
#5097=ORIENTED_EDGE('',*,*,#3946,.F.);
#5098=ORIENTED_EDGE('',*,*,#3947,.F.);
#5099=ORIENTED_EDGE('',*,*,#3948,.T.);
#5100=ORIENTED_EDGE('',*,*,#3947,.T.);
#5101=ORIENTED_EDGE('',*,*,#3949,.F.);
#5102=ORIENTED_EDGE('',*,*,#3950,.F.);
#5103=ORIENTED_EDGE('',*,*,#3951,.T.);
#5104=ORIENTED_EDGE('',*,*,#3950,.T.);
#5105=ORIENTED_EDGE('',*,*,#3952,.F.);
#5106=ORIENTED_EDGE('',*,*,#3953,.F.);
#5107=ORIENTED_EDGE('',*,*,#3954,.T.);
#5108=ORIENTED_EDGE('',*,*,#3953,.T.);
#5109=ORIENTED_EDGE('',*,*,#3955,.F.);
#5110=ORIENTED_EDGE('',*,*,#3956,.F.);
#5111=ORIENTED_EDGE('',*,*,#3957,.T.);
#5112=ORIENTED_EDGE('',*,*,#3956,.T.);
#5113=ORIENTED_EDGE('',*,*,#3958,.F.);
#5114=ORIENTED_EDGE('',*,*,#3959,.F.);
#5115=ORIENTED_EDGE('',*,*,#3960,.T.);
#5116=ORIENTED_EDGE('',*,*,#3959,.T.);
#5117=ORIENTED_EDGE('',*,*,#3961,.F.);
#5118=ORIENTED_EDGE('',*,*,#3939,.F.);
#5119=ORIENTED_EDGE('',*,*,#3962,.T.);
#5120=ORIENTED_EDGE('',*,*,#3963,.T.);
#5121=ORIENTED_EDGE('',*,*,#3964,.F.);
#5122=ORIENTED_EDGE('',*,*,#3965,.F.);
#5123=ORIENTED_EDGE('',*,*,#3966,.T.);
#5124=ORIENTED_EDGE('',*,*,#3965,.T.);
#5125=ORIENTED_EDGE('',*,*,#3967,.F.);
#5126=ORIENTED_EDGE('',*,*,#3968,.F.);
#5127=ORIENTED_EDGE('',*,*,#3969,.T.);
#5128=ORIENTED_EDGE('',*,*,#3968,.T.);
#5129=ORIENTED_EDGE('',*,*,#3970,.F.);
#5130=ORIENTED_EDGE('',*,*,#3971,.F.);
#5131=ORIENTED_EDGE('',*,*,#3972,.T.);
#5132=ORIENTED_EDGE('',*,*,#3971,.T.);
#5133=ORIENTED_EDGE('',*,*,#3973,.F.);
#5134=ORIENTED_EDGE('',*,*,#3963,.F.);
#5135=ORIENTED_EDGE('',*,*,#3974,.T.);
#5136=ORIENTED_EDGE('',*,*,#3975,.T.);
#5137=ORIENTED_EDGE('',*,*,#3976,.F.);
#5138=ORIENTED_EDGE('',*,*,#3977,.F.);
#5139=ORIENTED_EDGE('',*,*,#3978,.T.);
#5140=ORIENTED_EDGE('',*,*,#3977,.T.);
#5141=ORIENTED_EDGE('',*,*,#3979,.F.);
#5142=ORIENTED_EDGE('',*,*,#3980,.F.);
#5143=ORIENTED_EDGE('',*,*,#3981,.T.);
#5144=ORIENTED_EDGE('',*,*,#3980,.T.);
#5145=ORIENTED_EDGE('',*,*,#3982,.F.);
#5146=ORIENTED_EDGE('',*,*,#3983,.F.);
#5147=ORIENTED_EDGE('',*,*,#3984,.T.);
#5148=ORIENTED_EDGE('',*,*,#3983,.T.);
#5149=ORIENTED_EDGE('',*,*,#3985,.F.);
#5150=ORIENTED_EDGE('',*,*,#3975,.F.);
#5151=ORIENTED_EDGE('',*,*,#3986,.T.);
#5152=ORIENTED_EDGE('',*,*,#3987,.T.);
#5153=ORIENTED_EDGE('',*,*,#3988,.F.);
#5154=ORIENTED_EDGE('',*,*,#3989,.F.);
#5155=ORIENTED_EDGE('',*,*,#3990,.T.);
#5156=ORIENTED_EDGE('',*,*,#3989,.T.);
#5157=ORIENTED_EDGE('',*,*,#3991,.F.);
#5158=ORIENTED_EDGE('',*,*,#3992,.F.);
#5159=ORIENTED_EDGE('',*,*,#3993,.T.);
#5160=ORIENTED_EDGE('',*,*,#3992,.T.);
#5161=ORIENTED_EDGE('',*,*,#3994,.F.);
#5162=ORIENTED_EDGE('',*,*,#3995,.F.);
#5163=ORIENTED_EDGE('',*,*,#3996,.T.);
#5164=ORIENTED_EDGE('',*,*,#3995,.T.);
#5165=ORIENTED_EDGE('',*,*,#3997,.F.);
#5166=ORIENTED_EDGE('',*,*,#3987,.F.);
#5167=ORIENTED_EDGE('',*,*,#3998,.T.);
#5168=ORIENTED_EDGE('',*,*,#3999,.T.);
#5169=ORIENTED_EDGE('',*,*,#4000,.F.);
#5170=ORIENTED_EDGE('',*,*,#4001,.F.);
#5171=ORIENTED_EDGE('',*,*,#4002,.T.);
#5172=ORIENTED_EDGE('',*,*,#4001,.T.);
#5173=ORIENTED_EDGE('',*,*,#4003,.F.);
#5174=ORIENTED_EDGE('',*,*,#4004,.F.);
#5175=ORIENTED_EDGE('',*,*,#4005,.T.);
#5176=ORIENTED_EDGE('',*,*,#4004,.T.);
#5177=ORIENTED_EDGE('',*,*,#4006,.F.);
#5178=ORIENTED_EDGE('',*,*,#4007,.F.);
#5179=ORIENTED_EDGE('',*,*,#4008,.T.);
#5180=ORIENTED_EDGE('',*,*,#4007,.T.);
#5181=ORIENTED_EDGE('',*,*,#4009,.F.);
#5182=ORIENTED_EDGE('',*,*,#3999,.F.);
#5183=ORIENTED_EDGE('',*,*,#4010,.F.);
#5184=ORIENTED_EDGE('',*,*,#4011,.T.);
#5185=ORIENTED_EDGE('',*,*,#4012,.T.);
#5186=ORIENTED_EDGE('',*,*,#4011,.F.);
#5187=ORIENTED_EDGE('',*,*,#4013,.F.);
#5188=ORIENTED_EDGE('',*,*,#4014,.T.);
#5189=ORIENTED_EDGE('',*,*,#4015,.T.);
#5190=ORIENTED_EDGE('',*,*,#4014,.F.);
#5191=ORIENTED_EDGE('',*,*,#4016,.T.);
#5192=ORIENTED_EDGE('',*,*,#4017,.T.);
#5193=ORIENTED_EDGE('',*,*,#4018,.F.);
#5194=ORIENTED_EDGE('',*,*,#4019,.F.);
#5195=ORIENTED_EDGE('',*,*,#4020,.T.);
#5196=ORIENTED_EDGE('',*,*,#4019,.T.);
#5197=ORIENTED_EDGE('',*,*,#4021,.F.);
#5198=ORIENTED_EDGE('',*,*,#4022,.F.);
#5199=ORIENTED_EDGE('',*,*,#4023,.T.);
#5200=ORIENTED_EDGE('',*,*,#4022,.T.);
#5201=ORIENTED_EDGE('',*,*,#4024,.F.);
#5202=ORIENTED_EDGE('',*,*,#4025,.F.);
#5203=ORIENTED_EDGE('',*,*,#4026,.T.);
#5204=ORIENTED_EDGE('',*,*,#4025,.T.);
#5205=ORIENTED_EDGE('',*,*,#4027,.F.);
#5206=ORIENTED_EDGE('',*,*,#4017,.F.);
#5207=ORIENTED_EDGE('',*,*,#4028,.F.);
#5208=ORIENTED_EDGE('',*,*,#4029,.T.);
#5209=ORIENTED_EDGE('',*,*,#4030,.F.);
#5210=ORIENTED_EDGE('',*,*,#4031,.F.);
#5211=ORIENTED_EDGE('',*,*,#4032,.F.);
#5212=ORIENTED_EDGE('',*,*,#4031,.T.);
#5213=ORIENTED_EDGE('',*,*,#4033,.F.);
#5214=ORIENTED_EDGE('',*,*,#4034,.F.);
#5215=ORIENTED_EDGE('',*,*,#4035,.T.);
#5216=ORIENTED_EDGE('',*,*,#4034,.T.);
#5217=ORIENTED_EDGE('',*,*,#4036,.F.);
#5218=ORIENTED_EDGE('',*,*,#4037,.F.);
#5219=ORIENTED_EDGE('',*,*,#4038,.F.);
#5220=ORIENTED_EDGE('',*,*,#4037,.T.);
#5221=ORIENTED_EDGE('',*,*,#4039,.F.);
#5222=ORIENTED_EDGE('',*,*,#4040,.F.);
#5223=ORIENTED_EDGE('',*,*,#4041,.F.);
#5224=ORIENTED_EDGE('',*,*,#4040,.T.);
#5225=ORIENTED_EDGE('',*,*,#4042,.F.);
#5226=ORIENTED_EDGE('',*,*,#4043,.F.);
#5227=ORIENTED_EDGE('',*,*,#4044,.F.);
#5228=ORIENTED_EDGE('',*,*,#4043,.T.);
#5229=ORIENTED_EDGE('',*,*,#4045,.F.);
#5230=ORIENTED_EDGE('',*,*,#4046,.F.);
#5231=ORIENTED_EDGE('',*,*,#4047,.F.);
#5232=ORIENTED_EDGE('',*,*,#4046,.T.);
#5233=ORIENTED_EDGE('',*,*,#4048,.F.);
#5234=ORIENTED_EDGE('',*,*,#4049,.F.);
#5235=ORIENTED_EDGE('',*,*,#4050,.F.);
#5236=ORIENTED_EDGE('',*,*,#4049,.T.);
#5237=ORIENTED_EDGE('',*,*,#4051,.F.);
#5238=ORIENTED_EDGE('',*,*,#4052,.F.);
#5239=ORIENTED_EDGE('',*,*,#4053,.T.);
#5240=ORIENTED_EDGE('',*,*,#4052,.T.);
#5241=ORIENTED_EDGE('',*,*,#4054,.F.);
#5242=ORIENTED_EDGE('',*,*,#4055,.F.);
#5243=ORIENTED_EDGE('',*,*,#4056,.T.);
#5244=ORIENTED_EDGE('',*,*,#4055,.T.);
#5245=ORIENTED_EDGE('',*,*,#4057,.F.);
#5246=ORIENTED_EDGE('',*,*,#4058,.F.);
#5247=ORIENTED_EDGE('',*,*,#4059,.T.);
#5248=ORIENTED_EDGE('',*,*,#4058,.T.);
#5249=ORIENTED_EDGE('',*,*,#4060,.F.);
#5250=ORIENTED_EDGE('',*,*,#4061,.F.);
#5251=ORIENTED_EDGE('',*,*,#4062,.T.);
#5252=ORIENTED_EDGE('',*,*,#4061,.T.);
#5253=ORIENTED_EDGE('',*,*,#4063,.F.);
#5254=ORIENTED_EDGE('',*,*,#4064,.F.);
#5255=ORIENTED_EDGE('',*,*,#4065,.T.);
#5256=ORIENTED_EDGE('',*,*,#4064,.T.);
#5257=ORIENTED_EDGE('',*,*,#4066,.F.);
#5258=ORIENTED_EDGE('',*,*,#4067,.F.);
#5259=ORIENTED_EDGE('',*,*,#4068,.F.);
#5260=ORIENTED_EDGE('',*,*,#4067,.T.);
#5261=ORIENTED_EDGE('',*,*,#4069,.F.);
#5262=ORIENTED_EDGE('',*,*,#4070,.F.);
#5263=ORIENTED_EDGE('',*,*,#4071,.F.);
#5264=ORIENTED_EDGE('',*,*,#4070,.T.);
#5265=ORIENTED_EDGE('',*,*,#4072,.F.);
#5266=ORIENTED_EDGE('',*,*,#4073,.F.);
#5267=ORIENTED_EDGE('',*,*,#4074,.T.);
#5268=ORIENTED_EDGE('',*,*,#4073,.T.);
#5269=ORIENTED_EDGE('',*,*,#4075,.F.);
#5270=ORIENTED_EDGE('',*,*,#4076,.F.);
#5271=ORIENTED_EDGE('',*,*,#4077,.F.);
#5272=ORIENTED_EDGE('',*,*,#4076,.T.);
#5273=ORIENTED_EDGE('',*,*,#4078,.F.);
#5274=ORIENTED_EDGE('',*,*,#4079,.F.);
#5275=ORIENTED_EDGE('',*,*,#4080,.F.);
#5276=ORIENTED_EDGE('',*,*,#4079,.T.);
#5277=ORIENTED_EDGE('',*,*,#4081,.F.);
#5278=ORIENTED_EDGE('',*,*,#4082,.F.);
#5279=ORIENTED_EDGE('',*,*,#4083,.T.);
#5280=ORIENTED_EDGE('',*,*,#4082,.T.);
#5281=ORIENTED_EDGE('',*,*,#4084,.F.);
#5282=ORIENTED_EDGE('',*,*,#4085,.F.);
#5283=ORIENTED_EDGE('',*,*,#4086,.T.);
#5284=ORIENTED_EDGE('',*,*,#4085,.T.);
#5285=ORIENTED_EDGE('',*,*,#4087,.F.);
#5286=ORIENTED_EDGE('',*,*,#4088,.F.);
#5287=ORIENTED_EDGE('',*,*,#4089,.F.);
#5288=ORIENTED_EDGE('',*,*,#4088,.T.);
#5289=ORIENTED_EDGE('',*,*,#4090,.F.);
#5290=ORIENTED_EDGE('',*,*,#4091,.F.);
#5291=ORIENTED_EDGE('',*,*,#4092,.F.);
#5292=ORIENTED_EDGE('',*,*,#4091,.T.);
#5293=ORIENTED_EDGE('',*,*,#4093,.F.);
#5294=ORIENTED_EDGE('',*,*,#4094,.F.);
#5295=ORIENTED_EDGE('',*,*,#4095,.F.);
#5296=ORIENTED_EDGE('',*,*,#4094,.T.);
#5297=ORIENTED_EDGE('',*,*,#4096,.F.);
#5298=ORIENTED_EDGE('',*,*,#4097,.F.);
#5299=ORIENTED_EDGE('',*,*,#4098,.F.);
#5300=ORIENTED_EDGE('',*,*,#4097,.T.);
#5301=ORIENTED_EDGE('',*,*,#4099,.F.);
#5302=ORIENTED_EDGE('',*,*,#4100,.F.);
#5303=ORIENTED_EDGE('',*,*,#4101,.F.);
#5304=ORIENTED_EDGE('',*,*,#4100,.T.);
#5305=ORIENTED_EDGE('',*,*,#4102,.F.);
#5306=ORIENTED_EDGE('',*,*,#4103,.F.);
#5307=ORIENTED_EDGE('',*,*,#4104,.T.);
#5308=ORIENTED_EDGE('',*,*,#4103,.T.);
#5309=ORIENTED_EDGE('',*,*,#4105,.F.);
#5310=ORIENTED_EDGE('',*,*,#4106,.F.);
#5311=ORIENTED_EDGE('',*,*,#4107,.T.);
#5312=ORIENTED_EDGE('',*,*,#4106,.T.);
#5313=ORIENTED_EDGE('',*,*,#4108,.F.);
#5314=ORIENTED_EDGE('',*,*,#4109,.F.);
#5315=ORIENTED_EDGE('',*,*,#4110,.T.);
#5316=ORIENTED_EDGE('',*,*,#4109,.T.);
#5317=ORIENTED_EDGE('',*,*,#4111,.F.);
#5318=ORIENTED_EDGE('',*,*,#4112,.F.);
#5319=ORIENTED_EDGE('',*,*,#4113,.T.);
#5320=ORIENTED_EDGE('',*,*,#4112,.T.);
#5321=ORIENTED_EDGE('',*,*,#4114,.F.);
#5322=ORIENTED_EDGE('',*,*,#4115,.F.);
#5323=ORIENTED_EDGE('',*,*,#4116,.T.);
#5324=ORIENTED_EDGE('',*,*,#4115,.T.);
#5325=ORIENTED_EDGE('',*,*,#4117,.F.);
#5326=ORIENTED_EDGE('',*,*,#4118,.F.);
#5327=ORIENTED_EDGE('',*,*,#4119,.F.);
#5328=ORIENTED_EDGE('',*,*,#4118,.T.);
#5329=ORIENTED_EDGE('',*,*,#4120,.F.);
#5330=ORIENTED_EDGE('',*,*,#4121,.F.);
#5331=ORIENTED_EDGE('',*,*,#4122,.F.);
#5332=ORIENTED_EDGE('',*,*,#4121,.T.);
#5333=ORIENTED_EDGE('',*,*,#4123,.F.);
#5334=ORIENTED_EDGE('',*,*,#4124,.F.);
#5335=ORIENTED_EDGE('',*,*,#4125,.F.);
#5336=ORIENTED_EDGE('',*,*,#4124,.T.);
#5337=ORIENTED_EDGE('',*,*,#4126,.F.);
#5338=ORIENTED_EDGE('',*,*,#4127,.F.);
#5339=ORIENTED_EDGE('',*,*,#4128,.T.);
#5340=ORIENTED_EDGE('',*,*,#4127,.T.);
#5341=ORIENTED_EDGE('',*,*,#4129,.F.);
#5342=ORIENTED_EDGE('',*,*,#4130,.F.);
#5343=ORIENTED_EDGE('',*,*,#4131,.F.);
#5344=ORIENTED_EDGE('',*,*,#4130,.T.);
#5345=ORIENTED_EDGE('',*,*,#4132,.F.);
#5346=ORIENTED_EDGE('',*,*,#4133,.F.);
#5347=ORIENTED_EDGE('',*,*,#4134,.F.);
#5348=ORIENTED_EDGE('',*,*,#4133,.T.);
#5349=ORIENTED_EDGE('',*,*,#4135,.F.);
#5350=ORIENTED_EDGE('',*,*,#4136,.F.);
#5351=ORIENTED_EDGE('',*,*,#4137,.F.);
#5352=ORIENTED_EDGE('',*,*,#4136,.T.);
#5353=ORIENTED_EDGE('',*,*,#4138,.F.);
#5354=ORIENTED_EDGE('',*,*,#4139,.F.);
#5355=ORIENTED_EDGE('',*,*,#4140,.T.);
#5356=ORIENTED_EDGE('',*,*,#4139,.T.);
#5357=ORIENTED_EDGE('',*,*,#4141,.F.);
#5358=ORIENTED_EDGE('',*,*,#4142,.F.);
#5359=ORIENTED_EDGE('',*,*,#4143,.T.);
#5360=ORIENTED_EDGE('',*,*,#4142,.T.);
#5361=ORIENTED_EDGE('',*,*,#4144,.F.);
#5362=ORIENTED_EDGE('',*,*,#4145,.F.);
#5363=ORIENTED_EDGE('',*,*,#4146,.T.);
#5364=ORIENTED_EDGE('',*,*,#4145,.T.);
#5365=ORIENTED_EDGE('',*,*,#4147,.F.);
#5366=ORIENTED_EDGE('',*,*,#4148,.F.);
#5367=ORIENTED_EDGE('',*,*,#4149,.T.);
#5368=ORIENTED_EDGE('',*,*,#4148,.T.);
#5369=ORIENTED_EDGE('',*,*,#4150,.F.);
#5370=ORIENTED_EDGE('',*,*,#4151,.F.);
#5371=ORIENTED_EDGE('',*,*,#4152,.F.);
#5372=ORIENTED_EDGE('',*,*,#4151,.T.);
#5373=ORIENTED_EDGE('',*,*,#4153,.F.);
#5374=ORIENTED_EDGE('',*,*,#4154,.F.);
#5375=ORIENTED_EDGE('',*,*,#4155,.F.);
#5376=ORIENTED_EDGE('',*,*,#4154,.T.);
#5377=ORIENTED_EDGE('',*,*,#4156,.F.);
#5378=ORIENTED_EDGE('',*,*,#4157,.F.);
#5379=ORIENTED_EDGE('',*,*,#4158,.T.);
#5380=ORIENTED_EDGE('',*,*,#4157,.T.);
#5381=ORIENTED_EDGE('',*,*,#4159,.F.);
#5382=ORIENTED_EDGE('',*,*,#4160,.F.);
#5383=ORIENTED_EDGE('',*,*,#4161,.T.);
#5384=ORIENTED_EDGE('',*,*,#4160,.T.);
#5385=ORIENTED_EDGE('',*,*,#4162,.F.);
#5386=ORIENTED_EDGE('',*,*,#4163,.F.);
#5387=ORIENTED_EDGE('',*,*,#4164,.T.);
#5388=ORIENTED_EDGE('',*,*,#4163,.T.);
#5389=ORIENTED_EDGE('',*,*,#4165,.F.);
#5390=ORIENTED_EDGE('',*,*,#4166,.F.);
#5391=ORIENTED_EDGE('',*,*,#4167,.T.);
#5392=ORIENTED_EDGE('',*,*,#4166,.T.);
#5393=ORIENTED_EDGE('',*,*,#4168,.F.);
#5394=ORIENTED_EDGE('',*,*,#4169,.F.);
#5395=ORIENTED_EDGE('',*,*,#4170,.F.);
#5396=ORIENTED_EDGE('',*,*,#4169,.T.);
#5397=ORIENTED_EDGE('',*,*,#4171,.F.);
#5398=ORIENTED_EDGE('',*,*,#4172,.F.);
#5399=ORIENTED_EDGE('',*,*,#4173,.T.);
#5400=ORIENTED_EDGE('',*,*,#4172,.T.);
#5401=ORIENTED_EDGE('',*,*,#4174,.F.);
#5402=ORIENTED_EDGE('',*,*,#4175,.F.);
#5403=ORIENTED_EDGE('',*,*,#4176,.F.);
#5404=ORIENTED_EDGE('',*,*,#4175,.T.);
#5405=ORIENTED_EDGE('',*,*,#4177,.F.);
#5406=ORIENTED_EDGE('',*,*,#4178,.F.);
#5407=ORIENTED_EDGE('',*,*,#4179,.F.);
#5408=ORIENTED_EDGE('',*,*,#4178,.T.);
#5409=ORIENTED_EDGE('',*,*,#4180,.F.);
#5410=ORIENTED_EDGE('',*,*,#4181,.F.);
#5411=ORIENTED_EDGE('',*,*,#4182,.F.);
#5412=ORIENTED_EDGE('',*,*,#4181,.T.);
#5413=ORIENTED_EDGE('',*,*,#4183,.F.);
#5414=ORIENTED_EDGE('',*,*,#4184,.F.);
#5415=ORIENTED_EDGE('',*,*,#4185,.F.);
#5416=ORIENTED_EDGE('',*,*,#4184,.T.);
#5417=ORIENTED_EDGE('',*,*,#4186,.F.);
#5418=ORIENTED_EDGE('',*,*,#4187,.F.);
#5419=ORIENTED_EDGE('',*,*,#4188,.F.);
#5420=ORIENTED_EDGE('',*,*,#4187,.T.);
#5421=ORIENTED_EDGE('',*,*,#4189,.F.);
#5422=ORIENTED_EDGE('',*,*,#4190,.F.);
#5423=ORIENTED_EDGE('',*,*,#4191,.T.);
#5424=ORIENTED_EDGE('',*,*,#4190,.T.);
#5425=ORIENTED_EDGE('',*,*,#4192,.F.);
#5426=ORIENTED_EDGE('',*,*,#4193,.F.);
#5427=ORIENTED_EDGE('',*,*,#4194,.T.);
#5428=ORIENTED_EDGE('',*,*,#4193,.T.);
#5429=ORIENTED_EDGE('',*,*,#4195,.F.);
#5430=ORIENTED_EDGE('',*,*,#4196,.F.);
#5431=ORIENTED_EDGE('',*,*,#4197,.T.);
#5432=ORIENTED_EDGE('',*,*,#4196,.T.);
#5433=ORIENTED_EDGE('',*,*,#4198,.F.);
#5434=ORIENTED_EDGE('',*,*,#4199,.F.);
#5435=ORIENTED_EDGE('',*,*,#4200,.F.);
#5436=ORIENTED_EDGE('',*,*,#4199,.T.);
#5437=ORIENTED_EDGE('',*,*,#4201,.F.);
#5438=ORIENTED_EDGE('',*,*,#4202,.F.);
#5439=ORIENTED_EDGE('',*,*,#4203,.T.);
#5440=ORIENTED_EDGE('',*,*,#4202,.T.);
#5441=ORIENTED_EDGE('',*,*,#4204,.F.);
#5442=ORIENTED_EDGE('',*,*,#4205,.F.);
#5443=ORIENTED_EDGE('',*,*,#4206,.T.);
#5444=ORIENTED_EDGE('',*,*,#4205,.T.);
#5445=ORIENTED_EDGE('',*,*,#4207,.F.);
#5446=ORIENTED_EDGE('',*,*,#4208,.F.);
#5447=ORIENTED_EDGE('',*,*,#4209,.T.);
#5448=ORIENTED_EDGE('',*,*,#4208,.T.);
#5449=ORIENTED_EDGE('',*,*,#4210,.F.);
#5450=ORIENTED_EDGE('',*,*,#4211,.F.);
#5451=ORIENTED_EDGE('',*,*,#4212,.F.);
#5452=ORIENTED_EDGE('',*,*,#4211,.T.);
#5453=ORIENTED_EDGE('',*,*,#4213,.F.);
#5454=ORIENTED_EDGE('',*,*,#4214,.F.);
#5455=ORIENTED_EDGE('',*,*,#4215,.F.);
#5456=ORIENTED_EDGE('',*,*,#4214,.T.);
#5457=ORIENTED_EDGE('',*,*,#4216,.F.);
#5458=ORIENTED_EDGE('',*,*,#4217,.F.);
#5459=ORIENTED_EDGE('',*,*,#4218,.F.);
#5460=ORIENTED_EDGE('',*,*,#4217,.T.);
#5461=ORIENTED_EDGE('',*,*,#4219,.F.);
#5462=ORIENTED_EDGE('',*,*,#4220,.F.);
#5463=ORIENTED_EDGE('',*,*,#4221,.F.);
#5464=ORIENTED_EDGE('',*,*,#4220,.T.);
#5465=ORIENTED_EDGE('',*,*,#4222,.F.);
#5466=ORIENTED_EDGE('',*,*,#4223,.F.);
#5467=ORIENTED_EDGE('',*,*,#4224,.F.);
#5468=ORIENTED_EDGE('',*,*,#4223,.T.);
#5469=ORIENTED_EDGE('',*,*,#4225,.F.);
#5470=ORIENTED_EDGE('',*,*,#4226,.F.);
#5471=ORIENTED_EDGE('',*,*,#4227,.F.);
#5472=ORIENTED_EDGE('',*,*,#4226,.T.);
#5473=ORIENTED_EDGE('',*,*,#4228,.F.);
#5474=ORIENTED_EDGE('',*,*,#4229,.F.);
#5475=ORIENTED_EDGE('',*,*,#4230,.F.);
#5476=ORIENTED_EDGE('',*,*,#4229,.T.);
#5477=ORIENTED_EDGE('',*,*,#4231,.F.);
#5478=ORIENTED_EDGE('',*,*,#4232,.F.);
#5479=ORIENTED_EDGE('',*,*,#4233,.F.);
#5480=ORIENTED_EDGE('',*,*,#4232,.T.);
#5481=ORIENTED_EDGE('',*,*,#4234,.F.);
#5482=ORIENTED_EDGE('',*,*,#4235,.F.);
#5483=ORIENTED_EDGE('',*,*,#4236,.T.);
#5484=ORIENTED_EDGE('',*,*,#4235,.T.);
#5485=ORIENTED_EDGE('',*,*,#4237,.F.);
#5486=ORIENTED_EDGE('',*,*,#4238,.F.);
#5487=ORIENTED_EDGE('',*,*,#4239,.T.);
#5488=ORIENTED_EDGE('',*,*,#4238,.T.);
#5489=ORIENTED_EDGE('',*,*,#4240,.F.);
#5490=ORIENTED_EDGE('',*,*,#4241,.F.);
#5491=ORIENTED_EDGE('',*,*,#4242,.T.);
#5492=ORIENTED_EDGE('',*,*,#4241,.T.);
#5493=ORIENTED_EDGE('',*,*,#4243,.F.);
#5494=ORIENTED_EDGE('',*,*,#4244,.F.);
#5495=ORIENTED_EDGE('',*,*,#4245,.F.);
#5496=ORIENTED_EDGE('',*,*,#4244,.T.);
#5497=ORIENTED_EDGE('',*,*,#4246,.F.);
#5498=ORIENTED_EDGE('',*,*,#4247,.F.);
#5499=ORIENTED_EDGE('',*,*,#4248,.F.);
#5500=ORIENTED_EDGE('',*,*,#4247,.T.);
#5501=ORIENTED_EDGE('',*,*,#4249,.F.);
#5502=ORIENTED_EDGE('',*,*,#4250,.F.);
#5503=ORIENTED_EDGE('',*,*,#4251,.F.);
#5504=ORIENTED_EDGE('',*,*,#4250,.T.);
#5505=ORIENTED_EDGE('',*,*,#4252,.F.);
#5506=ORIENTED_EDGE('',*,*,#4253,.F.);
#5507=ORIENTED_EDGE('',*,*,#4254,.T.);
#5508=ORIENTED_EDGE('',*,*,#4253,.T.);
#5509=ORIENTED_EDGE('',*,*,#4255,.F.);
#5510=ORIENTED_EDGE('',*,*,#4256,.F.);
#5511=ORIENTED_EDGE('',*,*,#4257,.T.);
#5512=ORIENTED_EDGE('',*,*,#4256,.T.);
#5513=ORIENTED_EDGE('',*,*,#4258,.F.);
#5514=ORIENTED_EDGE('',*,*,#4259,.F.);
#5515=ORIENTED_EDGE('',*,*,#4260,.T.);
#5516=ORIENTED_EDGE('',*,*,#4259,.T.);
#5517=ORIENTED_EDGE('',*,*,#4261,.F.);
#5518=ORIENTED_EDGE('',*,*,#4262,.F.);
#5519=ORIENTED_EDGE('',*,*,#4263,.T.);
#5520=ORIENTED_EDGE('',*,*,#4262,.T.);
#5521=ORIENTED_EDGE('',*,*,#4264,.F.);
#5522=ORIENTED_EDGE('',*,*,#4265,.F.);
#5523=ORIENTED_EDGE('',*,*,#4266,.T.);
#5524=ORIENTED_EDGE('',*,*,#4265,.T.);
#5525=ORIENTED_EDGE('',*,*,#4267,.F.);
#5526=ORIENTED_EDGE('',*,*,#4268,.F.);
#5527=ORIENTED_EDGE('',*,*,#4269,.T.);
#5528=ORIENTED_EDGE('',*,*,#4268,.T.);
#5529=ORIENTED_EDGE('',*,*,#4270,.F.);
#5530=ORIENTED_EDGE('',*,*,#4271,.F.);
#5531=ORIENTED_EDGE('',*,*,#4272,.T.);
#5532=ORIENTED_EDGE('',*,*,#4271,.T.);
#5533=ORIENTED_EDGE('',*,*,#4273,.F.);
#5534=ORIENTED_EDGE('',*,*,#4274,.F.);
#5535=ORIENTED_EDGE('',*,*,#4275,.T.);
#5536=ORIENTED_EDGE('',*,*,#4274,.T.);
#5537=ORIENTED_EDGE('',*,*,#4276,.F.);
#5538=ORIENTED_EDGE('',*,*,#4029,.F.);
#5539=ORIENTED_EDGE('',*,*,#4276,.T.);
#5540=ORIENTED_EDGE('',*,*,#4273,.T.);
#5541=ORIENTED_EDGE('',*,*,#4270,.T.);
#5542=ORIENTED_EDGE('',*,*,#4267,.T.);
#5543=ORIENTED_EDGE('',*,*,#4264,.T.);
#5544=ORIENTED_EDGE('',*,*,#4261,.T.);
#5545=ORIENTED_EDGE('',*,*,#4258,.T.);
#5546=ORIENTED_EDGE('',*,*,#4255,.T.);
#5547=ORIENTED_EDGE('',*,*,#4252,.T.);
#5548=ORIENTED_EDGE('',*,*,#4249,.T.);
#5549=ORIENTED_EDGE('',*,*,#4246,.T.);
#5550=ORIENTED_EDGE('',*,*,#4243,.T.);
#5551=ORIENTED_EDGE('',*,*,#4240,.T.);
#5552=ORIENTED_EDGE('',*,*,#4237,.T.);
#5553=ORIENTED_EDGE('',*,*,#4234,.T.);
#5554=ORIENTED_EDGE('',*,*,#4231,.T.);
#5555=ORIENTED_EDGE('',*,*,#4228,.T.);
#5556=ORIENTED_EDGE('',*,*,#4225,.T.);
#5557=ORIENTED_EDGE('',*,*,#4222,.T.);
#5558=ORIENTED_EDGE('',*,*,#4219,.T.);
#5559=ORIENTED_EDGE('',*,*,#4216,.T.);
#5560=ORIENTED_EDGE('',*,*,#4213,.T.);
#5561=ORIENTED_EDGE('',*,*,#4210,.T.);
#5562=ORIENTED_EDGE('',*,*,#4207,.T.);
#5563=ORIENTED_EDGE('',*,*,#4204,.T.);
#5564=ORIENTED_EDGE('',*,*,#4201,.T.);
#5565=ORIENTED_EDGE('',*,*,#4198,.T.);
#5566=ORIENTED_EDGE('',*,*,#4195,.T.);
#5567=ORIENTED_EDGE('',*,*,#4192,.T.);
#5568=ORIENTED_EDGE('',*,*,#4189,.T.);
#5569=ORIENTED_EDGE('',*,*,#4186,.T.);
#5570=ORIENTED_EDGE('',*,*,#4183,.T.);
#5571=ORIENTED_EDGE('',*,*,#4180,.T.);
#5572=ORIENTED_EDGE('',*,*,#4177,.T.);
#5573=ORIENTED_EDGE('',*,*,#4174,.T.);
#5574=ORIENTED_EDGE('',*,*,#4171,.T.);
#5575=ORIENTED_EDGE('',*,*,#4168,.T.);
#5576=ORIENTED_EDGE('',*,*,#4165,.T.);
#5577=ORIENTED_EDGE('',*,*,#4162,.T.);
#5578=ORIENTED_EDGE('',*,*,#4159,.T.);
#5579=ORIENTED_EDGE('',*,*,#4156,.T.);
#5580=ORIENTED_EDGE('',*,*,#4153,.T.);
#5581=ORIENTED_EDGE('',*,*,#4150,.T.);
#5582=ORIENTED_EDGE('',*,*,#4147,.T.);
#5583=ORIENTED_EDGE('',*,*,#4144,.T.);
#5584=ORIENTED_EDGE('',*,*,#4141,.T.);
#5585=ORIENTED_EDGE('',*,*,#4138,.T.);
#5586=ORIENTED_EDGE('',*,*,#4135,.T.);
#5587=ORIENTED_EDGE('',*,*,#4132,.T.);
#5588=ORIENTED_EDGE('',*,*,#4129,.T.);
#5589=ORIENTED_EDGE('',*,*,#4126,.T.);
#5590=ORIENTED_EDGE('',*,*,#4123,.T.);
#5591=ORIENTED_EDGE('',*,*,#4120,.T.);
#5592=ORIENTED_EDGE('',*,*,#4117,.T.);
#5593=ORIENTED_EDGE('',*,*,#4114,.T.);
#5594=ORIENTED_EDGE('',*,*,#4111,.T.);
#5595=ORIENTED_EDGE('',*,*,#4108,.T.);
#5596=ORIENTED_EDGE('',*,*,#4105,.T.);
#5597=ORIENTED_EDGE('',*,*,#4102,.T.);
#5598=ORIENTED_EDGE('',*,*,#4099,.T.);
#5599=ORIENTED_EDGE('',*,*,#4096,.T.);
#5600=ORIENTED_EDGE('',*,*,#4093,.T.);
#5601=ORIENTED_EDGE('',*,*,#4090,.T.);
#5602=ORIENTED_EDGE('',*,*,#4087,.T.);
#5603=ORIENTED_EDGE('',*,*,#4084,.T.);
#5604=ORIENTED_EDGE('',*,*,#4081,.T.);
#5605=ORIENTED_EDGE('',*,*,#4078,.T.);
#5606=ORIENTED_EDGE('',*,*,#4075,.T.);
#5607=ORIENTED_EDGE('',*,*,#4072,.T.);
#5608=ORIENTED_EDGE('',*,*,#4069,.T.);
#5609=ORIENTED_EDGE('',*,*,#4066,.T.);
#5610=ORIENTED_EDGE('',*,*,#4063,.T.);
#5611=ORIENTED_EDGE('',*,*,#4060,.T.);
#5612=ORIENTED_EDGE('',*,*,#4057,.T.);
#5613=ORIENTED_EDGE('',*,*,#4054,.T.);
#5614=ORIENTED_EDGE('',*,*,#4051,.T.);
#5615=ORIENTED_EDGE('',*,*,#4048,.T.);
#5616=ORIENTED_EDGE('',*,*,#4045,.T.);
#5617=ORIENTED_EDGE('',*,*,#4042,.T.);
#5618=ORIENTED_EDGE('',*,*,#4039,.T.);
#5619=ORIENTED_EDGE('',*,*,#4036,.T.);
#5620=ORIENTED_EDGE('',*,*,#4033,.T.);
#5621=ORIENTED_EDGE('',*,*,#4030,.T.);
#5622=ORIENTED_EDGE('',*,*,#4027,.T.);
#5623=ORIENTED_EDGE('',*,*,#4024,.T.);
#5624=ORIENTED_EDGE('',*,*,#4021,.T.);
#5625=ORIENTED_EDGE('',*,*,#4018,.T.);
#5626=ORIENTED_EDGE('',*,*,#4013,.T.);
#5627=ORIENTED_EDGE('',*,*,#4010,.T.);
#5628=ORIENTED_EDGE('',*,*,#4009,.T.);
#5629=ORIENTED_EDGE('',*,*,#4006,.T.);
#5630=ORIENTED_EDGE('',*,*,#4003,.T.);
#5631=ORIENTED_EDGE('',*,*,#4000,.T.);
#5632=ORIENTED_EDGE('',*,*,#3997,.T.);
#5633=ORIENTED_EDGE('',*,*,#3994,.T.);
#5634=ORIENTED_EDGE('',*,*,#3991,.T.);
#5635=ORIENTED_EDGE('',*,*,#3988,.T.);
#5636=ORIENTED_EDGE('',*,*,#3985,.T.);
#5637=ORIENTED_EDGE('',*,*,#3982,.T.);
#5638=ORIENTED_EDGE('',*,*,#3979,.T.);
#5639=ORIENTED_EDGE('',*,*,#3976,.T.);
#5640=ORIENTED_EDGE('',*,*,#3973,.T.);
#5641=ORIENTED_EDGE('',*,*,#3970,.T.);
#5642=ORIENTED_EDGE('',*,*,#3967,.T.);
#5643=ORIENTED_EDGE('',*,*,#3964,.T.);
#5644=ORIENTED_EDGE('',*,*,#3961,.T.);
#5645=ORIENTED_EDGE('',*,*,#3958,.T.);
#5646=ORIENTED_EDGE('',*,*,#3955,.T.);
#5647=ORIENTED_EDGE('',*,*,#3952,.T.);
#5648=ORIENTED_EDGE('',*,*,#3949,.T.);
#5649=ORIENTED_EDGE('',*,*,#3946,.T.);
#5650=ORIENTED_EDGE('',*,*,#3943,.T.);
#5651=ORIENTED_EDGE('',*,*,#3940,.T.);
#5652=ORIENTED_EDGE('',*,*,#3937,.T.);
#5653=ORIENTED_EDGE('',*,*,#3934,.T.);
#5654=ORIENTED_EDGE('',*,*,#3931,.T.);
#5655=ORIENTED_EDGE('',*,*,#3928,.T.);
#5656=ORIENTED_EDGE('',*,*,#3925,.T.);
#5657=ORIENTED_EDGE('',*,*,#3922,.T.);
#5658=ORIENTED_EDGE('',*,*,#3919,.T.);
#5659=ORIENTED_EDGE('',*,*,#3916,.T.);
#5660=ORIENTED_EDGE('',*,*,#3913,.T.);
#5661=ORIENTED_EDGE('',*,*,#3910,.T.);
#5662=ORIENTED_EDGE('',*,*,#3907,.T.);
#5663=ORIENTED_EDGE('',*,*,#3904,.T.);
#5664=ORIENTED_EDGE('',*,*,#3901,.T.);
#5665=ORIENTED_EDGE('',*,*,#3898,.T.);
#5666=ORIENTED_EDGE('',*,*,#3895,.T.);
#5667=ORIENTED_EDGE('',*,*,#3892,.T.);
#5668=ORIENTED_EDGE('',*,*,#3887,.T.);
#5669=ORIENTED_EDGE('',*,*,#3886,.T.);
#5670=ORIENTED_EDGE('',*,*,#3883,.T.);
#5671=ORIENTED_EDGE('',*,*,#3880,.T.);
#5672=ORIENTED_EDGE('',*,*,#3877,.T.);
#5673=ORIENTED_EDGE('',*,*,#4275,.F.);
#5674=ORIENTED_EDGE('',*,*,#4028,.T.);
#5675=ORIENTED_EDGE('',*,*,#4032,.T.);
#5676=ORIENTED_EDGE('',*,*,#4035,.F.);
#5677=ORIENTED_EDGE('',*,*,#4038,.T.);
#5678=ORIENTED_EDGE('',*,*,#4041,.T.);
#5679=ORIENTED_EDGE('',*,*,#4044,.T.);
#5680=ORIENTED_EDGE('',*,*,#4047,.T.);
#5681=ORIENTED_EDGE('',*,*,#4050,.T.);
#5682=ORIENTED_EDGE('',*,*,#4053,.F.);
#5683=ORIENTED_EDGE('',*,*,#4056,.F.);
#5684=ORIENTED_EDGE('',*,*,#4059,.F.);
#5685=ORIENTED_EDGE('',*,*,#4062,.F.);
#5686=ORIENTED_EDGE('',*,*,#4065,.F.);
#5687=ORIENTED_EDGE('',*,*,#4068,.T.);
#5688=ORIENTED_EDGE('',*,*,#4071,.T.);
#5689=ORIENTED_EDGE('',*,*,#4074,.F.);
#5690=ORIENTED_EDGE('',*,*,#4077,.T.);
#5691=ORIENTED_EDGE('',*,*,#4080,.T.);
#5692=ORIENTED_EDGE('',*,*,#4083,.F.);
#5693=ORIENTED_EDGE('',*,*,#4086,.F.);
#5694=ORIENTED_EDGE('',*,*,#4089,.T.);
#5695=ORIENTED_EDGE('',*,*,#4092,.T.);
#5696=ORIENTED_EDGE('',*,*,#4095,.T.);
#5697=ORIENTED_EDGE('',*,*,#4098,.T.);
#5698=ORIENTED_EDGE('',*,*,#4101,.T.);
#5699=ORIENTED_EDGE('',*,*,#4104,.F.);
#5700=ORIENTED_EDGE('',*,*,#4107,.F.);
#5701=ORIENTED_EDGE('',*,*,#4110,.F.);
#5702=ORIENTED_EDGE('',*,*,#4113,.F.);
#5703=ORIENTED_EDGE('',*,*,#4116,.F.);
#5704=ORIENTED_EDGE('',*,*,#4119,.T.);
#5705=ORIENTED_EDGE('',*,*,#4122,.T.);
#5706=ORIENTED_EDGE('',*,*,#4125,.T.);
#5707=ORIENTED_EDGE('',*,*,#4128,.F.);
#5708=ORIENTED_EDGE('',*,*,#4131,.T.);
#5709=ORIENTED_EDGE('',*,*,#4134,.T.);
#5710=ORIENTED_EDGE('',*,*,#4137,.T.);
#5711=ORIENTED_EDGE('',*,*,#4140,.F.);
#5712=ORIENTED_EDGE('',*,*,#4143,.F.);
#5713=ORIENTED_EDGE('',*,*,#4146,.F.);
#5714=ORIENTED_EDGE('',*,*,#4149,.F.);
#5715=ORIENTED_EDGE('',*,*,#4152,.T.);
#5716=ORIENTED_EDGE('',*,*,#4155,.T.);
#5717=ORIENTED_EDGE('',*,*,#4158,.F.);
#5718=ORIENTED_EDGE('',*,*,#4161,.F.);
#5719=ORIENTED_EDGE('',*,*,#4164,.F.);
#5720=ORIENTED_EDGE('',*,*,#4167,.F.);
#5721=ORIENTED_EDGE('',*,*,#4170,.T.);
#5722=ORIENTED_EDGE('',*,*,#4173,.F.);
#5723=ORIENTED_EDGE('',*,*,#4176,.T.);
#5724=ORIENTED_EDGE('',*,*,#4179,.T.);
#5725=ORIENTED_EDGE('',*,*,#4182,.T.);
#5726=ORIENTED_EDGE('',*,*,#4185,.T.);
#5727=ORIENTED_EDGE('',*,*,#4188,.T.);
#5728=ORIENTED_EDGE('',*,*,#4191,.F.);
#5729=ORIENTED_EDGE('',*,*,#4194,.F.);
#5730=ORIENTED_EDGE('',*,*,#4197,.F.);
#5731=ORIENTED_EDGE('',*,*,#4200,.T.);
#5732=ORIENTED_EDGE('',*,*,#4203,.F.);
#5733=ORIENTED_EDGE('',*,*,#4206,.F.);
#5734=ORIENTED_EDGE('',*,*,#4209,.F.);
#5735=ORIENTED_EDGE('',*,*,#4212,.T.);
#5736=ORIENTED_EDGE('',*,*,#4215,.T.);
#5737=ORIENTED_EDGE('',*,*,#4218,.T.);
#5738=ORIENTED_EDGE('',*,*,#4221,.T.);
#5739=ORIENTED_EDGE('',*,*,#4224,.T.);
#5740=ORIENTED_EDGE('',*,*,#4227,.T.);
#5741=ORIENTED_EDGE('',*,*,#4230,.T.);
#5742=ORIENTED_EDGE('',*,*,#4233,.T.);
#5743=ORIENTED_EDGE('',*,*,#4236,.F.);
#5744=ORIENTED_EDGE('',*,*,#4239,.F.);
#5745=ORIENTED_EDGE('',*,*,#4242,.F.);
#5746=ORIENTED_EDGE('',*,*,#4245,.T.);
#5747=ORIENTED_EDGE('',*,*,#4248,.T.);
#5748=ORIENTED_EDGE('',*,*,#4251,.T.);
#5749=ORIENTED_EDGE('',*,*,#4254,.F.);
#5750=ORIENTED_EDGE('',*,*,#4257,.F.);
#5751=ORIENTED_EDGE('',*,*,#4260,.F.);
#5752=ORIENTED_EDGE('',*,*,#4263,.F.);
#5753=ORIENTED_EDGE('',*,*,#4266,.F.);
#5754=ORIENTED_EDGE('',*,*,#4269,.F.);
#5755=ORIENTED_EDGE('',*,*,#4272,.F.);
#5756=ORIENTED_EDGE('',*,*,#4026,.F.);
#5757=ORIENTED_EDGE('',*,*,#4016,.F.);
#5758=ORIENTED_EDGE('',*,*,#4020,.F.);
#5759=ORIENTED_EDGE('',*,*,#4023,.F.);
#5760=ORIENTED_EDGE('',*,*,#4015,.F.);
#5761=ORIENTED_EDGE('',*,*,#4012,.F.);
#5762=ORIENTED_EDGE('',*,*,#4008,.F.);
#5763=ORIENTED_EDGE('',*,*,#3998,.F.);
#5764=ORIENTED_EDGE('',*,*,#4002,.F.);
#5765=ORIENTED_EDGE('',*,*,#4005,.F.);
#5766=ORIENTED_EDGE('',*,*,#3996,.F.);
#5767=ORIENTED_EDGE('',*,*,#3986,.F.);
#5768=ORIENTED_EDGE('',*,*,#3990,.F.);
#5769=ORIENTED_EDGE('',*,*,#3993,.F.);
#5770=ORIENTED_EDGE('',*,*,#3984,.F.);
#5771=ORIENTED_EDGE('',*,*,#3974,.F.);
#5772=ORIENTED_EDGE('',*,*,#3978,.F.);
#5773=ORIENTED_EDGE('',*,*,#3981,.F.);
#5774=ORIENTED_EDGE('',*,*,#3972,.F.);
#5775=ORIENTED_EDGE('',*,*,#3962,.F.);
#5776=ORIENTED_EDGE('',*,*,#3966,.F.);
#5777=ORIENTED_EDGE('',*,*,#3969,.F.);
#5778=ORIENTED_EDGE('',*,*,#3960,.F.);
#5779=ORIENTED_EDGE('',*,*,#3938,.F.);
#5780=ORIENTED_EDGE('',*,*,#3942,.F.);
#5781=ORIENTED_EDGE('',*,*,#3945,.F.);
#5782=ORIENTED_EDGE('',*,*,#3948,.F.);
#5783=ORIENTED_EDGE('',*,*,#3951,.F.);
#5784=ORIENTED_EDGE('',*,*,#3954,.F.);
#5785=ORIENTED_EDGE('',*,*,#3957,.F.);
#5786=ORIENTED_EDGE('',*,*,#3936,.F.);
#5787=ORIENTED_EDGE('',*,*,#3914,.F.);
#5788=ORIENTED_EDGE('',*,*,#3918,.F.);
#5789=ORIENTED_EDGE('',*,*,#3921,.F.);
#5790=ORIENTED_EDGE('',*,*,#3924,.F.);
#5791=ORIENTED_EDGE('',*,*,#3927,.F.);
#5792=ORIENTED_EDGE('',*,*,#3930,.F.);
#5793=ORIENTED_EDGE('',*,*,#3933,.F.);
#5794=ORIENTED_EDGE('',*,*,#3912,.F.);
#5795=ORIENTED_EDGE('',*,*,#3902,.F.);
#5796=ORIENTED_EDGE('',*,*,#3906,.F.);
#5797=ORIENTED_EDGE('',*,*,#3909,.F.);
#5798=ORIENTED_EDGE('',*,*,#3900,.F.);
#5799=ORIENTED_EDGE('',*,*,#3890,.F.);
#5800=ORIENTED_EDGE('',*,*,#3894,.F.);
#5801=ORIENTED_EDGE('',*,*,#3897,.F.);
#5802=ORIENTED_EDGE('',*,*,#3889,.F.);
#5803=ORIENTED_EDGE('',*,*,#3885,.F.);
#5804=ORIENTED_EDGE('',*,*,#3875,.F.);
#5805=ORIENTED_EDGE('',*,*,#3879,.F.);
#5806=ORIENTED_EDGE('',*,*,#3882,.F.);
#5807=ORIENTED_EDGE('',*,*,#4277,.F.);
#5808=ORIENTED_EDGE('',*,*,#4278,.T.);
#5809=ORIENTED_EDGE('',*,*,#4279,.F.);
#5810=ORIENTED_EDGE('',*,*,#4278,.F.);
#5811=ORIENTED_EDGE('',*,*,#4280,.F.);
#5812=ORIENTED_EDGE('',*,*,#4281,.T.);
#5813=ORIENTED_EDGE('',*,*,#4282,.F.);
#5814=ORIENTED_EDGE('',*,*,#4281,.F.);
#5815=ORIENTED_EDGE('',*,*,#4283,.F.);
#5816=ORIENTED_EDGE('',*,*,#4284,.T.);
#5817=ORIENTED_EDGE('',*,*,#4285,.F.);
#5818=ORIENTED_EDGE('',*,*,#4284,.F.);
#5819=ORIENTED_EDGE('',*,*,#4286,.F.);
#5820=ORIENTED_EDGE('',*,*,#4287,.T.);
#5821=ORIENTED_EDGE('',*,*,#4288,.F.);
#5822=ORIENTED_EDGE('',*,*,#4287,.F.);
#5823=ORIENTED_EDGE('',*,*,#4289,.F.);
#5824=ORIENTED_EDGE('',*,*,#4290,.T.);
#5825=ORIENTED_EDGE('',*,*,#4291,.T.);
#5826=ORIENTED_EDGE('',*,*,#4290,.F.);
#5827=ORIENTED_EDGE('',*,*,#4291,.F.);
#5828=ORIENTED_EDGE('',*,*,#4292,.F.);
#5829=ORIENTED_EDGE('',*,*,#4293,.F.);
#5830=ORIENTED_EDGE('',*,*,#4294,.T.);
#5831=ORIENTED_EDGE('',*,*,#4295,.T.);
#5832=ORIENTED_EDGE('',*,*,#4294,.F.);
#5833=ORIENTED_EDGE('',*,*,#4295,.F.);
#5834=ORIENTED_EDGE('',*,*,#4296,.F.);
#5835=ORIENTED_EDGE('',*,*,#4297,.F.);
#5836=ORIENTED_EDGE('',*,*,#4298,.T.);
#5837=ORIENTED_EDGE('',*,*,#4299,.T.);
#5838=ORIENTED_EDGE('',*,*,#4298,.F.);
#5839=ORIENTED_EDGE('',*,*,#4299,.F.);
#5840=ORIENTED_EDGE('',*,*,#4300,.F.);
#5841=ORIENTED_EDGE('',*,*,#4301,.F.);
#5842=ORIENTED_EDGE('',*,*,#4302,.T.);
#5843=ORIENTED_EDGE('',*,*,#4303,.T.);
#5844=ORIENTED_EDGE('',*,*,#4302,.F.);
#5845=ORIENTED_EDGE('',*,*,#4303,.F.);
#5846=ORIENTED_EDGE('',*,*,#4304,.F.);
#5847=ORIENTED_EDGE('',*,*,#4305,.F.);
#5848=ORIENTED_EDGE('',*,*,#4306,.T.);
#5849=ORIENTED_EDGE('',*,*,#4307,.F.);
#5850=ORIENTED_EDGE('',*,*,#4308,.F.);
#5851=ORIENTED_EDGE('',*,*,#4309,.T.);
#5852=ORIENTED_EDGE('',*,*,#4308,.T.);
#5853=ORIENTED_EDGE('',*,*,#4310,.F.);
#5854=ORIENTED_EDGE('',*,*,#4311,.F.);
#5855=ORIENTED_EDGE('',*,*,#4312,.T.);
#5856=ORIENTED_EDGE('',*,*,#4311,.T.);
#5857=ORIENTED_EDGE('',*,*,#4313,.F.);
#5858=ORIENTED_EDGE('',*,*,#4314,.F.);
#5859=ORIENTED_EDGE('',*,*,#4315,.F.);
#5860=ORIENTED_EDGE('',*,*,#4316,.F.);
#5861=ORIENTED_EDGE('',*,*,#4305,.T.);
#5862=ORIENTED_EDGE('',*,*,#4309,.F.);
#5863=ORIENTED_EDGE('',*,*,#4312,.F.);
#5864=ORIENTED_EDGE('',*,*,#4317,.F.);
#5865=ORIENTED_EDGE('',*,*,#4318,.T.);
#5866=ORIENTED_EDGE('',*,*,#4313,.T.);
#5867=ORIENTED_EDGE('',*,*,#4310,.T.);
#5868=ORIENTED_EDGE('',*,*,#4307,.T.);
#5869=ORIENTED_EDGE('',*,*,#4319,.F.);
#5870=ORIENTED_EDGE('',*,*,#4320,.F.);
#5871=ORIENTED_EDGE('',*,*,#4321,.T.);
#5872=ORIENTED_EDGE('',*,*,#4322,.F.);
#5873=ORIENTED_EDGE('',*,*,#4323,.T.);
#5874=ORIENTED_EDGE('',*,*,#4324,.F.);
#5875=ORIENTED_EDGE('',*,*,#4325,.F.);
#5876=ORIENTED_EDGE('',*,*,#4326,.T.);
#5877=ORIENTED_EDGE('',*,*,#4327,.T.);
#5878=ORIENTED_EDGE('',*,*,#4328,.T.);
#5879=ORIENTED_EDGE('',*,*,#4329,.F.);
#5880=ORIENTED_EDGE('',*,*,#4330,.F.);
#5881=ORIENTED_EDGE('',*,*,#4331,.T.);
#5882=ORIENTED_EDGE('',*,*,#4332,.F.);
#5883=ORIENTED_EDGE('',*,*,#4333,.F.);
#5884=ORIENTED_EDGE('',*,*,#4334,.F.);
#5885=ORIENTED_EDGE('',*,*,#4335,.F.);
#5886=ORIENTED_EDGE('',*,*,#4336,.F.);
#5887=ORIENTED_EDGE('',*,*,#4337,.T.);
#5888=ORIENTED_EDGE('',*,*,#4338,.F.);
#5889=ORIENTED_EDGE('',*,*,#4339,.T.);
#5890=ORIENTED_EDGE('',*,*,#4340,.F.);
#5891=ORIENTED_EDGE('',*,*,#4341,.F.);
#5892=ORIENTED_EDGE('',*,*,#4342,.T.);
#5893=ORIENTED_EDGE('',*,*,#4343,.T.);
#5894=ORIENTED_EDGE('',*,*,#4344,.T.);
#5895=ORIENTED_EDGE('',*,*,#4345,.T.);
#5896=ORIENTED_EDGE('',*,*,#4346,.T.);
#5897=ORIENTED_EDGE('',*,*,#4347,.F.);
#5898=ORIENTED_EDGE('',*,*,#4348,.F.);
#5899=ORIENTED_EDGE('',*,*,#4349,.F.);
#5900=ORIENTED_EDGE('',*,*,#4350,.F.);
#5901=ORIENTED_EDGE('',*,*,#4351,.T.);
#5902=ORIENTED_EDGE('',*,*,#4352,.F.);
#5903=ORIENTED_EDGE('',*,*,#4353,.T.);
#5904=ORIENTED_EDGE('',*,*,#4354,.T.);
#5905=ORIENTED_EDGE('',*,*,#4355,.F.);
#5906=ORIENTED_EDGE('',*,*,#4356,.T.);
#5907=ORIENTED_EDGE('',*,*,#4357,.F.);
#5908=ORIENTED_EDGE('',*,*,#4358,.F.);
#5909=ORIENTED_EDGE('',*,*,#4359,.F.);
#5910=ORIENTED_EDGE('',*,*,#4360,.F.);
#5911=ORIENTED_EDGE('',*,*,#4361,.F.);
#5912=ORIENTED_EDGE('',*,*,#4362,.T.);
#5913=ORIENTED_EDGE('',*,*,#4363,.F.);
#5914=ORIENTED_EDGE('',*,*,#4364,.F.);
#5915=ORIENTED_EDGE('',*,*,#4365,.T.);
#5916=ORIENTED_EDGE('',*,*,#4366,.F.);
#5917=ORIENTED_EDGE('',*,*,#4367,.F.);
#5918=ORIENTED_EDGE('',*,*,#4368,.F.);
#5919=ORIENTED_EDGE('',*,*,#4369,.T.);
#5920=ORIENTED_EDGE('',*,*,#4370,.F.);
#5921=ORIENTED_EDGE('',*,*,#4371,.T.);
#5922=ORIENTED_EDGE('',*,*,#4372,.F.);
#5923=ORIENTED_EDGE('',*,*,#4373,.F.);
#5924=ORIENTED_EDGE('',*,*,#4374,.T.);
#5925=ORIENTED_EDGE('',*,*,#4375,.T.);
#5926=ORIENTED_EDGE('',*,*,#4376,.T.);
#5927=ORIENTED_EDGE('',*,*,#4377,.T.);
#5928=ORIENTED_EDGE('',*,*,#4378,.T.);
#5929=ORIENTED_EDGE('',*,*,#4379,.F.);
#5930=ORIENTED_EDGE('',*,*,#4380,.F.);
#5931=ORIENTED_EDGE('',*,*,#4381,.F.);
#5932=ORIENTED_EDGE('',*,*,#4382,.F.);
#5933=ORIENTED_EDGE('',*,*,#4383,.F.);
#5934=ORIENTED_EDGE('',*,*,#4384,.F.);
#5935=ORIENTED_EDGE('',*,*,#4385,.F.);
#5936=ORIENTED_EDGE('',*,*,#4386,.F.);
#5937=ORIENTED_EDGE('',*,*,#4387,.F.);
#5938=ORIENTED_EDGE('',*,*,#4388,.F.);
#5939=ORIENTED_EDGE('',*,*,#4389,.F.);
#5940=ORIENTED_EDGE('',*,*,#4390,.F.);
#5941=ORIENTED_EDGE('',*,*,#4391,.F.);
#5942=ORIENTED_EDGE('',*,*,#4392,.F.);
#5943=ORIENTED_EDGE('',*,*,#4393,.F.);
#5944=ORIENTED_EDGE('',*,*,#4394,.F.);
#5945=ORIENTED_EDGE('',*,*,#4395,.F.);
#5946=ORIENTED_EDGE('',*,*,#4396,.F.);
#5947=ORIENTED_EDGE('',*,*,#4397,.F.);
#5948=ORIENTED_EDGE('',*,*,#4398,.F.);
#5949=ORIENTED_EDGE('',*,*,#4399,.F.);
#5950=ORIENTED_EDGE('',*,*,#4400,.F.);
#5951=ORIENTED_EDGE('',*,*,#4401,.F.);
#5952=ORIENTED_EDGE('',*,*,#4402,.F.);
#5953=ORIENTED_EDGE('',*,*,#4403,.F.);
#5954=ORIENTED_EDGE('',*,*,#4404,.F.);
#5955=ORIENTED_EDGE('',*,*,#4405,.F.);
#5956=ORIENTED_EDGE('',*,*,#4406,.F.);
#5957=ORIENTED_EDGE('',*,*,#4288,.T.);
#5958=ORIENTED_EDGE('',*,*,#4285,.T.);
#5959=ORIENTED_EDGE('',*,*,#4282,.T.);
#5960=ORIENTED_EDGE('',*,*,#4279,.T.);
#5961=ORIENTED_EDGE('',*,*,#4300,.T.);
#5962=ORIENTED_EDGE('',*,*,#4407,.T.);
#5963=ORIENTED_EDGE('',*,*,#4406,.T.);
#5964=ORIENTED_EDGE('',*,*,#4407,.F.);
#5965=ORIENTED_EDGE('',*,*,#4399,.T.);
#5966=ORIENTED_EDGE('',*,*,#4408,.T.);
#5967=ORIENTED_EDGE('',*,*,#4409,.F.);
#5968=ORIENTED_EDGE('',*,*,#4410,.F.);
#5969=ORIENTED_EDGE('',*,*,#4400,.T.);
#5970=ORIENTED_EDGE('',*,*,#4410,.T.);
#5971=ORIENTED_EDGE('',*,*,#4411,.F.);
#5972=ORIENTED_EDGE('',*,*,#4412,.F.);
#5973=ORIENTED_EDGE('',*,*,#4401,.T.);
#5974=ORIENTED_EDGE('',*,*,#4412,.T.);
#5975=ORIENTED_EDGE('',*,*,#4413,.F.);
#5976=ORIENTED_EDGE('',*,*,#4414,.F.);
#5977=ORIENTED_EDGE('',*,*,#4402,.T.);
#5978=ORIENTED_EDGE('',*,*,#4414,.T.);
#5979=ORIENTED_EDGE('',*,*,#4415,.F.);
#5980=ORIENTED_EDGE('',*,*,#4416,.F.);
#5981=ORIENTED_EDGE('',*,*,#4403,.T.);
#5982=ORIENTED_EDGE('',*,*,#4416,.T.);
#5983=ORIENTED_EDGE('',*,*,#4417,.F.);
#5984=ORIENTED_EDGE('',*,*,#4418,.F.);
#5985=ORIENTED_EDGE('',*,*,#4404,.T.);
#5986=ORIENTED_EDGE('',*,*,#4418,.T.);
#5987=ORIENTED_EDGE('',*,*,#4419,.F.);
#5988=ORIENTED_EDGE('',*,*,#4420,.F.);
#5989=ORIENTED_EDGE('',*,*,#4405,.T.);
#5990=ORIENTED_EDGE('',*,*,#4420,.T.);
#5991=ORIENTED_EDGE('',*,*,#4421,.F.);
#5992=ORIENTED_EDGE('',*,*,#4422,.F.);
#5993=ORIENTED_EDGE('',*,*,#4398,.T.);
#5994=ORIENTED_EDGE('',*,*,#4422,.T.);
#5995=ORIENTED_EDGE('',*,*,#4423,.F.);
#5996=ORIENTED_EDGE('',*,*,#4408,.F.);
#5997=ORIENTED_EDGE('',*,*,#4304,.T.);
#5998=ORIENTED_EDGE('',*,*,#4424,.T.);
#5999=ORIENTED_EDGE('',*,*,#4397,.T.);
#6000=ORIENTED_EDGE('',*,*,#4424,.F.);
#6001=ORIENTED_EDGE('',*,*,#4390,.T.);
#6002=ORIENTED_EDGE('',*,*,#4425,.T.);
#6003=ORIENTED_EDGE('',*,*,#4426,.F.);
#6004=ORIENTED_EDGE('',*,*,#4427,.F.);
#6005=ORIENTED_EDGE('',*,*,#4391,.T.);
#6006=ORIENTED_EDGE('',*,*,#4427,.T.);
#6007=ORIENTED_EDGE('',*,*,#4428,.F.);
#6008=ORIENTED_EDGE('',*,*,#4429,.F.);
#6009=ORIENTED_EDGE('',*,*,#4392,.T.);
#6010=ORIENTED_EDGE('',*,*,#4429,.T.);
#6011=ORIENTED_EDGE('',*,*,#4430,.F.);
#6012=ORIENTED_EDGE('',*,*,#4431,.F.);
#6013=ORIENTED_EDGE('',*,*,#4393,.T.);
#6014=ORIENTED_EDGE('',*,*,#4431,.T.);
#6015=ORIENTED_EDGE('',*,*,#4432,.F.);
#6016=ORIENTED_EDGE('',*,*,#4433,.F.);
#6017=ORIENTED_EDGE('',*,*,#4394,.T.);
#6018=ORIENTED_EDGE('',*,*,#4433,.T.);
#6019=ORIENTED_EDGE('',*,*,#4434,.F.);
#6020=ORIENTED_EDGE('',*,*,#4435,.F.);
#6021=ORIENTED_EDGE('',*,*,#4395,.T.);
#6022=ORIENTED_EDGE('',*,*,#4435,.T.);
#6023=ORIENTED_EDGE('',*,*,#4436,.F.);
#6024=ORIENTED_EDGE('',*,*,#4437,.F.);
#6025=ORIENTED_EDGE('',*,*,#4396,.T.);
#6026=ORIENTED_EDGE('',*,*,#4437,.T.);
#6027=ORIENTED_EDGE('',*,*,#4438,.F.);
#6028=ORIENTED_EDGE('',*,*,#4439,.F.);
#6029=ORIENTED_EDGE('',*,*,#4389,.T.);
#6030=ORIENTED_EDGE('',*,*,#4439,.T.);
#6031=ORIENTED_EDGE('',*,*,#4440,.F.);
#6032=ORIENTED_EDGE('',*,*,#4425,.F.);
#6033=ORIENTED_EDGE('',*,*,#4296,.T.);
#6034=ORIENTED_EDGE('',*,*,#4441,.T.);
#6035=ORIENTED_EDGE('',*,*,#4318,.F.);
#6036=ORIENTED_EDGE('',*,*,#4441,.F.);
#6037=ORIENTED_EDGE('',*,*,#4292,.T.);
#6038=ORIENTED_EDGE('',*,*,#4442,.T.);
#6039=ORIENTED_EDGE('',*,*,#4388,.T.);
#6040=ORIENTED_EDGE('',*,*,#4442,.F.);
#6041=ORIENTED_EDGE('',*,*,#4381,.T.);
#6042=ORIENTED_EDGE('',*,*,#4443,.T.);
#6043=ORIENTED_EDGE('',*,*,#4444,.F.);
#6044=ORIENTED_EDGE('',*,*,#4445,.F.);
#6045=ORIENTED_EDGE('',*,*,#4382,.T.);
#6046=ORIENTED_EDGE('',*,*,#4445,.T.);
#6047=ORIENTED_EDGE('',*,*,#4446,.F.);
#6048=ORIENTED_EDGE('',*,*,#4447,.F.);
#6049=ORIENTED_EDGE('',*,*,#4383,.T.);
#6050=ORIENTED_EDGE('',*,*,#4447,.T.);
#6051=ORIENTED_EDGE('',*,*,#4448,.F.);
#6052=ORIENTED_EDGE('',*,*,#4449,.F.);
#6053=ORIENTED_EDGE('',*,*,#4384,.T.);
#6054=ORIENTED_EDGE('',*,*,#4449,.T.);
#6055=ORIENTED_EDGE('',*,*,#4450,.F.);
#6056=ORIENTED_EDGE('',*,*,#4451,.F.);
#6057=ORIENTED_EDGE('',*,*,#4385,.T.);
#6058=ORIENTED_EDGE('',*,*,#4451,.T.);
#6059=ORIENTED_EDGE('',*,*,#4452,.F.);
#6060=ORIENTED_EDGE('',*,*,#4453,.F.);
#6061=ORIENTED_EDGE('',*,*,#4386,.T.);
#6062=ORIENTED_EDGE('',*,*,#4453,.T.);
#6063=ORIENTED_EDGE('',*,*,#4454,.F.);
#6064=ORIENTED_EDGE('',*,*,#4455,.F.);
#6065=ORIENTED_EDGE('',*,*,#4387,.T.);
#6066=ORIENTED_EDGE('',*,*,#4455,.T.);
#6067=ORIENTED_EDGE('',*,*,#4456,.F.);
#6068=ORIENTED_EDGE('',*,*,#4457,.F.);
#6069=ORIENTED_EDGE('',*,*,#4380,.T.);
#6070=ORIENTED_EDGE('',*,*,#4457,.T.);
#6071=ORIENTED_EDGE('',*,*,#4458,.F.);
#6072=ORIENTED_EDGE('',*,*,#4443,.F.);
#6073=ORIENTED_EDGE('',*,*,#4369,.F.);
#6074=ORIENTED_EDGE('',*,*,#4459,.T.);
#6075=ORIENTED_EDGE('',*,*,#4460,.F.);
#6076=ORIENTED_EDGE('',*,*,#4461,.F.);
#6077=ORIENTED_EDGE('',*,*,#4370,.T.);
#6078=ORIENTED_EDGE('',*,*,#4461,.T.);
#6079=ORIENTED_EDGE('',*,*,#4462,.F.);
#6080=ORIENTED_EDGE('',*,*,#4463,.F.);
#6081=ORIENTED_EDGE('',*,*,#4371,.F.);
#6082=ORIENTED_EDGE('',*,*,#4463,.T.);
#6083=ORIENTED_EDGE('',*,*,#4464,.F.);
#6084=ORIENTED_EDGE('',*,*,#4465,.F.);
#6085=ORIENTED_EDGE('',*,*,#4372,.T.);
#6086=ORIENTED_EDGE('',*,*,#4465,.T.);
#6087=ORIENTED_EDGE('',*,*,#4466,.F.);
#6088=ORIENTED_EDGE('',*,*,#4467,.F.);
#6089=ORIENTED_EDGE('',*,*,#4373,.T.);
#6090=ORIENTED_EDGE('',*,*,#4467,.T.);
#6091=ORIENTED_EDGE('',*,*,#4468,.F.);
#6092=ORIENTED_EDGE('',*,*,#4469,.F.);
#6093=ORIENTED_EDGE('',*,*,#4374,.F.);
#6094=ORIENTED_EDGE('',*,*,#4469,.T.);
#6095=ORIENTED_EDGE('',*,*,#4470,.F.);
#6096=ORIENTED_EDGE('',*,*,#4471,.F.);
#6097=ORIENTED_EDGE('',*,*,#4375,.F.);
#6098=ORIENTED_EDGE('',*,*,#4471,.T.);
#6099=ORIENTED_EDGE('',*,*,#4472,.F.);
#6100=ORIENTED_EDGE('',*,*,#4473,.F.);
#6101=ORIENTED_EDGE('',*,*,#4376,.F.);
#6102=ORIENTED_EDGE('',*,*,#4473,.T.);
#6103=ORIENTED_EDGE('',*,*,#4474,.F.);
#6104=ORIENTED_EDGE('',*,*,#4475,.F.);
#6105=ORIENTED_EDGE('',*,*,#4377,.F.);
#6106=ORIENTED_EDGE('',*,*,#4475,.T.);
#6107=ORIENTED_EDGE('',*,*,#4476,.F.);
#6108=ORIENTED_EDGE('',*,*,#4477,.F.);
#6109=ORIENTED_EDGE('',*,*,#4378,.F.);
#6110=ORIENTED_EDGE('',*,*,#4477,.T.);
#6111=ORIENTED_EDGE('',*,*,#4478,.F.);
#6112=ORIENTED_EDGE('',*,*,#4479,.F.);
#6113=ORIENTED_EDGE('',*,*,#4379,.T.);
#6114=ORIENTED_EDGE('',*,*,#4479,.T.);
#6115=ORIENTED_EDGE('',*,*,#4480,.F.);
#6116=ORIENTED_EDGE('',*,*,#4481,.F.);
#6117=ORIENTED_EDGE('',*,*,#4317,.T.);
#6118=ORIENTED_EDGE('',*,*,#4314,.T.);
#6119=ORIENTED_EDGE('',*,*,#4481,.T.);
#6120=ORIENTED_EDGE('',*,*,#4482,.F.);
#6121=ORIENTED_EDGE('',*,*,#4483,.F.);
#6122=ORIENTED_EDGE('',*,*,#4315,.T.);
#6123=ORIENTED_EDGE('',*,*,#4319,.T.);
#6124=ORIENTED_EDGE('',*,*,#4306,.F.);
#6125=ORIENTED_EDGE('',*,*,#4316,.T.);
#6126=ORIENTED_EDGE('',*,*,#4483,.T.);
#6127=ORIENTED_EDGE('',*,*,#4484,.F.);
#6128=ORIENTED_EDGE('',*,*,#4485,.F.);
#6129=ORIENTED_EDGE('',*,*,#4320,.T.);
#6130=ORIENTED_EDGE('',*,*,#4485,.T.);
#6131=ORIENTED_EDGE('',*,*,#4486,.F.);
#6132=ORIENTED_EDGE('',*,*,#4487,.F.);
#6133=ORIENTED_EDGE('',*,*,#4321,.F.);
#6134=ORIENTED_EDGE('',*,*,#4487,.T.);
#6135=ORIENTED_EDGE('',*,*,#4488,.F.);
#6136=ORIENTED_EDGE('',*,*,#4489,.F.);
#6137=ORIENTED_EDGE('',*,*,#4322,.T.);
#6138=ORIENTED_EDGE('',*,*,#4489,.T.);
#6139=ORIENTED_EDGE('',*,*,#4490,.F.);
#6140=ORIENTED_EDGE('',*,*,#4491,.F.);
#6141=ORIENTED_EDGE('',*,*,#4323,.F.);
#6142=ORIENTED_EDGE('',*,*,#4491,.T.);
#6143=ORIENTED_EDGE('',*,*,#4492,.F.);
#6144=ORIENTED_EDGE('',*,*,#4493,.F.);
#6145=ORIENTED_EDGE('',*,*,#4324,.T.);
#6146=ORIENTED_EDGE('',*,*,#4493,.T.);
#6147=ORIENTED_EDGE('',*,*,#4494,.F.);
#6148=ORIENTED_EDGE('',*,*,#4495,.F.);
#6149=ORIENTED_EDGE('',*,*,#4325,.T.);
#6150=ORIENTED_EDGE('',*,*,#4495,.T.);
#6151=ORIENTED_EDGE('',*,*,#4496,.F.);
#6152=ORIENTED_EDGE('',*,*,#4497,.F.);
#6153=ORIENTED_EDGE('',*,*,#4326,.F.);
#6154=ORIENTED_EDGE('',*,*,#4497,.T.);
#6155=ORIENTED_EDGE('',*,*,#4498,.F.);
#6156=ORIENTED_EDGE('',*,*,#4499,.F.);
#6157=ORIENTED_EDGE('',*,*,#4327,.F.);
#6158=ORIENTED_EDGE('',*,*,#4499,.T.);
#6159=ORIENTED_EDGE('',*,*,#4500,.F.);
#6160=ORIENTED_EDGE('',*,*,#4501,.F.);
#6161=ORIENTED_EDGE('',*,*,#4328,.F.);
#6162=ORIENTED_EDGE('',*,*,#4501,.T.);
#6163=ORIENTED_EDGE('',*,*,#4502,.F.);
#6164=ORIENTED_EDGE('',*,*,#4503,.F.);
#6165=ORIENTED_EDGE('',*,*,#4329,.T.);
#6166=ORIENTED_EDGE('',*,*,#4503,.T.);
#6167=ORIENTED_EDGE('',*,*,#4504,.F.);
#6168=ORIENTED_EDGE('',*,*,#4505,.F.);
#6169=ORIENTED_EDGE('',*,*,#4330,.T.);
#6170=ORIENTED_EDGE('',*,*,#4505,.T.);
#6171=ORIENTED_EDGE('',*,*,#4506,.F.);
#6172=ORIENTED_EDGE('',*,*,#4507,.F.);
#6173=ORIENTED_EDGE('',*,*,#4331,.F.);
#6174=ORIENTED_EDGE('',*,*,#4507,.T.);
#6175=ORIENTED_EDGE('',*,*,#4508,.F.);
#6176=ORIENTED_EDGE('',*,*,#4509,.F.);
#6177=ORIENTED_EDGE('',*,*,#4332,.T.);
#6178=ORIENTED_EDGE('',*,*,#4509,.T.);
#6179=ORIENTED_EDGE('',*,*,#4510,.F.);
#6180=ORIENTED_EDGE('',*,*,#4511,.F.);
#6181=ORIENTED_EDGE('',*,*,#4333,.T.);
#6182=ORIENTED_EDGE('',*,*,#4511,.T.);
#6183=ORIENTED_EDGE('',*,*,#4512,.F.);
#6184=ORIENTED_EDGE('',*,*,#4513,.F.);
#6185=ORIENTED_EDGE('',*,*,#4334,.T.);
#6186=ORIENTED_EDGE('',*,*,#4513,.T.);
#6187=ORIENTED_EDGE('',*,*,#4514,.F.);
#6188=ORIENTED_EDGE('',*,*,#4515,.F.);
#6189=ORIENTED_EDGE('',*,*,#4335,.T.);
#6190=ORIENTED_EDGE('',*,*,#4515,.T.);
#6191=ORIENTED_EDGE('',*,*,#4516,.F.);
#6192=ORIENTED_EDGE('',*,*,#4517,.F.);
#6193=ORIENTED_EDGE('',*,*,#4336,.T.);
#6194=ORIENTED_EDGE('',*,*,#4517,.T.);
#6195=ORIENTED_EDGE('',*,*,#4518,.F.);
#6196=ORIENTED_EDGE('',*,*,#4519,.F.);
#6197=ORIENTED_EDGE('',*,*,#4337,.F.);
#6198=ORIENTED_EDGE('',*,*,#4519,.T.);
#6199=ORIENTED_EDGE('',*,*,#4520,.F.);
#6200=ORIENTED_EDGE('',*,*,#4521,.F.);
#6201=ORIENTED_EDGE('',*,*,#4338,.T.);
#6202=ORIENTED_EDGE('',*,*,#4521,.T.);
#6203=ORIENTED_EDGE('',*,*,#4522,.F.);
#6204=ORIENTED_EDGE('',*,*,#4523,.F.);
#6205=ORIENTED_EDGE('',*,*,#4339,.F.);
#6206=ORIENTED_EDGE('',*,*,#4523,.T.);
#6207=ORIENTED_EDGE('',*,*,#4524,.F.);
#6208=ORIENTED_EDGE('',*,*,#4525,.F.);
#6209=ORIENTED_EDGE('',*,*,#4340,.T.);
#6210=ORIENTED_EDGE('',*,*,#4525,.T.);
#6211=ORIENTED_EDGE('',*,*,#4526,.F.);
#6212=ORIENTED_EDGE('',*,*,#4527,.F.);
#6213=ORIENTED_EDGE('',*,*,#4341,.T.);
#6214=ORIENTED_EDGE('',*,*,#4527,.T.);
#6215=ORIENTED_EDGE('',*,*,#4528,.F.);
#6216=ORIENTED_EDGE('',*,*,#4529,.F.);
#6217=ORIENTED_EDGE('',*,*,#4342,.F.);
#6218=ORIENTED_EDGE('',*,*,#4529,.T.);
#6219=ORIENTED_EDGE('',*,*,#4530,.F.);
#6220=ORIENTED_EDGE('',*,*,#4531,.F.);
#6221=ORIENTED_EDGE('',*,*,#4343,.F.);
#6222=ORIENTED_EDGE('',*,*,#4531,.T.);
#6223=ORIENTED_EDGE('',*,*,#4532,.F.);
#6224=ORIENTED_EDGE('',*,*,#4533,.F.);
#6225=ORIENTED_EDGE('',*,*,#4344,.F.);
#6226=ORIENTED_EDGE('',*,*,#4533,.T.);
#6227=ORIENTED_EDGE('',*,*,#4534,.F.);
#6228=ORIENTED_EDGE('',*,*,#4535,.F.);
#6229=ORIENTED_EDGE('',*,*,#4345,.F.);
#6230=ORIENTED_EDGE('',*,*,#4535,.T.);
#6231=ORIENTED_EDGE('',*,*,#4536,.F.);
#6232=ORIENTED_EDGE('',*,*,#4537,.F.);
#6233=ORIENTED_EDGE('',*,*,#4346,.F.);
#6234=ORIENTED_EDGE('',*,*,#4537,.T.);
#6235=ORIENTED_EDGE('',*,*,#4538,.F.);
#6236=ORIENTED_EDGE('',*,*,#4539,.F.);
#6237=ORIENTED_EDGE('',*,*,#4347,.T.);
#6238=ORIENTED_EDGE('',*,*,#4539,.T.);
#6239=ORIENTED_EDGE('',*,*,#4540,.F.);
#6240=ORIENTED_EDGE('',*,*,#4541,.F.);
#6241=ORIENTED_EDGE('',*,*,#4348,.T.);
#6242=ORIENTED_EDGE('',*,*,#4541,.T.);
#6243=ORIENTED_EDGE('',*,*,#4542,.F.);
#6244=ORIENTED_EDGE('',*,*,#4543,.F.);
#6245=ORIENTED_EDGE('',*,*,#4349,.T.);
#6246=ORIENTED_EDGE('',*,*,#4543,.T.);
#6247=ORIENTED_EDGE('',*,*,#4544,.F.);
#6248=ORIENTED_EDGE('',*,*,#4545,.F.);
#6249=ORIENTED_EDGE('',*,*,#4350,.T.);
#6250=ORIENTED_EDGE('',*,*,#4545,.T.);
#6251=ORIENTED_EDGE('',*,*,#4546,.F.);
#6252=ORIENTED_EDGE('',*,*,#4547,.F.);
#6253=ORIENTED_EDGE('',*,*,#4351,.F.);
#6254=ORIENTED_EDGE('',*,*,#4547,.T.);
#6255=ORIENTED_EDGE('',*,*,#4548,.F.);
#6256=ORIENTED_EDGE('',*,*,#4549,.F.);
#6257=ORIENTED_EDGE('',*,*,#4352,.T.);
#6258=ORIENTED_EDGE('',*,*,#4549,.T.);
#6259=ORIENTED_EDGE('',*,*,#4550,.F.);
#6260=ORIENTED_EDGE('',*,*,#4551,.F.);
#6261=ORIENTED_EDGE('',*,*,#4353,.F.);
#6262=ORIENTED_EDGE('',*,*,#4551,.T.);
#6263=ORIENTED_EDGE('',*,*,#4552,.F.);
#6264=ORIENTED_EDGE('',*,*,#4553,.F.);
#6265=ORIENTED_EDGE('',*,*,#4354,.F.);
#6266=ORIENTED_EDGE('',*,*,#4553,.T.);
#6267=ORIENTED_EDGE('',*,*,#4554,.F.);
#6268=ORIENTED_EDGE('',*,*,#4555,.F.);
#6269=ORIENTED_EDGE('',*,*,#4355,.T.);
#6270=ORIENTED_EDGE('',*,*,#4555,.T.);
#6271=ORIENTED_EDGE('',*,*,#4556,.F.);
#6272=ORIENTED_EDGE('',*,*,#4557,.F.);
#6273=ORIENTED_EDGE('',*,*,#4356,.F.);
#6274=ORIENTED_EDGE('',*,*,#4557,.T.);
#6275=ORIENTED_EDGE('',*,*,#4558,.F.);
#6276=ORIENTED_EDGE('',*,*,#4559,.F.);
#6277=ORIENTED_EDGE('',*,*,#4357,.T.);
#6278=ORIENTED_EDGE('',*,*,#4559,.T.);
#6279=ORIENTED_EDGE('',*,*,#4560,.F.);
#6280=ORIENTED_EDGE('',*,*,#4561,.F.);
#6281=ORIENTED_EDGE('',*,*,#4358,.T.);
#6282=ORIENTED_EDGE('',*,*,#4561,.T.);
#6283=ORIENTED_EDGE('',*,*,#4562,.F.);
#6284=ORIENTED_EDGE('',*,*,#4563,.F.);
#6285=ORIENTED_EDGE('',*,*,#4359,.T.);
#6286=ORIENTED_EDGE('',*,*,#4563,.T.);
#6287=ORIENTED_EDGE('',*,*,#4564,.F.);
#6288=ORIENTED_EDGE('',*,*,#4565,.F.);
#6289=ORIENTED_EDGE('',*,*,#4360,.T.);
#6290=ORIENTED_EDGE('',*,*,#4565,.T.);
#6291=ORIENTED_EDGE('',*,*,#4566,.F.);
#6292=ORIENTED_EDGE('',*,*,#4567,.F.);
#6293=ORIENTED_EDGE('',*,*,#4361,.T.);
#6294=ORIENTED_EDGE('',*,*,#4567,.T.);
#6295=ORIENTED_EDGE('',*,*,#4568,.F.);
#6296=ORIENTED_EDGE('',*,*,#4569,.F.);
#6297=ORIENTED_EDGE('',*,*,#4362,.F.);
#6298=ORIENTED_EDGE('',*,*,#4569,.T.);
#6299=ORIENTED_EDGE('',*,*,#4570,.F.);
#6300=ORIENTED_EDGE('',*,*,#4571,.F.);
#6301=ORIENTED_EDGE('',*,*,#4363,.T.);
#6302=ORIENTED_EDGE('',*,*,#4571,.T.);
#6303=ORIENTED_EDGE('',*,*,#4572,.F.);
#6304=ORIENTED_EDGE('',*,*,#4573,.F.);
#6305=ORIENTED_EDGE('',*,*,#4364,.T.);
#6306=ORIENTED_EDGE('',*,*,#4573,.T.);
#6307=ORIENTED_EDGE('',*,*,#4574,.F.);
#6308=ORIENTED_EDGE('',*,*,#4575,.F.);
#6309=ORIENTED_EDGE('',*,*,#4365,.F.);
#6310=ORIENTED_EDGE('',*,*,#4575,.T.);
#6311=ORIENTED_EDGE('',*,*,#4576,.F.);
#6312=ORIENTED_EDGE('',*,*,#4577,.F.);
#6313=ORIENTED_EDGE('',*,*,#4366,.T.);
#6314=ORIENTED_EDGE('',*,*,#4577,.T.);
#6315=ORIENTED_EDGE('',*,*,#4578,.F.);
#6316=ORIENTED_EDGE('',*,*,#4579,.F.);
#6317=ORIENTED_EDGE('',*,*,#4367,.T.);
#6318=ORIENTED_EDGE('',*,*,#4579,.T.);
#6319=ORIENTED_EDGE('',*,*,#4580,.F.);
#6320=ORIENTED_EDGE('',*,*,#4581,.F.);
#6321=ORIENTED_EDGE('',*,*,#4368,.T.);
#6322=ORIENTED_EDGE('',*,*,#4581,.T.);
#6323=ORIENTED_EDGE('',*,*,#4582,.F.);
#6324=ORIENTED_EDGE('',*,*,#4459,.F.);
#6325=ORIENTED_EDGE('',*,*,#4582,.T.);
#6326=ORIENTED_EDGE('',*,*,#4580,.T.);
#6327=ORIENTED_EDGE('',*,*,#4578,.T.);
#6328=ORIENTED_EDGE('',*,*,#4576,.T.);
#6329=ORIENTED_EDGE('',*,*,#4574,.T.);
#6330=ORIENTED_EDGE('',*,*,#4572,.T.);
#6331=ORIENTED_EDGE('',*,*,#4570,.T.);
#6332=ORIENTED_EDGE('',*,*,#4568,.T.);
#6333=ORIENTED_EDGE('',*,*,#4566,.T.);
#6334=ORIENTED_EDGE('',*,*,#4564,.T.);
#6335=ORIENTED_EDGE('',*,*,#4562,.T.);
#6336=ORIENTED_EDGE('',*,*,#4560,.T.);
#6337=ORIENTED_EDGE('',*,*,#4558,.T.);
#6338=ORIENTED_EDGE('',*,*,#4556,.T.);
#6339=ORIENTED_EDGE('',*,*,#4554,.T.);
#6340=ORIENTED_EDGE('',*,*,#4552,.T.);
#6341=ORIENTED_EDGE('',*,*,#4550,.T.);
#6342=ORIENTED_EDGE('',*,*,#4548,.T.);
#6343=ORIENTED_EDGE('',*,*,#4546,.T.);
#6344=ORIENTED_EDGE('',*,*,#4544,.T.);
#6345=ORIENTED_EDGE('',*,*,#4542,.T.);
#6346=ORIENTED_EDGE('',*,*,#4540,.T.);
#6347=ORIENTED_EDGE('',*,*,#4538,.T.);
#6348=ORIENTED_EDGE('',*,*,#4536,.T.);
#6349=ORIENTED_EDGE('',*,*,#4534,.T.);
#6350=ORIENTED_EDGE('',*,*,#4532,.T.);
#6351=ORIENTED_EDGE('',*,*,#4530,.T.);
#6352=ORIENTED_EDGE('',*,*,#4528,.T.);
#6353=ORIENTED_EDGE('',*,*,#4526,.T.);
#6354=ORIENTED_EDGE('',*,*,#4524,.T.);
#6355=ORIENTED_EDGE('',*,*,#4522,.T.);
#6356=ORIENTED_EDGE('',*,*,#4520,.T.);
#6357=ORIENTED_EDGE('',*,*,#4518,.T.);
#6358=ORIENTED_EDGE('',*,*,#4516,.T.);
#6359=ORIENTED_EDGE('',*,*,#4514,.T.);
#6360=ORIENTED_EDGE('',*,*,#4512,.T.);
#6361=ORIENTED_EDGE('',*,*,#4510,.T.);
#6362=ORIENTED_EDGE('',*,*,#4508,.T.);
#6363=ORIENTED_EDGE('',*,*,#4506,.T.);
#6364=ORIENTED_EDGE('',*,*,#4504,.T.);
#6365=ORIENTED_EDGE('',*,*,#4502,.T.);
#6366=ORIENTED_EDGE('',*,*,#4500,.T.);
#6367=ORIENTED_EDGE('',*,*,#4498,.T.);
#6368=ORIENTED_EDGE('',*,*,#4496,.T.);
#6369=ORIENTED_EDGE('',*,*,#4494,.T.);
#6370=ORIENTED_EDGE('',*,*,#4492,.T.);
#6371=ORIENTED_EDGE('',*,*,#4490,.T.);
#6372=ORIENTED_EDGE('',*,*,#4488,.T.);
#6373=ORIENTED_EDGE('',*,*,#4486,.T.);
#6374=ORIENTED_EDGE('',*,*,#4484,.T.);
#6375=ORIENTED_EDGE('',*,*,#4482,.T.);
#6376=ORIENTED_EDGE('',*,*,#4480,.T.);
#6377=ORIENTED_EDGE('',*,*,#4478,.T.);
#6378=ORIENTED_EDGE('',*,*,#4476,.T.);
#6379=ORIENTED_EDGE('',*,*,#4474,.T.);
#6380=ORIENTED_EDGE('',*,*,#4472,.T.);
#6381=ORIENTED_EDGE('',*,*,#4470,.T.);
#6382=ORIENTED_EDGE('',*,*,#4468,.T.);
#6383=ORIENTED_EDGE('',*,*,#4466,.T.);
#6384=ORIENTED_EDGE('',*,*,#4464,.T.);
#6385=ORIENTED_EDGE('',*,*,#4462,.T.);
#6386=ORIENTED_EDGE('',*,*,#4460,.T.);
#6387=ORIENTED_EDGE('',*,*,#4289,.T.);
#6388=ORIENTED_EDGE('',*,*,#4293,.T.);
#6389=ORIENTED_EDGE('',*,*,#4297,.T.);
#6390=ORIENTED_EDGE('',*,*,#4301,.T.);
#6391=ORIENTED_EDGE('',*,*,#4458,.T.);
#6392=ORIENTED_EDGE('',*,*,#4456,.T.);
#6393=ORIENTED_EDGE('',*,*,#4454,.T.);
#6394=ORIENTED_EDGE('',*,*,#4452,.T.);
#6395=ORIENTED_EDGE('',*,*,#4450,.T.);
#6396=ORIENTED_EDGE('',*,*,#4448,.T.);
#6397=ORIENTED_EDGE('',*,*,#4446,.T.);
#6398=ORIENTED_EDGE('',*,*,#4444,.T.);
#6399=ORIENTED_EDGE('',*,*,#4440,.T.);
#6400=ORIENTED_EDGE('',*,*,#4438,.T.);
#6401=ORIENTED_EDGE('',*,*,#4436,.T.);
#6402=ORIENTED_EDGE('',*,*,#4434,.T.);
#6403=ORIENTED_EDGE('',*,*,#4432,.T.);
#6404=ORIENTED_EDGE('',*,*,#4430,.T.);
#6405=ORIENTED_EDGE('',*,*,#4428,.T.);
#6406=ORIENTED_EDGE('',*,*,#4426,.T.);
#6407=ORIENTED_EDGE('',*,*,#4423,.T.);
#6408=ORIENTED_EDGE('',*,*,#4421,.T.);
#6409=ORIENTED_EDGE('',*,*,#4419,.T.);
#6410=ORIENTED_EDGE('',*,*,#4417,.T.);
#6411=ORIENTED_EDGE('',*,*,#4415,.T.);
#6412=ORIENTED_EDGE('',*,*,#4413,.T.);
#6413=ORIENTED_EDGE('',*,*,#4411,.T.);
#6414=ORIENTED_EDGE('',*,*,#4409,.T.);
#6415=ORIENTED_EDGE('',*,*,#4286,.T.);
#6416=ORIENTED_EDGE('',*,*,#4283,.T.);
#6417=ORIENTED_EDGE('',*,*,#4280,.T.);
#6418=ORIENTED_EDGE('',*,*,#4277,.T.);
#6419=ORIENTED_EDGE('',*,*,#4583,.F.);
#6420=ORIENTED_EDGE('',*,*,#4584,.F.);
#6421=ORIENTED_EDGE('',*,*,#4585,.T.);
#6422=ORIENTED_EDGE('',*,*,#4586,.F.);
#6423=ORIENTED_EDGE('',*,*,#4587,.F.);
#6424=ORIENTED_EDGE('',*,*,#4588,.F.);
#6425=ORIENTED_EDGE('',*,*,#4589,.F.);
#6426=ORIENTED_EDGE('',*,*,#4590,.F.);
#6427=ORIENTED_EDGE('',*,*,#4591,.F.);
#6428=ORIENTED_EDGE('',*,*,#4592,.F.);
#6429=ORIENTED_EDGE('',*,*,#4593,.F.);
#6430=ORIENTED_EDGE('',*,*,#4594,.F.);
#6431=ORIENTED_EDGE('',*,*,#4595,.F.);
#6432=ORIENTED_EDGE('',*,*,#4596,.F.);
#6433=ORIENTED_EDGE('',*,*,#4597,.F.);
#6434=ORIENTED_EDGE('',*,*,#4584,.T.);
#6435=ORIENTED_EDGE('',*,*,#4598,.F.);
#6436=ORIENTED_EDGE('',*,*,#4599,.F.);
#6437=ORIENTED_EDGE('',*,*,#4600,.F.);
#6438=ORIENTED_EDGE('',*,*,#4601,.F.);
#6439=ORIENTED_EDGE('',*,*,#4583,.T.);
#6440=ORIENTED_EDGE('',*,*,#4602,.T.);
#6441=ORIENTED_EDGE('',*,*,#4603,.T.);
#6442=ORIENTED_EDGE('',*,*,#4587,.T.);
#6443=ORIENTED_EDGE('',*,*,#4602,.F.);
#6444=ORIENTED_EDGE('',*,*,#4586,.T.);
#6445=ORIENTED_EDGE('',*,*,#4604,.T.);
#6446=ORIENTED_EDGE('',*,*,#4605,.T.);
#6447=ORIENTED_EDGE('',*,*,#4606,.T.);
#6448=ORIENTED_EDGE('',*,*,#4607,.T.);
#6449=ORIENTED_EDGE('',*,*,#4608,.F.);
#6450=ORIENTED_EDGE('',*,*,#4609,.T.);
#6451=ORIENTED_EDGE('',*,*,#4610,.T.);
#6452=ORIENTED_EDGE('',*,*,#4611,.T.);
#6453=ORIENTED_EDGE('',*,*,#4612,.T.);
#6454=ORIENTED_EDGE('',*,*,#4613,.T.);
#6455=ORIENTED_EDGE('',*,*,#4614,.T.);
#6456=ORIENTED_EDGE('',*,*,#4615,.T.);
#6457=ORIENTED_EDGE('',*,*,#4616,.T.);
#6458=ORIENTED_EDGE('',*,*,#4617,.T.);
#6459=ORIENTED_EDGE('',*,*,#4618,.T.);
#6460=ORIENTED_EDGE('',*,*,#4593,.T.);
#6461=ORIENTED_EDGE('',*,*,#4619,.T.);
#6462=ORIENTED_EDGE('',*,*,#4608,.T.);
#6463=ORIENTED_EDGE('',*,*,#4620,.T.);
#6464=ORIENTED_EDGE('',*,*,#4621,.F.);
#6465=ORIENTED_EDGE('',*,*,#4622,.F.);
#6466=ORIENTED_EDGE('',*,*,#4620,.F.);
#6467=ORIENTED_EDGE('',*,*,#4623,.T.);
#6468=ORIENTED_EDGE('',*,*,#4603,.F.);
#6469=ORIENTED_EDGE('',*,*,#4624,.F.);
#6470=ORIENTED_EDGE('',*,*,#4623,.F.);
#6471=ORIENTED_EDGE('',*,*,#4622,.T.);
#6472=ORIENTED_EDGE('',*,*,#4612,.F.);
#6473=ORIENTED_EDGE('',*,*,#4625,.F.);
#6474=ORIENTED_EDGE('',*,*,#4589,.T.);
#6475=ORIENTED_EDGE('',*,*,#4621,.T.);
#6476=ORIENTED_EDGE('',*,*,#4588,.T.);
#6477=ORIENTED_EDGE('',*,*,#4624,.T.);
#6478=ORIENTED_EDGE('',*,*,#4613,.F.);
#6479=ORIENTED_EDGE('',*,*,#4626,.T.);
#6480=ORIENTED_EDGE('',*,*,#4590,.T.);
#6481=ORIENTED_EDGE('',*,*,#4625,.T.);
#6482=ORIENTED_EDGE('',*,*,#4611,.F.);
#6483=ORIENTED_EDGE('',*,*,#4627,.T.);
#6484=ORIENTED_EDGE('',*,*,#4628,.F.);
#6485=ORIENTED_EDGE('',*,*,#4629,.F.);
#6486=ORIENTED_EDGE('',*,*,#4627,.F.);
#6487=ORIENTED_EDGE('',*,*,#4629,.T.);
#6488=ORIENTED_EDGE('',*,*,#4609,.F.);
#6489=ORIENTED_EDGE('',*,*,#4630,.T.);
#6490=ORIENTED_EDGE('',*,*,#4592,.T.);
#6491=ORIENTED_EDGE('',*,*,#4628,.T.);
#6492=ORIENTED_EDGE('',*,*,#4591,.T.);
#6493=ORIENTED_EDGE('',*,*,#4626,.F.);
#6494=ORIENTED_EDGE('',*,*,#4610,.F.);
#6495=ORIENTED_EDGE('',*,*,#4631,.T.);
#6496=ORIENTED_EDGE('',*,*,#4630,.F.);
#6497=ORIENTED_EDGE('',*,*,#4619,.F.);
#6498=ORIENTED_EDGE('',*,*,#4631,.F.);
#6499=ORIENTED_EDGE('',*,*,#4617,.F.);
#6500=ORIENTED_EDGE('',*,*,#4632,.T.);
#6501=ORIENTED_EDGE('',*,*,#4598,.T.);
#6502=ORIENTED_EDGE('',*,*,#4632,.F.);
#6503=ORIENTED_EDGE('',*,*,#4616,.F.);
#6504=ORIENTED_EDGE('',*,*,#4633,.T.);
#6505=ORIENTED_EDGE('',*,*,#4599,.T.);
#6506=ORIENTED_EDGE('',*,*,#4633,.F.);
#6507=ORIENTED_EDGE('',*,*,#4615,.F.);
#6508=ORIENTED_EDGE('',*,*,#4634,.T.);
#6509=ORIENTED_EDGE('',*,*,#4600,.T.);
#6510=ORIENTED_EDGE('',*,*,#4634,.F.);
#6511=ORIENTED_EDGE('',*,*,#4614,.F.);
#6512=ORIENTED_EDGE('',*,*,#4635,.T.);
#6513=ORIENTED_EDGE('',*,*,#4601,.T.);
#6514=ORIENTED_EDGE('',*,*,#4635,.F.);
#6515=ORIENTED_EDGE('',*,*,#4618,.F.);
#6516=ORIENTED_EDGE('',*,*,#4607,.F.);
#6517=ORIENTED_EDGE('',*,*,#4636,.F.);
#6518=ORIENTED_EDGE('',*,*,#4594,.T.);
#6519=ORIENTED_EDGE('',*,*,#4595,.T.);
#6520=ORIENTED_EDGE('',*,*,#4636,.T.);
#6521=ORIENTED_EDGE('',*,*,#4606,.F.);
#6522=ORIENTED_EDGE('',*,*,#4637,.F.);
#6523=ORIENTED_EDGE('',*,*,#4596,.T.);
#6524=ORIENTED_EDGE('',*,*,#4637,.T.);
#6525=ORIENTED_EDGE('',*,*,#4605,.F.);
#6526=ORIENTED_EDGE('',*,*,#4638,.F.);
#6527=ORIENTED_EDGE('',*,*,#4597,.T.);
#6528=ORIENTED_EDGE('',*,*,#4638,.T.);
#6529=ORIENTED_EDGE('',*,*,#4604,.F.);
#6530=ORIENTED_EDGE('',*,*,#4585,.F.);
#6531=ORIENTED_EDGE('',*,*,#4639,.T.);
#6532=ORIENTED_EDGE('',*,*,#4640,.T.);
#6533=ORIENTED_EDGE('',*,*,#4641,.T.);
#6534=ORIENTED_EDGE('',*,*,#4642,.T.);
#6535=ORIENTED_EDGE('',*,*,#4643,.T.);
#6536=ORIENTED_EDGE('',*,*,#4642,.F.);
#6537=ORIENTED_EDGE('',*,*,#4644,.T.);
#6538=ORIENTED_EDGE('',*,*,#4639,.F.);
#6539=ORIENTED_EDGE('',*,*,#4645,.F.);
#6540=ORIENTED_EDGE('',*,*,#4646,.F.);
#6541=ORIENTED_EDGE('',*,*,#4647,.T.);
#6542=ORIENTED_EDGE('',*,*,#4648,.T.);
#6543=ORIENTED_EDGE('',*,*,#4649,.T.);
#6544=ORIENTED_EDGE('',*,*,#4650,.F.);
#6545=ORIENTED_EDGE('',*,*,#4651,.T.);
#6546=ORIENTED_EDGE('',*,*,#4652,.T.);
#6547=ORIENTED_EDGE('',*,*,#4653,.T.);
#6548=ORIENTED_EDGE('',*,*,#4654,.T.);
#6549=ORIENTED_EDGE('',*,*,#4655,.T.);
#6550=ORIENTED_EDGE('',*,*,#4656,.T.);
#6551=ORIENTED_EDGE('',*,*,#4657,.T.);
#6552=ORIENTED_EDGE('',*,*,#4658,.T.);
#6553=ORIENTED_EDGE('',*,*,#4659,.T.);
#6554=ORIENTED_EDGE('',*,*,#4660,.T.);
#6555=ORIENTED_EDGE('',*,*,#4661,.T.);
#6556=ORIENTED_EDGE('',*,*,#4662,.T.);
#6557=ORIENTED_EDGE('',*,*,#4663,.T.);
#6558=ORIENTED_EDGE('',*,*,#4664,.T.);
#6559=ORIENTED_EDGE('',*,*,#4665,.T.);
#6560=ORIENTED_EDGE('',*,*,#4666,.T.);
#6561=ORIENTED_EDGE('',*,*,#4667,.T.);
#6562=ORIENTED_EDGE('',*,*,#4668,.T.);
#6563=ORIENTED_EDGE('',*,*,#4669,.T.);
#6564=ORIENTED_EDGE('',*,*,#4670,.T.);
#6565=ORIENTED_EDGE('',*,*,#4671,.T.);
#6566=ORIENTED_EDGE('',*,*,#4672,.T.);
#6567=ORIENTED_EDGE('',*,*,#4673,.T.);
#6568=ORIENTED_EDGE('',*,*,#4674,.T.);
#6569=ORIENTED_EDGE('',*,*,#4675,.T.);
#6570=ORIENTED_EDGE('',*,*,#4676,.T.);
#6571=ORIENTED_EDGE('',*,*,#4677,.T.);
#6572=ORIENTED_EDGE('',*,*,#4678,.T.);
#6573=ORIENTED_EDGE('',*,*,#4679,.T.);
#6574=ORIENTED_EDGE('',*,*,#4680,.T.);
#6575=ORIENTED_EDGE('',*,*,#4681,.T.);
#6576=ORIENTED_EDGE('',*,*,#4682,.T.);
#6577=ORIENTED_EDGE('',*,*,#4683,.T.);
#6578=ORIENTED_EDGE('',*,*,#4684,.T.);
#6579=ORIENTED_EDGE('',*,*,#4685,.T.);
#6580=ORIENTED_EDGE('',*,*,#4686,.T.);
#6581=ORIENTED_EDGE('',*,*,#4687,.T.);
#6582=ORIENTED_EDGE('',*,*,#4688,.T.);
#6583=ORIENTED_EDGE('',*,*,#4689,.T.);
#6584=ORIENTED_EDGE('',*,*,#4690,.T.);
#6585=ORIENTED_EDGE('',*,*,#4691,.T.);
#6586=ORIENTED_EDGE('',*,*,#4692,.T.);
#6587=ORIENTED_EDGE('',*,*,#4693,.T.);
#6588=ORIENTED_EDGE('',*,*,#4644,.F.);
#6589=ORIENTED_EDGE('',*,*,#4694,.T.);
#6590=ORIENTED_EDGE('',*,*,#4695,.F.);
#6591=ORIENTED_EDGE('',*,*,#4645,.T.);
#6592=ORIENTED_EDGE('',*,*,#4643,.F.);
#6593=ORIENTED_EDGE('',*,*,#4696,.T.);
#6594=ORIENTED_EDGE('',*,*,#4696,.F.);
#6595=ORIENTED_EDGE('',*,*,#4697,.T.);
#6596=ORIENTED_EDGE('',*,*,#4698,.T.);
#6597=ORIENTED_EDGE('',*,*,#4646,.T.);
#6598=ORIENTED_EDGE('',*,*,#4695,.T.);
#6599=ORIENTED_EDGE('',*,*,#4699,.T.);
#6600=ORIENTED_EDGE('',*,*,#4700,.T.);
#6601=ORIENTED_EDGE('',*,*,#4699,.F.);
#6602=ORIENTED_EDGE('',*,*,#4700,.F.);
#6603=ORIENTED_EDGE('',*,*,#4701,.T.);
#6604=ORIENTED_EDGE('',*,*,#4701,.F.);
#6605=ORIENTED_EDGE('',*,*,#4702,.T.);
#6606=ORIENTED_EDGE('',*,*,#4703,.T.);
#6607=ORIENTED_EDGE('',*,*,#4704,.F.);
#6608=ORIENTED_EDGE('',*,*,#4690,.F.);
#6609=ORIENTED_EDGE('',*,*,#4702,.F.);
#6610=ORIENTED_EDGE('',*,*,#4693,.F.);
#6611=ORIENTED_EDGE('',*,*,#4705,.T.);
#6612=ORIENTED_EDGE('',*,*,#4706,.T.);
#6613=ORIENTED_EDGE('',*,*,#4703,.F.);
#6614=ORIENTED_EDGE('',*,*,#4705,.F.);
#6615=ORIENTED_EDGE('',*,*,#4692,.F.);
#6616=ORIENTED_EDGE('',*,*,#4706,.F.);
#6617=ORIENTED_EDGE('',*,*,#4691,.F.);
#6618=ORIENTED_EDGE('',*,*,#4704,.T.);
#6619=ORIENTED_EDGE('',*,*,#4707,.T.);
#6620=ORIENTED_EDGE('',*,*,#4708,.T.);
#6621=ORIENTED_EDGE('',*,*,#4709,.F.);
#6622=ORIENTED_EDGE('',*,*,#4686,.F.);
#6623=ORIENTED_EDGE('',*,*,#4707,.F.);
#6624=ORIENTED_EDGE('',*,*,#4689,.F.);
#6625=ORIENTED_EDGE('',*,*,#4710,.T.);
#6626=ORIENTED_EDGE('',*,*,#4711,.T.);
#6627=ORIENTED_EDGE('',*,*,#4708,.F.);
#6628=ORIENTED_EDGE('',*,*,#4710,.F.);
#6629=ORIENTED_EDGE('',*,*,#4688,.F.);
#6630=ORIENTED_EDGE('',*,*,#4711,.F.);
#6631=ORIENTED_EDGE('',*,*,#4687,.F.);
#6632=ORIENTED_EDGE('',*,*,#4709,.T.);
#6633=ORIENTED_EDGE('',*,*,#4712,.T.);
#6634=ORIENTED_EDGE('',*,*,#4713,.T.);
#6635=ORIENTED_EDGE('',*,*,#4714,.F.);
#6636=ORIENTED_EDGE('',*,*,#4682,.F.);
#6637=ORIENTED_EDGE('',*,*,#4712,.F.);
#6638=ORIENTED_EDGE('',*,*,#4685,.F.);
#6639=ORIENTED_EDGE('',*,*,#4715,.T.);
#6640=ORIENTED_EDGE('',*,*,#4716,.T.);
#6641=ORIENTED_EDGE('',*,*,#4713,.F.);
#6642=ORIENTED_EDGE('',*,*,#4715,.F.);
#6643=ORIENTED_EDGE('',*,*,#4684,.F.);
#6644=ORIENTED_EDGE('',*,*,#4716,.F.);
#6645=ORIENTED_EDGE('',*,*,#4683,.F.);
#6646=ORIENTED_EDGE('',*,*,#4714,.T.);
#6647=ORIENTED_EDGE('',*,*,#4717,.T.);
#6648=ORIENTED_EDGE('',*,*,#4718,.T.);
#6649=ORIENTED_EDGE('',*,*,#4719,.F.);
#6650=ORIENTED_EDGE('',*,*,#4678,.F.);
#6651=ORIENTED_EDGE('',*,*,#4717,.F.);
#6652=ORIENTED_EDGE('',*,*,#4681,.F.);
#6653=ORIENTED_EDGE('',*,*,#4720,.T.);
#6654=ORIENTED_EDGE('',*,*,#4721,.T.);
#6655=ORIENTED_EDGE('',*,*,#4718,.F.);
#6656=ORIENTED_EDGE('',*,*,#4720,.F.);
#6657=ORIENTED_EDGE('',*,*,#4680,.F.);
#6658=ORIENTED_EDGE('',*,*,#4721,.F.);
#6659=ORIENTED_EDGE('',*,*,#4679,.F.);
#6660=ORIENTED_EDGE('',*,*,#4719,.T.);
#6661=ORIENTED_EDGE('',*,*,#4722,.T.);
#6662=ORIENTED_EDGE('',*,*,#4723,.T.);
#6663=ORIENTED_EDGE('',*,*,#4724,.F.);
#6664=ORIENTED_EDGE('',*,*,#4674,.F.);
#6665=ORIENTED_EDGE('',*,*,#4722,.F.);
#6666=ORIENTED_EDGE('',*,*,#4677,.F.);
#6667=ORIENTED_EDGE('',*,*,#4725,.T.);
#6668=ORIENTED_EDGE('',*,*,#4726,.T.);
#6669=ORIENTED_EDGE('',*,*,#4723,.F.);
#6670=ORIENTED_EDGE('',*,*,#4725,.F.);
#6671=ORIENTED_EDGE('',*,*,#4676,.F.);
#6672=ORIENTED_EDGE('',*,*,#4726,.F.);
#6673=ORIENTED_EDGE('',*,*,#4675,.F.);
#6674=ORIENTED_EDGE('',*,*,#4724,.T.);
#6675=ORIENTED_EDGE('',*,*,#4727,.T.);
#6676=ORIENTED_EDGE('',*,*,#4728,.T.);
#6677=ORIENTED_EDGE('',*,*,#4729,.F.);
#6678=ORIENTED_EDGE('',*,*,#4670,.F.);
#6679=ORIENTED_EDGE('',*,*,#4727,.F.);
#6680=ORIENTED_EDGE('',*,*,#4673,.F.);
#6681=ORIENTED_EDGE('',*,*,#4730,.T.);
#6682=ORIENTED_EDGE('',*,*,#4731,.T.);
#6683=ORIENTED_EDGE('',*,*,#4728,.F.);
#6684=ORIENTED_EDGE('',*,*,#4730,.F.);
#6685=ORIENTED_EDGE('',*,*,#4672,.F.);
#6686=ORIENTED_EDGE('',*,*,#4731,.F.);
#6687=ORIENTED_EDGE('',*,*,#4671,.F.);
#6688=ORIENTED_EDGE('',*,*,#4729,.T.);
#6689=ORIENTED_EDGE('',*,*,#4732,.T.);
#6690=ORIENTED_EDGE('',*,*,#4733,.T.);
#6691=ORIENTED_EDGE('',*,*,#4734,.F.);
#6692=ORIENTED_EDGE('',*,*,#4666,.F.);
#6693=ORIENTED_EDGE('',*,*,#4732,.F.);
#6694=ORIENTED_EDGE('',*,*,#4669,.F.);
#6695=ORIENTED_EDGE('',*,*,#4735,.T.);
#6696=ORIENTED_EDGE('',*,*,#4736,.T.);
#6697=ORIENTED_EDGE('',*,*,#4733,.F.);
#6698=ORIENTED_EDGE('',*,*,#4735,.F.);
#6699=ORIENTED_EDGE('',*,*,#4668,.F.);
#6700=ORIENTED_EDGE('',*,*,#4736,.F.);
#6701=ORIENTED_EDGE('',*,*,#4667,.F.);
#6702=ORIENTED_EDGE('',*,*,#4734,.T.);
#6703=ORIENTED_EDGE('',*,*,#4737,.T.);
#6704=ORIENTED_EDGE('',*,*,#4738,.T.);
#6705=ORIENTED_EDGE('',*,*,#4739,.F.);
#6706=ORIENTED_EDGE('',*,*,#4662,.F.);
#6707=ORIENTED_EDGE('',*,*,#4737,.F.);
#6708=ORIENTED_EDGE('',*,*,#4665,.F.);
#6709=ORIENTED_EDGE('',*,*,#4740,.T.);
#6710=ORIENTED_EDGE('',*,*,#4741,.T.);
#6711=ORIENTED_EDGE('',*,*,#4738,.F.);
#6712=ORIENTED_EDGE('',*,*,#4740,.F.);
#6713=ORIENTED_EDGE('',*,*,#4664,.F.);
#6714=ORIENTED_EDGE('',*,*,#4741,.F.);
#6715=ORIENTED_EDGE('',*,*,#4663,.F.);
#6716=ORIENTED_EDGE('',*,*,#4739,.T.);
#6717=ORIENTED_EDGE('',*,*,#4742,.T.);
#6718=ORIENTED_EDGE('',*,*,#4743,.T.);
#6719=ORIENTED_EDGE('',*,*,#4744,.F.);
#6720=ORIENTED_EDGE('',*,*,#4658,.F.);
#6721=ORIENTED_EDGE('',*,*,#4742,.F.);
#6722=ORIENTED_EDGE('',*,*,#4661,.F.);
#6723=ORIENTED_EDGE('',*,*,#4745,.T.);
#6724=ORIENTED_EDGE('',*,*,#4746,.T.);
#6725=ORIENTED_EDGE('',*,*,#4743,.F.);
#6726=ORIENTED_EDGE('',*,*,#4745,.F.);
#6727=ORIENTED_EDGE('',*,*,#4660,.F.);
#6728=ORIENTED_EDGE('',*,*,#4746,.F.);
#6729=ORIENTED_EDGE('',*,*,#4659,.F.);
#6730=ORIENTED_EDGE('',*,*,#4744,.T.);
#6731=ORIENTED_EDGE('',*,*,#4747,.T.);
#6732=ORIENTED_EDGE('',*,*,#4748,.T.);
#6733=ORIENTED_EDGE('',*,*,#4749,.F.);
#6734=ORIENTED_EDGE('',*,*,#4654,.F.);
#6735=ORIENTED_EDGE('',*,*,#4747,.F.);
#6736=ORIENTED_EDGE('',*,*,#4657,.F.);
#6737=ORIENTED_EDGE('',*,*,#4750,.T.);
#6738=ORIENTED_EDGE('',*,*,#4751,.T.);
#6739=ORIENTED_EDGE('',*,*,#4748,.F.);
#6740=ORIENTED_EDGE('',*,*,#4750,.F.);
#6741=ORIENTED_EDGE('',*,*,#4656,.F.);
#6742=ORIENTED_EDGE('',*,*,#4751,.F.);
#6743=ORIENTED_EDGE('',*,*,#4655,.F.);
#6744=ORIENTED_EDGE('',*,*,#4749,.T.);
#6745=ORIENTED_EDGE('',*,*,#4752,.T.);
#6746=ORIENTED_EDGE('',*,*,#4650,.T.);
#6747=ORIENTED_EDGE('',*,*,#4753,.T.);
#6748=ORIENTED_EDGE('',*,*,#4754,.T.);
#6749=ORIENTED_EDGE('',*,*,#4753,.F.);
#6750=ORIENTED_EDGE('',*,*,#4649,.F.);
#6751=ORIENTED_EDGE('',*,*,#4755,.F.);
#6752=ORIENTED_EDGE('',*,*,#4756,.T.);
#6753=ORIENTED_EDGE('',*,*,#4640,.F.);
#6754=ORIENTED_EDGE('',*,*,#4653,.F.);
#6755=ORIENTED_EDGE('',*,*,#4757,.F.);
#6756=ORIENTED_EDGE('',*,*,#4758,.T.);
#6757=ORIENTED_EDGE('',*,*,#4698,.F.);
#6758=ORIENTED_EDGE('',*,*,#4759,.T.);
#6759=ORIENTED_EDGE('',*,*,#4760,.T.);
#6760=ORIENTED_EDGE('',*,*,#4647,.F.);
#6761=ORIENTED_EDGE('',*,*,#4761,.T.);
#6762=ORIENTED_EDGE('',*,*,#4755,.T.);
#6763=ORIENTED_EDGE('',*,*,#4648,.F.);
#6764=ORIENTED_EDGE('',*,*,#4760,.F.);
#6765=ORIENTED_EDGE('',*,*,#4762,.T.);
#6766=ORIENTED_EDGE('',*,*,#4757,.T.);
#6767=ORIENTED_EDGE('',*,*,#4652,.F.);
#6768=ORIENTED_EDGE('',*,*,#4763,.F.);
#6769=ORIENTED_EDGE('',*,*,#4752,.F.);
#6770=ORIENTED_EDGE('',*,*,#4764,.T.);
#6771=ORIENTED_EDGE('',*,*,#4763,.T.);
#6772=ORIENTED_EDGE('',*,*,#4651,.F.);
#6773=ORIENTED_EDGE('',*,*,#4641,.F.);
#6774=ORIENTED_EDGE('',*,*,#4758,.F.);
#6775=ORIENTED_EDGE('',*,*,#4762,.F.);
#6776=ORIENTED_EDGE('',*,*,#4764,.F.);
#6777=ORIENTED_EDGE('',*,*,#4754,.F.);
#6778=ORIENTED_EDGE('',*,*,#4756,.F.);
#6779=ORIENTED_EDGE('',*,*,#4761,.F.);
#6780=ORIENTED_EDGE('',*,*,#4759,.F.);
#6781=ORIENTED_EDGE('',*,*,#4697,.F.);
#6782=ORIENTED_EDGE('',*,*,#4694,.F.);
#6783=ORIENTED_EDGE('',*,*,#4765,.F.);
#6784=ORIENTED_EDGE('',*,*,#4766,.F.);
#6785=ORIENTED_EDGE('',*,*,#4767,.T.);
#6786=ORIENTED_EDGE('',*,*,#4768,.T.);
#6787=ORIENTED_EDGE('',*,*,#4769,.T.);
#6788=ORIENTED_EDGE('',*,*,#4770,.T.);
#6789=ORIENTED_EDGE('',*,*,#4771,.T.);
#6790=ORIENTED_EDGE('',*,*,#4770,.F.);
#6791=ORIENTED_EDGE('',*,*,#4772,.T.);
#6792=ORIENTED_EDGE('',*,*,#4766,.T.);
#6793=ORIENTED_EDGE('',*,*,#4765,.T.);
#6794=ORIENTED_EDGE('',*,*,#4773,.T.);
#6795=ORIENTED_EDGE('',*,*,#4774,.T.);
#6796=ORIENTED_EDGE('',*,*,#4775,.T.);
#6797=ORIENTED_EDGE('',*,*,#4775,.F.);
#6798=ORIENTED_EDGE('',*,*,#4776,.T.);
#6799=ORIENTED_EDGE('',*,*,#4777,.T.);
#6800=ORIENTED_EDGE('',*,*,#4778,.T.);
#6801=ORIENTED_EDGE('',*,*,#4779,.F.);
#6802=ORIENTED_EDGE('',*,*,#4780,.F.);
#6803=ORIENTED_EDGE('',*,*,#4781,.T.);
#6804=ORIENTED_EDGE('',*,*,#4782,.F.);
#6805=ORIENTED_EDGE('',*,*,#4783,.T.);
#6806=ORIENTED_EDGE('',*,*,#4784,.F.);
#6807=ORIENTED_EDGE('',*,*,#4785,.T.);
#6808=ORIENTED_EDGE('',*,*,#4786,.F.);
#6809=ORIENTED_EDGE('',*,*,#4787,.T.);
#6810=ORIENTED_EDGE('',*,*,#4767,.F.);
#6811=ORIENTED_EDGE('',*,*,#4788,.F.);
#6812=ORIENTED_EDGE('',*,*,#4778,.F.);
#6813=ORIENTED_EDGE('',*,*,#4789,.F.);
#6814=ORIENTED_EDGE('',*,*,#4790,.F.);
#6815=ORIENTED_EDGE('',*,*,#4791,.T.);
#6816=ORIENTED_EDGE('',*,*,#4779,.T.);
#6817=ORIENTED_EDGE('',*,*,#4788,.T.);
#6818=ORIENTED_EDGE('',*,*,#4792,.T.);
#6819=ORIENTED_EDGE('',*,*,#4793,.T.);
#6820=ORIENTED_EDGE('',*,*,#4773,.F.);
#6821=ORIENTED_EDGE('',*,*,#4772,.F.);
#6822=ORIENTED_EDGE('',*,*,#4769,.F.);
#6823=ORIENTED_EDGE('',*,*,#4794,.F.);
#6824=ORIENTED_EDGE('',*,*,#4795,.F.);
#6825=ORIENTED_EDGE('',*,*,#4796,.F.);
#6826=ORIENTED_EDGE('',*,*,#4797,.F.);
#6827=ORIENTED_EDGE('',*,*,#4798,.F.);
#6828=ORIENTED_EDGE('',*,*,#4799,.F.);
#6829=ORIENTED_EDGE('',*,*,#4800,.T.);
#6830=ORIENTED_EDGE('',*,*,#4801,.F.);
#6831=ORIENTED_EDGE('',*,*,#4802,.F.);
#6832=ORIENTED_EDGE('',*,*,#4792,.F.);
#6833=ORIENTED_EDGE('',*,*,#4790,.T.);
#6834=ORIENTED_EDGE('',*,*,#4803,.F.);
#6835=ORIENTED_EDGE('',*,*,#4804,.T.);
#6836=ORIENTED_EDGE('',*,*,#4768,.F.);
#6837=ORIENTED_EDGE('',*,*,#4787,.F.);
#6838=ORIENTED_EDGE('',*,*,#4805,.F.);
#6839=ORIENTED_EDGE('',*,*,#4806,.F.);
#6840=ORIENTED_EDGE('',*,*,#4794,.T.);
#6841=ORIENTED_EDGE('',*,*,#4771,.F.);
#6842=ORIENTED_EDGE('',*,*,#4807,.T.);
#6843=ORIENTED_EDGE('',*,*,#4807,.F.);
#6844=ORIENTED_EDGE('',*,*,#4793,.F.);
#6845=ORIENTED_EDGE('',*,*,#4802,.T.);
#6846=ORIENTED_EDGE('',*,*,#4808,.T.);
#6847=ORIENTED_EDGE('',*,*,#4809,.T.);
#6848=ORIENTED_EDGE('',*,*,#4808,.F.);
#6849=ORIENTED_EDGE('',*,*,#4801,.T.);
#6850=ORIENTED_EDGE('',*,*,#4810,.T.);
#6851=ORIENTED_EDGE('',*,*,#4780,.T.);
#6852=ORIENTED_EDGE('',*,*,#4791,.F.);
#6853=ORIENTED_EDGE('',*,*,#4810,.F.);
#6854=ORIENTED_EDGE('',*,*,#4800,.F.);
#6855=ORIENTED_EDGE('',*,*,#4811,.F.);
#6856=ORIENTED_EDGE('',*,*,#4812,.F.);
#6857=ORIENTED_EDGE('',*,*,#4781,.F.);
#6858=ORIENTED_EDGE('',*,*,#4809,.F.);
#6859=ORIENTED_EDGE('',*,*,#4813,.T.);
#6860=ORIENTED_EDGE('',*,*,#4813,.F.);
#6861=ORIENTED_EDGE('',*,*,#4814,.T.);
#6862=ORIENTED_EDGE('',*,*,#4784,.T.);
#6863=ORIENTED_EDGE('',*,*,#4815,.T.);
#6864=ORIENTED_EDGE('',*,*,#4797,.T.);
#6865=ORIENTED_EDGE('',*,*,#4796,.T.);
#6866=ORIENTED_EDGE('',*,*,#4816,.F.);
#6867=ORIENTED_EDGE('',*,*,#4817,.F.);
#6868=ORIENTED_EDGE('',*,*,#4785,.F.);
#6869=ORIENTED_EDGE('',*,*,#4814,.F.);
#6870=ORIENTED_EDGE('',*,*,#4815,.F.);
#6871=ORIENTED_EDGE('',*,*,#4783,.F.);
#6872=ORIENTED_EDGE('',*,*,#4818,.F.);
#6873=ORIENTED_EDGE('',*,*,#4819,.F.);
#6874=ORIENTED_EDGE('',*,*,#4798,.T.);
#6875=ORIENTED_EDGE('',*,*,#4819,.T.);
#6876=ORIENTED_EDGE('',*,*,#4820,.F.);
#6877=ORIENTED_EDGE('',*,*,#4811,.T.);
#6878=ORIENTED_EDGE('',*,*,#4799,.T.);
#6879=ORIENTED_EDGE('',*,*,#4818,.T.);
#6880=ORIENTED_EDGE('',*,*,#4782,.T.);
#6881=ORIENTED_EDGE('',*,*,#4812,.T.);
#6882=ORIENTED_EDGE('',*,*,#4820,.T.);
#6883=ORIENTED_EDGE('',*,*,#4816,.T.);
#6884=ORIENTED_EDGE('',*,*,#4795,.T.);
#6885=ORIENTED_EDGE('',*,*,#4806,.T.);
#6886=ORIENTED_EDGE('',*,*,#4821,.F.);
#6887=ORIENTED_EDGE('',*,*,#4817,.T.);
#6888=ORIENTED_EDGE('',*,*,#4821,.T.);
#6889=ORIENTED_EDGE('',*,*,#4805,.T.);
#6890=ORIENTED_EDGE('',*,*,#4786,.T.);
#6891=ORIENTED_EDGE('',*,*,#4789,.T.);
#6892=ORIENTED_EDGE('',*,*,#4777,.F.);
#6893=ORIENTED_EDGE('',*,*,#4822,.T.);
#6894=ORIENTED_EDGE('',*,*,#4803,.T.);
#6895=ORIENTED_EDGE('',*,*,#4774,.F.);
#6896=ORIENTED_EDGE('',*,*,#4804,.F.);
#6897=ORIENTED_EDGE('',*,*,#4822,.F.);
#6898=ORIENTED_EDGE('',*,*,#4776,.F.);
#6899=CYLINDRICAL_SURFACE('',#7372,2.20000000000001);
#6900=CYLINDRICAL_SURFACE('',#7376,2.20000000000001);
#6901=CYLINDRICAL_SURFACE('',#7380,2.20000000000001);
#6902=CYLINDRICAL_SURFACE('',#7384,2.20000000000001);
#6903=CYLINDRICAL_SURFACE('',#7389,3.2);
#6904=CYLINDRICAL_SURFACE('',#7393,3.19999999999999);
#6905=CYLINDRICAL_SURFACE('',#7397,3.2);
#6906=CYLINDRICAL_SURFACE('',#7401,3.19999999999999);
#6907=CYLINDRICAL_SURFACE('',#7420,5.);
#6908=CYLINDRICAL_SURFACE('',#7423,5.);
#6909=CYLINDRICAL_SURFACE('',#7426,5.00000000000002);
#6910=CYLINDRICAL_SURFACE('',#7429,5.);
#6911=CYLINDRICAL_SURFACE('',#7437,1.75000000000001);
#6912=CYLINDRICAL_SURFACE('',#7480,1.75000000000001);
#6913=CYLINDRICAL_SURFACE('',#7483,1.75000000000001);
#6914=CYLINDRICAL_SURFACE('',#7490,5.);
#6915=CYLINDRICAL_SURFACE('',#7496,10.);
#6916=CYLINDRICAL_SURFACE('',#7500,10.);
#6917=CYLINDRICAL_SURFACE('',#7507,5.);
#6918=CYLINDRICAL_SURFACE('',#7511,5.);
#6919=CYLINDRICAL_SURFACE('',#7515,5.);
#6920=CYLINDRICAL_SURFACE('',#7519,5.);
#6921=CYLINDRICAL_SURFACE('',#7539,1.99999999999999);
#6922=CYLINDRICAL_SURFACE('',#7547,1.99999999999998);
#6923=CYLINDRICAL_SURFACE('',#7552,5.);
#6924=CYLINDRICAL_SURFACE('',#7557,5.);
#6925=CYLINDRICAL_SURFACE('',#7571,5.);
#6926=CYLINDRICAL_SURFACE('',#7576,5.);
#6927=CYLINDRICAL_SURFACE('',#7580,5.00000000000002);
#6928=CYLINDRICAL_SURFACE('',#7583,5.00000000000002);
#6929=CYLINDRICAL_SURFACE('',#7587,5.);
#6930=CYLINDRICAL_SURFACE('',#7592,4.99999999999999);
#6931=CYLINDRICAL_SURFACE('',#7597,5.);
#6932=CYLINDRICAL_SURFACE('',#7611,2.2);
#6933=CYLINDRICAL_SURFACE('',#7614,2.2);
#6934=CYLINDRICAL_SURFACE('',#7617,2.2);
#6935=CYLINDRICAL_SURFACE('',#7620,2.2);
#6936=CYLINDRICAL_SURFACE('',#7623,2.99999999999999);
#6937=CYLINDRICAL_SURFACE('',#7628,3.00000000000001);
#6938=CYLINDRICAL_SURFACE('',#7633,3.00000000000001);
#6939=CYLINDRICAL_SURFACE('',#7638,3.00000000000001);
#6940=CYLINDRICAL_SURFACE('',#7644,5.);
#6941=CYLINDRICAL_SURFACE('',#7686,1.74999999999999);
#6942=CYLINDRICAL_SURFACE('',#7688,2.00000000000002);
#6943=CYLINDRICAL_SURFACE('',#7691,2.00000000000002);
#6944=CYLINDRICAL_SURFACE('',#7694,1.99999999999999);
#6945=CYLINDRICAL_SURFACE('',#7697,1.99999999999999);
#6946=CYLINDRICAL_SURFACE('',#7699,1.75000000000001);
#6947=CYLINDRICAL_SURFACE('',#7701,2.);
#6948=CYLINDRICAL_SURFACE('',#7704,1.99999999999999);
#6949=CYLINDRICAL_SURFACE('',#7707,1.99999999999999);
#6950=CYLINDRICAL_SURFACE('',#7710,1.99999999999999);
#6951=CYLINDRICAL_SURFACE('',#7712,1.75000000000001);
#6952=CYLINDRICAL_SURFACE('',#7713,1.75000000000001);
#6953=CYLINDRICAL_SURFACE('',#7715,1.99999999999999);
#6954=CYLINDRICAL_SURFACE('',#7718,1.99999999999999);
#6955=CYLINDRICAL_SURFACE('',#7721,1.99999999999999);
#6956=CYLINDRICAL_SURFACE('',#7724,1.99999999999999);
#6957=CYLINDRICAL_SURFACE('',#7726,10.);
#6958=CYLINDRICAL_SURFACE('',#7729,10.);
#6959=CYLINDRICAL_SURFACE('',#7734,5.00000000000001);
#6960=CYLINDRICAL_SURFACE('',#7737,5.);
#6961=CYLINDRICAL_SURFACE('',#7741,5.00000000000002);
#6962=CYLINDRICAL_SURFACE('',#7745,5.00000000000001);
#6963=CYLINDRICAL_SURFACE('',#7748,5.);
#6964=CYLINDRICAL_SURFACE('',#7760,5.);
#6965=CYLINDRICAL_SURFACE('',#7764,5.00000000000001);
#6966=CYLINDRICAL_SURFACE('',#7767,4.99999999999999);
#6967=CYLINDRICAL_SURFACE('',#7772,5.);
#6968=CYLINDRICAL_SURFACE('',#7775,5.);
#6969=CYLINDRICAL_SURFACE('',#7779,5.);
#6970=CYLINDRICAL_SURFACE('',#7783,5.00000000000001);
#6971=CYLINDRICAL_SURFACE('',#7786,5.00000000000005);
#6972=CYLINDRICAL_SURFACE('',#7788,5.00000000000012);
#6973=CYLINDRICAL_SURFACE('',#7791,5.);
#6974=CYLINDRICAL_SURFACE('',#7795,4.99999999999999);
#6975=CYLINDRICAL_SURFACE('',#7799,5.);
#6976=CYLINDRICAL_SURFACE('',#7803,5.);
#6977=CYLINDRICAL_SURFACE('',#7818,4.);
#6978=CYLINDRICAL_SURFACE('',#7827,4.);
#6979=CYLINDRICAL_SURFACE('',#7845,1.75);
#6980=CYLINDRICAL_SURFACE('',#7846,1.75);
#6981=CYLINDRICAL_SURFACE('',#7847,1.75000000000001);
#6982=CYLINDRICAL_SURFACE('',#7848,1.75);
#6983=CYLINDRICAL_SURFACE('',#7850,10.);
#6984=CYLINDRICAL_SURFACE('',#7852,10.);
#6985=CYLINDRICAL_SURFACE('',#7858,4.);
#6986=CYLINDRICAL_SURFACE('',#7916,4.);
#6987=CYLINDRICAL_SURFACE('',#7921,4.);
#6988=ADVANCED_FACE('',(#404),#6899,.F.);
#6989=ADVANCED_FACE('',(#405),#128,.T.);
#6990=ADVANCED_FACE('',(#406),#6900,.F.);
#6991=ADVANCED_FACE('',(#407),#129,.T.);
#6992=ADVANCED_FACE('',(#408),#6901,.F.);
#6993=ADVANCED_FACE('',(#409),#130,.T.);
#6994=ADVANCED_FACE('',(#410),#6902,.F.);
#6995=ADVANCED_FACE('',(#411),#131,.T.);
#6996=ADVANCED_FACE('',(#412),#132,.T.);
#6997=ADVANCED_FACE('',(#413),#6903,.F.);
#6998=ADVANCED_FACE('',(#414),#133,.T.);
#6999=ADVANCED_FACE('',(#415),#6904,.F.);
#7000=ADVANCED_FACE('',(#416),#134,.T.);
#7001=ADVANCED_FACE('',(#417),#6905,.F.);
#7002=ADVANCED_FACE('',(#418),#135,.T.);
#7003=ADVANCED_FACE('',(#419),#6906,.F.);
#7004=ADVANCED_FACE('',(#420,#51),#136,.T.);
#7005=ADVANCED_FACE('',(#421),#137,.T.);
#7006=ADVANCED_FACE('',(#422),#138,.T.);
#7007=ADVANCED_FACE('',(#423),#139,.T.);
#7008=ADVANCED_FACE('',(#424),#140,.T.);
#7009=ADVANCED_FACE('',(#425),#141,.T.);
#7010=ADVANCED_FACE('',(#426),#142,.T.);
#7011=ADVANCED_FACE('',(#427),#143,.T.);
#7012=ADVANCED_FACE('',(#428),#144,.T.);
#7013=ADVANCED_FACE('',(#429),#145,.T.);
#7014=ADVANCED_FACE('',(#430),#146,.T.);
#7015=ADVANCED_FACE('',(#431),#147,.T.);
#7016=ADVANCED_FACE('',(#432),#6907,.T.);
#7017=ADVANCED_FACE('',(#433),#148,.T.);
#7018=ADVANCED_FACE('',(#434),#6908,.T.);
#7019=ADVANCED_FACE('',(#435),#149,.T.);
#7020=ADVANCED_FACE('',(#436),#6909,.T.);
#7021=ADVANCED_FACE('',(#437),#150,.T.);
#7022=ADVANCED_FACE('',(#438),#6910,.T.);
#7023=ADVANCED_FACE('',(#439,#52),#151,.T.);
#7024=ADVANCED_FACE('',(#440,#53,#54,#55,#56,#57),#152,.F.);
#7025=ADVANCED_FACE('',(#441),#153,.T.);
#7026=ADVANCED_FACE('',(#442),#154,.T.);
#7027=ADVANCED_FACE('',(#443),#155,.T.);
#7028=ADVANCED_FACE('',(#444),#156,.T.);
#7029=ADVANCED_FACE('',(#445),#6911,.F.);
#7030=ADVANCED_FACE('',(#446),#157,.T.);
#7031=ADVANCED_FACE('',(#447),#158,.T.);
#7032=ADVANCED_FACE('',(#448),#159,.T.);
#7033=ADVANCED_FACE('',(#449),#160,.T.);
#7034=ADVANCED_FACE('',(#450),#161,.T.);
#7035=ADVANCED_FACE('',(#451),#162,.T.);
#7036=ADVANCED_FACE('',(#452),#163,.T.);
#7037=ADVANCED_FACE('',(#453),#164,.T.);
#7038=ADVANCED_FACE('',(#454),#165,.T.);
#7039=ADVANCED_FACE('',(#455),#166,.T.);
#7040=ADVANCED_FACE('',(#456),#167,.T.);
#7041=ADVANCED_FACE('',(#457),#168,.T.);
#7042=ADVANCED_FACE('',(#458),#169,.T.);
#7043=ADVANCED_FACE('',(#459),#170,.T.);
#7044=ADVANCED_FACE('',(#460),#171,.T.);
#7045=ADVANCED_FACE('',(#461),#172,.T.);
#7046=ADVANCED_FACE('',(#462),#173,.T.);
#7047=ADVANCED_FACE('',(#463),#174,.T.);
#7048=ADVANCED_FACE('',(#464),#175,.T.);
#7049=ADVANCED_FACE('',(#465),#176,.T.);
#7050=ADVANCED_FACE('',(#466),#177,.T.);
#7051=ADVANCED_FACE('',(#467),#178,.T.);
#7052=ADVANCED_FACE('',(#468),#179,.T.);
#7053=ADVANCED_FACE('',(#469),#180,.T.);
#7054=ADVANCED_FACE('',(#470),#181,.T.);
#7055=ADVANCED_FACE('',(#471),#182,.T.);
#7056=ADVANCED_FACE('',(#472),#183,.T.);
#7057=ADVANCED_FACE('',(#473),#184,.T.);
#7058=ADVANCED_FACE('',(#474),#185,.T.);
#7059=ADVANCED_FACE('',(#475),#186,.T.);
#7060=ADVANCED_FACE('',(#476),#187,.T.);
#7061=ADVANCED_FACE('',(#477),#188,.T.);
#7062=ADVANCED_FACE('',(#478),#189,.T.);
#7063=ADVANCED_FACE('',(#479),#190,.T.);
#7064=ADVANCED_FACE('',(#480),#191,.T.);
#7065=ADVANCED_FACE('',(#481),#192,.T.);
#7066=ADVANCED_FACE('',(#482),#193,.T.);
#7067=ADVANCED_FACE('',(#483),#194,.T.);
#7068=ADVANCED_FACE('',(#484),#195,.T.);
#7069=ADVANCED_FACE('',(#485),#196,.T.);
#7070=ADVANCED_FACE('',(#486),#6912,.F.);
#7071=ADVANCED_FACE('',(#487),#6913,.F.);
#7072=ADVANCED_FACE('',(#488),#197,.T.);
#7073=ADVANCED_FACE('',(#489),#198,.T.);
#7074=ADVANCED_FACE('',(#490),#199,.T.);
#7075=ADVANCED_FACE('',(#491),#200,.T.);
#7076=ADVANCED_FACE('',(#492),#6914,.F.);
#7077=ADVANCED_FACE('',(#493),#201,.T.);
#7078=ADVANCED_FACE('',(#494),#202,.T.);
#7079=ADVANCED_FACE('',(#495),#203,.T.);
#7080=ADVANCED_FACE('',(#496),#6915,.F.);
#7081=ADVANCED_FACE('',(#497),#204,.T.);
#7082=ADVANCED_FACE('',(#498),#6916,.F.);
#7083=ADVANCED_FACE('',(#499),#205,.T.);
#7084=ADVANCED_FACE('',(#500),#206,.T.);
#7085=ADVANCED_FACE('',(#501),#207,.T.);
#7086=ADVANCED_FACE('',(#502),#208,.T.);
#7087=ADVANCED_FACE('',(#503),#6917,.T.);
#7088=ADVANCED_FACE('',(#504),#209,.T.);
#7089=ADVANCED_FACE('',(#505),#6918,.F.);
#7090=ADVANCED_FACE('',(#506),#210,.T.);
#7091=ADVANCED_FACE('',(#507),#6919,.T.);
#7092=ADVANCED_FACE('',(#508),#211,.T.);
#7093=ADVANCED_FACE('',(#509),#6920,.F.);
#7094=ADVANCED_FACE('',(#510),#212,.T.);
#7095=ADVANCED_FACE('',(#511),#213,.T.);
#7096=ADVANCED_FACE('',(#512),#214,.T.);
#7097=ADVANCED_FACE('',(#513),#215,.T.);
#7098=ADVANCED_FACE('',(#514),#216,.T.);
#7099=ADVANCED_FACE('',(#515),#217,.T.);
#7100=ADVANCED_FACE('',(#516),#218,.T.);
#7101=ADVANCED_FACE('',(#517),#219,.T.);
#7102=ADVANCED_FACE('',(#518),#220,.T.);
#7103=ADVANCED_FACE('',(#519),#221,.T.);
#7104=ADVANCED_FACE('',(#520),#222,.T.);
#7105=ADVANCED_FACE('',(#521),#223,.T.);
#7106=ADVANCED_FACE('',(#522),#224,.T.);
#7107=ADVANCED_FACE('',(#523),#225,.T.);
#7108=ADVANCED_FACE('',(#524),#226,.T.);
#7109=ADVANCED_FACE('',(#525),#227,.T.);
#7110=ADVANCED_FACE('',(#526),#228,.T.);
#7111=ADVANCED_FACE('',(#527),#6921,.F.);
#7112=ADVANCED_FACE('',(#528),#229,.T.);
#7113=ADVANCED_FACE('',(#529),#230,.T.);
#7114=ADVANCED_FACE('',(#530),#231,.T.);
#7115=ADVANCED_FACE('',(#531),#232,.T.);
#7116=ADVANCED_FACE('',(#532),#233,.T.);
#7117=ADVANCED_FACE('',(#533),#6922,.F.);
#7118=ADVANCED_FACE('',(#534),#234,.T.);
#7119=ADVANCED_FACE('',(#535),#235,.T.);
#7120=ADVANCED_FACE('',(#536),#6923,.T.);
#7121=ADVANCED_FACE('',(#537),#236,.T.);
#7122=ADVANCED_FACE('',(#538),#237,.T.);
#7123=ADVANCED_FACE('',(#539),#6924,.F.);
#7124=ADVANCED_FACE('',(#540),#238,.T.);
#7125=ADVANCED_FACE('',(#541),#239,.T.);
#7126=ADVANCED_FACE('',(#542),#240,.T.);
#7127=ADVANCED_FACE('',(#543),#241,.T.);
#7128=ADVANCED_FACE('',(#544),#242,.T.);
#7129=ADVANCED_FACE('',(#545),#243,.T.);
#7130=ADVANCED_FACE('',(#546),#244,.T.);
#7131=ADVANCED_FACE('',(#547),#245,.T.);
#7132=ADVANCED_FACE('',(#548),#246,.T.);
#7133=ADVANCED_FACE('',(#549),#247,.T.);
#7134=ADVANCED_FACE('',(#550),#248,.T.);
#7135=ADVANCED_FACE('',(#551),#6925,.T.);
#7136=ADVANCED_FACE('',(#552),#249,.T.);
#7137=ADVANCED_FACE('',(#553),#250,.T.);
#7138=ADVANCED_FACE('',(#554),#6926,.F.);
#7139=ADVANCED_FACE('',(#555),#251,.T.);
#7140=ADVANCED_FACE('',(#556),#6927,.F.);
#7141=ADVANCED_FACE('',(#557),#6928,.F.);
#7142=ADVANCED_FACE('',(#558),#252,.T.);
#7143=ADVANCED_FACE('',(#559),#6929,.F.);
#7144=ADVANCED_FACE('',(#560),#253,.T.);
#7145=ADVANCED_FACE('',(#561),#254,.T.);
#7146=ADVANCED_FACE('',(#562),#6930,.T.);
#7147=ADVANCED_FACE('',(#563),#255,.T.);
#7148=ADVANCED_FACE('',(#564),#256,.T.);
#7149=ADVANCED_FACE('',(#565),#6931,.F.);
#7150=ADVANCED_FACE('',(#566),#257,.T.);
#7151=ADVANCED_FACE('',(#567),#258,.T.);
#7152=ADVANCED_FACE('',(#568),#259,.T.);
#7153=ADVANCED_FACE('',(#569),#260,.T.);
#7154=ADVANCED_FACE('',(#570),#261,.T.);
#7155=ADVANCED_FACE('',(#571),#262,.T.);
#7156=ADVANCED_FACE('',(#572),#263,.T.);
#7157=ADVANCED_FACE('',(#573),#264,.T.);
#7158=ADVANCED_FACE('',(#574),#265,.T.);
#7159=ADVANCED_FACE('',(#575,#58,#59,#60,#61,#62,#63,#64,#65,#66,#67,#68,
#69,#70),#266,.T.);
#7160=ADVANCED_FACE('',(#576,#71,#72,#73,#74,#75,#76,#77,#78,#79,#80,#81,
#82,#83),#267,.F.);
#7161=ADVANCED_FACE('',(#577),#6932,.F.);
#7162=ADVANCED_FACE('',(#578),#6933,.F.);
#7163=ADVANCED_FACE('',(#579),#6934,.F.);
#7164=ADVANCED_FACE('',(#580),#6935,.F.);
#7165=ADVANCED_FACE('',(#581),#6936,.F.);
#7166=ADVANCED_FACE('',(#582,#84),#268,.T.);
#7167=ADVANCED_FACE('',(#583),#6937,.F.);
#7168=ADVANCED_FACE('',(#584,#85),#269,.T.);
#7169=ADVANCED_FACE('',(#585),#6938,.F.);
#7170=ADVANCED_FACE('',(#586,#86),#270,.T.);
#7171=ADVANCED_FACE('',(#587),#6939,.F.);
#7172=ADVANCED_FACE('',(#588,#87),#271,.T.);
#7173=ADVANCED_FACE('',(#589),#272,.T.);
#7174=ADVANCED_FACE('',(#590),#6940,.T.);
#7175=ADVANCED_FACE('',(#591),#273,.T.);
#7176=ADVANCED_FACE('',(#592,#88),#274,.F.);
#7177=ADVANCED_FACE('',(#593,#89,#90,#91,#92,#93,#94,#95,#96,#97,#98),#275,
 .F.);
#7178=ADVANCED_FACE('',(#594),#6941,.F.);
#7179=ADVANCED_FACE('',(#595),#276,.T.);
#7180=ADVANCED_FACE('',(#596),#6942,.F.);
#7181=ADVANCED_FACE('',(#597),#277,.T.);
#7182=ADVANCED_FACE('',(#598),#6943,.F.);
#7183=ADVANCED_FACE('',(#599),#278,.T.);
#7184=ADVANCED_FACE('',(#600),#6944,.F.);
#7185=ADVANCED_FACE('',(#601),#279,.T.);
#7186=ADVANCED_FACE('',(#602),#6945,.F.);
#7187=ADVANCED_FACE('',(#603),#6946,.F.);
#7188=ADVANCED_FACE('',(#604),#280,.T.);
#7189=ADVANCED_FACE('',(#605),#6947,.F.);
#7190=ADVANCED_FACE('',(#606),#281,.T.);
#7191=ADVANCED_FACE('',(#607),#6948,.F.);
#7192=ADVANCED_FACE('',(#608),#282,.T.);
#7193=ADVANCED_FACE('',(#609),#6949,.F.);
#7194=ADVANCED_FACE('',(#610),#283,.T.);
#7195=ADVANCED_FACE('',(#611),#6950,.F.);
#7196=ADVANCED_FACE('',(#612),#6951,.F.);
#7197=ADVANCED_FACE('',(#613),#6952,.F.);
#7198=ADVANCED_FACE('',(#614),#284,.T.);
#7199=ADVANCED_FACE('',(#615),#6953,.F.);
#7200=ADVANCED_FACE('',(#616),#285,.T.);
#7201=ADVANCED_FACE('',(#617),#6954,.F.);
#7202=ADVANCED_FACE('',(#618),#286,.T.);
#7203=ADVANCED_FACE('',(#619),#6955,.F.);
#7204=ADVANCED_FACE('',(#620),#287,.T.);
#7205=ADVANCED_FACE('',(#621),#6956,.F.);
#7206=ADVANCED_FACE('',(#622),#6957,.F.);
#7207=ADVANCED_FACE('',(#623),#288,.T.);
#7208=ADVANCED_FACE('',(#624),#6958,.F.);
#7209=ADVANCED_FACE('',(#625),#289,.T.);
#7210=ADVANCED_FACE('',(#626),#290,.T.);
#7211=ADVANCED_FACE('',(#627),#291,.T.);
#7212=ADVANCED_FACE('',(#628),#6959,.F.);
#7213=ADVANCED_FACE('',(#629),#292,.T.);
#7214=ADVANCED_FACE('',(#630),#6960,.F.);
#7215=ADVANCED_FACE('',(#631),#293,.T.);
#7216=ADVANCED_FACE('',(#632),#294,.T.);
#7217=ADVANCED_FACE('',(#633),#6961,.T.);
#7218=ADVANCED_FACE('',(#634),#295,.T.);
#7219=ADVANCED_FACE('',(#635),#296,.T.);
#7220=ADVANCED_FACE('',(#636),#6962,.F.);
#7221=ADVANCED_FACE('',(#637),#297,.T.);
#7222=ADVANCED_FACE('',(#638),#6963,.F.);
#7223=ADVANCED_FACE('',(#639),#298,.T.);
#7224=ADVANCED_FACE('',(#640),#299,.T.);
#7225=ADVANCED_FACE('',(#641),#300,.T.);
#7226=ADVANCED_FACE('',(#642),#301,.T.);
#7227=ADVANCED_FACE('',(#643),#302,.T.);
#7228=ADVANCED_FACE('',(#644),#303,.T.);
#7229=ADVANCED_FACE('',(#645),#304,.T.);
#7230=ADVANCED_FACE('',(#646),#305,.T.);
#7231=ADVANCED_FACE('',(#647),#306,.T.);
#7232=ADVANCED_FACE('',(#648),#307,.T.);
#7233=ADVANCED_FACE('',(#649),#6964,.T.);
#7234=ADVANCED_FACE('',(#650),#308,.T.);
#7235=ADVANCED_FACE('',(#651),#309,.T.);
#7236=ADVANCED_FACE('',(#652),#6965,.F.);
#7237=ADVANCED_FACE('',(#653),#310,.T.);
#7238=ADVANCED_FACE('',(#654),#6966,.F.);
#7239=ADVANCED_FACE('',(#655),#311,.T.);
#7240=ADVANCED_FACE('',(#656),#312,.T.);
#7241=ADVANCED_FACE('',(#657),#313,.T.);
#7242=ADVANCED_FACE('',(#658),#6967,.F.);
#7243=ADVANCED_FACE('',(#659),#314,.T.);
#7244=ADVANCED_FACE('',(#660),#6968,.F.);
#7245=ADVANCED_FACE('',(#661),#315,.T.);
#7246=ADVANCED_FACE('',(#662),#316,.T.);
#7247=ADVANCED_FACE('',(#663),#6969,.T.);
#7248=ADVANCED_FACE('',(#664),#317,.T.);
#7249=ADVANCED_FACE('',(#665),#318,.T.);
#7250=ADVANCED_FACE('',(#666),#6970,.F.);
#7251=ADVANCED_FACE('',(#667),#319,.T.);
#7252=ADVANCED_FACE('',(#668),#6971,.F.);
#7253=ADVANCED_FACE('',(#669),#6972,.F.);
#7254=ADVANCED_FACE('',(#670),#320,.T.);
#7255=ADVANCED_FACE('',(#671),#6973,.F.);
#7256=ADVANCED_FACE('',(#672),#321,.T.);
#7257=ADVANCED_FACE('',(#673),#322,.T.);
#7258=ADVANCED_FACE('',(#674),#6974,.T.);
#7259=ADVANCED_FACE('',(#675),#323,.T.);
#7260=ADVANCED_FACE('',(#676),#324,.T.);
#7261=ADVANCED_FACE('',(#677),#6975,.F.);
#7262=ADVANCED_FACE('',(#678),#325,.T.);
#7263=ADVANCED_FACE('',(#679),#326,.T.);
#7264=ADVANCED_FACE('',(#680),#6976,.F.);
#7265=ADVANCED_FACE('',(#681),#327,.T.);
#7266=ADVANCED_FACE('',(#682),#328,.T.);
#7267=ADVANCED_FACE('',(#683),#329,.T.);
#7268=ADVANCED_FACE('',(#684,#99,#100,#101,#102,#103,#104,#105,#106,#107,
#108,#109),#330,.T.);
#7269=ADVANCED_FACE('',(#685),#331,.T.);
#7270=ADVANCED_FACE('',(#686,#110,#111,#112,#113),#332,.F.);
#7271=ADVANCED_FACE('',(#687),#6977,.T.);
#7272=ADVANCED_FACE('',(#688,#114,#115,#116,#117),#333,.T.);
#7273=ADVANCED_FACE('',(#689),#6978,.T.);
#7274=ADVANCED_FACE('',(#690),#27,.T.);
#7275=ADVANCED_FACE('',(#691),#28,.T.);
#7276=ADVANCED_FACE('',(#692),#334,.T.);
#7277=ADVANCED_FACE('',(#693),#335,.T.);
#7278=ADVANCED_FACE('',(#694),#336,.T.);
#7279=ADVANCED_FACE('',(#695),#29,.T.);
#7280=ADVANCED_FACE('',(#696),#337,.T.);
#7281=ADVANCED_FACE('',(#697),#338,.T.);
#7282=ADVANCED_FACE('',(#698),#30,.T.);
#7283=ADVANCED_FACE('',(#699),#6979,.F.);
#7284=ADVANCED_FACE('',(#700),#6980,.F.);
#7285=ADVANCED_FACE('',(#701),#6981,.F.);
#7286=ADVANCED_FACE('',(#702),#6982,.F.);
#7287=ADVANCED_FACE('',(#703),#339,.T.);
#7288=ADVANCED_FACE('',(#704),#6983,.T.);
#7289=ADVANCED_FACE('',(#705),#340,.T.);
#7290=ADVANCED_FACE('',(#706),#6984,.T.);
#7291=ADVANCED_FACE('',(#707),#31,.F.);
#7292=ADVANCED_FACE('',(#708,#118,#119,#120,#121,#122,#123,#124,#125,#126,
#127),#341,.T.);
#7293=ADVANCED_FACE('',(#709),#6985,.T.);
#7294=ADVANCED_FACE('',(#710),#32,.F.);
#7295=ADVANCED_FACE('',(#711),#33,.F.);
#7296=ADVANCED_FACE('',(#712),#34,.F.);
#7297=ADVANCED_FACE('',(#713),#342,.F.);
#7298=ADVANCED_FACE('',(#714),#343,.F.);
#7299=ADVANCED_FACE('',(#715),#344,.F.);
#7300=ADVANCED_FACE('',(#716),#345,.F.);
#7301=ADVANCED_FACE('',(#717),#346,.F.);
#7302=ADVANCED_FACE('',(#718),#347,.F.);
#7303=ADVANCED_FACE('',(#719),#348,.F.);
#7304=ADVANCED_FACE('',(#720),#349,.F.);
#7305=ADVANCED_FACE('',(#721),#350,.F.);
#7306=ADVANCED_FACE('',(#722),#351,.F.);
#7307=ADVANCED_FACE('',(#723),#352,.F.);
#7308=ADVANCED_FACE('',(#724),#353,.F.);
#7309=ADVANCED_FACE('',(#725),#354,.F.);
#7310=ADVANCED_FACE('',(#726),#355,.F.);
#7311=ADVANCED_FACE('',(#727),#356,.F.);
#7312=ADVANCED_FACE('',(#728),#357,.F.);
#7313=ADVANCED_FACE('',(#729),#358,.F.);
#7314=ADVANCED_FACE('',(#730),#359,.F.);
#7315=ADVANCED_FACE('',(#731),#360,.F.);
#7316=ADVANCED_FACE('',(#732),#361,.F.);
#7317=ADVANCED_FACE('',(#733),#362,.F.);
#7318=ADVANCED_FACE('',(#734),#363,.F.);
#7319=ADVANCED_FACE('',(#735),#364,.F.);
#7320=ADVANCED_FACE('',(#736),#365,.F.);
#7321=ADVANCED_FACE('',(#737),#366,.F.);
#7322=ADVANCED_FACE('',(#738),#367,.F.);
#7323=ADVANCED_FACE('',(#739),#368,.F.);
#7324=ADVANCED_FACE('',(#740),#369,.F.);
#7325=ADVANCED_FACE('',(#741),#370,.F.);
#7326=ADVANCED_FACE('',(#742),#371,.F.);
#7327=ADVANCED_FACE('',(#743),#372,.F.);
#7328=ADVANCED_FACE('',(#744),#373,.F.);
#7329=ADVANCED_FACE('',(#745),#374,.F.);
#7330=ADVANCED_FACE('',(#746),#375,.F.);
#7331=ADVANCED_FACE('',(#747),#376,.F.);
#7332=ADVANCED_FACE('',(#748),#377,.F.);
#7333=ADVANCED_FACE('',(#749),#378,.F.);
#7334=ADVANCED_FACE('',(#750),#379,.F.);
#7335=ADVANCED_FACE('',(#751),#380,.F.);
#7336=ADVANCED_FACE('',(#752),#381,.F.);
#7337=ADVANCED_FACE('',(#753),#382,.T.);
#7338=ADVANCED_FACE('',(#754),#383,.T.);
#7339=ADVANCED_FACE('',(#755),#384,.T.);
#7340=ADVANCED_FACE('',(#756),#385,.T.);
#7341=ADVANCED_FACE('',(#757),#386,.T.);
#7342=ADVANCED_FACE('',(#758),#387,.T.);
#7343=ADVANCED_FACE('',(#759),#388,.T.);
#7344=ADVANCED_FACE('',(#760),#389,.F.);
#7345=ADVANCED_FACE('',(#761),#35,.F.);
#7346=ADVANCED_FACE('',(#762),#6986,.T.);
#7347=ADVANCED_FACE('',(#763),#390,.T.);
#7348=ADVANCED_FACE('',(#764),#391,.T.);
#7349=ADVANCED_FACE('',(#765),#6987,.T.);
#7350=ADVANCED_FACE('',(#766),#392,.F.);
#7351=ADVANCED_FACE('',(#767),#393,.T.);
#7352=ADVANCED_FACE('',(#768),#36,.F.);
#7353=ADVANCED_FACE('',(#769),#37,.F.);
#7354=ADVANCED_FACE('',(#770),#394,.T.);
#7355=ADVANCED_FACE('',(#771),#38,.F.);
#7356=ADVANCED_FACE('',(#772),#395,.T.);
#7357=ADVANCED_FACE('',(#773),#396,.T.);
#7358=ADVANCED_FACE('',(#774),#397,.T.);
#7359=ADVANCED_FACE('',(#775),#398,.T.);
#7360=ADVANCED_FACE('',(#776),#399,.T.);
#7361=ADVANCED_FACE('',(#777),#400,.T.);
#7362=ADVANCED_FACE('',(#778),#401,.T.);
#7363=ADVANCED_FACE('',(#779),#402,.T.);
#7364=ADVANCED_FACE('',(#780),#403,.T.);
#7365=CLOSED_SHELL('',(#6988,#6989,#6990,#6991,#6992,#6993,#6994,#6995,
#6996,#6997,#6998,#6999,#7000,#7001,#7002,#7003,#7004,#7005,#7006,#7007,
#7008,#7009,#7010,#7011,#7012,#7013,#7014,#7015,#7016,#7017,#7018,#7019,
#7020,#7021,#7022,#7023,#7024));
#7366=CLOSED_SHELL('',(#7025,#7026,#7027,#7028,#7029,#7030,#7031,#7032,
#7033,#7034,#7035,#7036,#7037,#7038,#7039,#7040,#7041,#7042,#7043,#7044,
#7045,#7046,#7047,#7048,#7049,#7050,#7051,#7052,#7053,#7054,#7055,#7056,
#7057,#7058,#7059,#7060,#7061,#7062,#7063,#7064,#7065,#7066,#7067,#7068,
#7069,#7070,#7071,#7072,#7073,#7074,#7075,#7076,#7077,#7078,#7079,#7080,
#7081,#7082,#7083,#7084,#7085,#7086,#7087,#7088,#7089,#7090,#7091,#7092,
#7093,#7094,#7095,#7096,#7097,#7098,#7099,#7100,#7101,#7102,#7103,#7104,
#7105,#7106,#7107,#7108,#7109,#7110,#7111,#7112,#7113,#7114,#7115,#7116,
#7117,#7118,#7119,#7120,#7121,#7122,#7123,#7124,#7125,#7126,#7127,#7128,
#7129,#7130,#7131,#7132,#7133,#7134,#7135,#7136,#7137,#7138,#7139,#7140,
#7141,#7142,#7143,#7144,#7145,#7146,#7147,#7148,#7149,#7150,#7151,#7152,
#7153,#7154,#7155,#7156,#7157,#7158,#7159,#7160));
#7367=CLOSED_SHELL('',(#7161,#7162,#7163,#7164,#7165,#7166,#7167,#7168,
#7169,#7170,#7171,#7172,#7173,#7174,#7175,#7176,#7177,#7178,#7179,#7180,
#7181,#7182,#7183,#7184,#7185,#7186,#7187,#7188,#7189,#7190,#7191,#7192,
#7193,#7194,#7195,#7196,#7197,#7198,#7199,#7200,#7201,#7202,#7203,#7204,
#7205,#7206,#7207,#7208,#7209,#7210,#7211,#7212,#7213,#7214,#7215,#7216,
#7217,#7218,#7219,#7220,#7221,#7222,#7223,#7224,#7225,#7226,#7227,#7228,
#7229,#7230,#7231,#7232,#7233,#7234,#7235,#7236,#7237,#7238,#7239,#7240,
#7241,#7242,#7243,#7244,#7245,#7246,#7247,#7248,#7249,#7250,#7251,#7252,
#7253,#7254,#7255,#7256,#7257,#7258,#7259,#7260,#7261,#7262,#7263,#7264,
#7265,#7266,#7267,#7268));
#7368=CLOSED_SHELL('',(#7269,#7270,#7271,#7272,#7273,#7274,#7275,#7276,
#7277,#7278,#7279,#7280,#7281,#7282,#7283,#7284,#7285,#7286,#7287,#7288,
#7289,#7290));
#7369=CLOSED_SHELL('',(#7291,#7292,#7293,#7294,#7295,#7296,#7297,#7298,
#7299,#7300,#7301,#7302,#7303,#7304,#7305,#7306,#7307,#7308,#7309,#7310,
#7311,#7312,#7313,#7314,#7315,#7316,#7317,#7318,#7319,#7320,#7321,#7322,
#7323,#7324,#7325,#7326,#7327,#7328,#7329,#7330,#7331,#7332,#7333,#7334,
#7335,#7336,#7337,#7338,#7339,#7340,#7341,#7342,#7343,#7344));
#7370=CLOSED_SHELL('',(#7345,#7346,#7347,#7348,#7349,#7350,#7351,#7352,
#7353,#7354,#7355,#7356,#7357,#7358,#7359,#7360,#7361,#7362,#7363,#7364));
#7371=AXIS2_PLACEMENT_3D('',#9909,#7939,#7940);
#7372=AXIS2_PLACEMENT_3D('',#9910,#7941,#7942);
#7373=AXIS2_PLACEMENT_3D('',#9912,#7943,#7944);
#7374=AXIS2_PLACEMENT_3D('',#9915,#7946,#7947);
#7375=AXIS2_PLACEMENT_3D('',#9916,#7948,#7949);
#7376=AXIS2_PLACEMENT_3D('',#9917,#7950,#7951);
#7377=AXIS2_PLACEMENT_3D('',#9919,#7952,#7953);
#7378=AXIS2_PLACEMENT_3D('',#9922,#7955,#7956);
#7379=AXIS2_PLACEMENT_3D('',#9923,#7957,#7958);
#7380=AXIS2_PLACEMENT_3D('',#9924,#7959,#7960);
#7381=AXIS2_PLACEMENT_3D('',#9926,#7961,#7962);
#7382=AXIS2_PLACEMENT_3D('',#9929,#7964,#7965);
#7383=AXIS2_PLACEMENT_3D('',#9930,#7966,#7967);
#7384=AXIS2_PLACEMENT_3D('',#9931,#7968,#7969);
#7385=AXIS2_PLACEMENT_3D('',#9933,#7970,#7971);
#7386=AXIS2_PLACEMENT_3D('',#9936,#7973,#7974);
#7387=AXIS2_PLACEMENT_3D('',#9937,#7975,#7976);
#7388=AXIS2_PLACEMENT_3D('',#9938,#7977,#7978);
#7389=AXIS2_PLACEMENT_3D('',#9947,#7983,#7984);
#7390=AXIS2_PLACEMENT_3D('',#9949,#7985,#7986);
#7391=AXIS2_PLACEMENT_3D('',#9951,#7987,#7988);
#7392=AXIS2_PLACEMENT_3D('',#9953,#7990,#7991);
#7393=AXIS2_PLACEMENT_3D('',#9959,#7995,#7996);
#7394=AXIS2_PLACEMENT_3D('',#9961,#7997,#7998);
#7395=AXIS2_PLACEMENT_3D('',#9963,#7999,#8000);
#7396=AXIS2_PLACEMENT_3D('',#9965,#8002,#8003);
#7397=AXIS2_PLACEMENT_3D('',#9971,#8007,#8008);
#7398=AXIS2_PLACEMENT_3D('',#9973,#8009,#8010);
#7399=AXIS2_PLACEMENT_3D('',#9975,#8011,#8012);
#7400=AXIS2_PLACEMENT_3D('',#9977,#8014,#8015);
#7401=AXIS2_PLACEMENT_3D('',#9983,#8019,#8020);
#7402=AXIS2_PLACEMENT_3D('',#9984,#8021,#8022);
#7403=AXIS2_PLACEMENT_3D('',#9985,#8023,#8024);
#7404=AXIS2_PLACEMENT_3D('',#9986,#8025,#8026);
#7405=AXIS2_PLACEMENT_3D('',#9991,#8028,#8029);
#7406=AXIS2_PLACEMENT_3D('',#9995,#8031,#8032);
#7407=AXIS2_PLACEMENT_3D('',#9999,#8034,#8035);
#7408=AXIS2_PLACEMENT_3D('',#10002,#8037,#8038);
#7409=AXIS2_PLACEMENT_3D('',#10003,#8039,#8040);
#7410=AXIS2_PLACEMENT_3D('',#10012,#8045,#8046);
#7411=AXIS2_PLACEMENT_3D('',#10018,#8050,#8051);
#7412=AXIS2_PLACEMENT_3D('',#10024,#8055,#8056);
#7413=AXIS2_PLACEMENT_3D('',#10030,#8060,#8061);
#7414=AXIS2_PLACEMENT_3D('',#10036,#8065,#8066);
#7415=AXIS2_PLACEMENT_3D('',#10042,#8070,#8071);
#7416=AXIS2_PLACEMENT_3D('',#10048,#8075,#8076);
#7417=AXIS2_PLACEMENT_3D('',#10054,#8080,#8081);
#7418=AXIS2_PLACEMENT_3D('',#10060,#8085,#8086);
#7419=AXIS2_PLACEMENT_3D('',#10063,#8089,#8090);
#7420=AXIS2_PLACEMENT_3D('',#10069,#8094,#8095);
#7421=AXIS2_PLACEMENT_3D('',#10071,#8096,#8097);
#7422=AXIS2_PLACEMENT_3D('',#10073,#8099,#8100);
#7423=AXIS2_PLACEMENT_3D('',#10077,#8103,#8104);
#7424=AXIS2_PLACEMENT_3D('',#10079,#8105,#8106);
#7425=AXIS2_PLACEMENT_3D('',#10081,#8108,#8109);
#7426=AXIS2_PLACEMENT_3D('',#10085,#8112,#8113);
#7427=AXIS2_PLACEMENT_3D('',#10087,#8114,#8115);
#7428=AXIS2_PLACEMENT_3D('',#10089,#8117,#8118);
#7429=AXIS2_PLACEMENT_3D('',#10093,#8121,#8122);
#7430=AXIS2_PLACEMENT_3D('',#10094,#8123,#8124);
#7431=AXIS2_PLACEMENT_3D('',#10095,#8125,#8126);
#7432=AXIS2_PLACEMENT_3D('',#10096,#8127,#8128);
#7433=AXIS2_PLACEMENT_3D('',#10097,#8129,#8130);
#7434=AXIS2_PLACEMENT_3D('',#10106,#8135,#8136);
#7435=AXIS2_PLACEMENT_3D('',#10112,#8140,#8141);
#7436=AXIS2_PLACEMENT_3D('',#10118,#8145,#8146);
#7437=AXIS2_PLACEMENT_3D('',#10121,#8149,#8150);
#7438=AXIS2_PLACEMENT_3D('',#10123,#8151,#8152);
#7439=AXIS2_PLACEMENT_3D('',#10126,#8154,#8155);
#7440=AXIS2_PLACEMENT_3D('',#10127,#8156,#8157);
#7441=AXIS2_PLACEMENT_3D('',#10136,#8162,#8163);
#7442=AXIS2_PLACEMENT_3D('',#10142,#8167,#8168);
#7443=AXIS2_PLACEMENT_3D('',#10148,#8172,#8173);
#7444=AXIS2_PLACEMENT_3D('',#10151,#8176,#8177);
#7445=AXIS2_PLACEMENT_3D('',#10160,#8182,#8183);
#7446=AXIS2_PLACEMENT_3D('',#10166,#8187,#8188);
#7447=AXIS2_PLACEMENT_3D('',#10172,#8192,#8193);
#7448=AXIS2_PLACEMENT_3D('',#10175,#8196,#8197);
#7449=AXIS2_PLACEMENT_3D('',#10184,#8202,#8203);
#7450=AXIS2_PLACEMENT_3D('',#10190,#8207,#8208);
#7451=AXIS2_PLACEMENT_3D('',#10196,#8212,#8213);
#7452=AXIS2_PLACEMENT_3D('',#10202,#8217,#8218);
#7453=AXIS2_PLACEMENT_3D('',#10208,#8222,#8223);
#7454=AXIS2_PLACEMENT_3D('',#10214,#8227,#8228);
#7455=AXIS2_PLACEMENT_3D('',#10220,#8232,#8233);
#7456=AXIS2_PLACEMENT_3D('',#10223,#8236,#8237);
#7457=AXIS2_PLACEMENT_3D('',#10232,#8242,#8243);
#7458=AXIS2_PLACEMENT_3D('',#10238,#8247,#8248);
#7459=AXIS2_PLACEMENT_3D('',#10244,#8252,#8253);
#7460=AXIS2_PLACEMENT_3D('',#10250,#8257,#8258);
#7461=AXIS2_PLACEMENT_3D('',#10256,#8262,#8263);
#7462=AXIS2_PLACEMENT_3D('',#10262,#8267,#8268);
#7463=AXIS2_PLACEMENT_3D('',#10268,#8272,#8273);
#7464=AXIS2_PLACEMENT_3D('',#10271,#8276,#8277);
#7465=AXIS2_PLACEMENT_3D('',#10280,#8282,#8283);
#7466=AXIS2_PLACEMENT_3D('',#10286,#8287,#8288);
#7467=AXIS2_PLACEMENT_3D('',#10292,#8292,#8293);
#7468=AXIS2_PLACEMENT_3D('',#10295,#8296,#8297);
#7469=AXIS2_PLACEMENT_3D('',#10304,#8302,#8303);
#7470=AXIS2_PLACEMENT_3D('',#10310,#8307,#8308);
#7471=AXIS2_PLACEMENT_3D('',#10316,#8312,#8313);
#7472=AXIS2_PLACEMENT_3D('',#10319,#8316,#8317);
#7473=AXIS2_PLACEMENT_3D('',#10328,#8322,#8323);
#7474=AXIS2_PLACEMENT_3D('',#10334,#8327,#8328);
#7475=AXIS2_PLACEMENT_3D('',#10340,#8332,#8333);
#7476=AXIS2_PLACEMENT_3D('',#10343,#8336,#8337);
#7477=AXIS2_PLACEMENT_3D('',#10352,#8342,#8343);
#7478=AXIS2_PLACEMENT_3D('',#10358,#8347,#8348);
#7479=AXIS2_PLACEMENT_3D('',#10364,#8352,#8353);
#7480=AXIS2_PLACEMENT_3D('',#10367,#8356,#8357);
#7481=AXIS2_PLACEMENT_3D('',#10369,#8358,#8359);
#7482=AXIS2_PLACEMENT_3D('',#10372,#8361,#8362);
#7483=AXIS2_PLACEMENT_3D('',#10373,#8363,#8364);
#7484=AXIS2_PLACEMENT_3D('',#10375,#8365,#8366);
#7485=AXIS2_PLACEMENT_3D('',#10378,#8368,#8369);
#7486=AXIS2_PLACEMENT_3D('',#10379,#8370,#8371);
#7487=AXIS2_PLACEMENT_3D('',#10388,#8376,#8377);
#7488=AXIS2_PLACEMENT_3D('',#10394,#8381,#8382);
#7489=AXIS2_PLACEMENT_3D('',#10400,#8386,#8387);
#7490=AXIS2_PLACEMENT_3D('',#10403,#8390,#8391);
#7491=AXIS2_PLACEMENT_3D('',#10406,#8392,#8393);
#7492=AXIS2_PLACEMENT_3D('',#10410,#8395,#8396);
#7493=AXIS2_PLACEMENT_3D('',#10412,#8398,#8399);
#7494=AXIS2_PLACEMENT_3D('',#10418,#8403,#8404);
#7495=AXIS2_PLACEMENT_3D('',#10424,#8408,#8409);
#7496=AXIS2_PLACEMENT_3D('',#10430,#8413,#8414);
#7497=AXIS2_PLACEMENT_3D('',#10432,#8415,#8416);
#7498=AXIS2_PLACEMENT_3D('',#10434,#8417,#8418);
#7499=AXIS2_PLACEMENT_3D('',#10436,#8420,#8421);
#7500=AXIS2_PLACEMENT_3D('',#10442,#8425,#8426);
#7501=AXIS2_PLACEMENT_3D('',#10444,#8427,#8428);
#7502=AXIS2_PLACEMENT_3D('',#10446,#8429,#8430);
#7503=AXIS2_PLACEMENT_3D('',#10448,#8432,#8433);
#7504=AXIS2_PLACEMENT_3D('',#10454,#8437,#8438);
#7505=AXIS2_PLACEMENT_3D('',#10460,#8442,#8443);
#7506=AXIS2_PLACEMENT_3D('',#10466,#8447,#8448);
#7507=AXIS2_PLACEMENT_3D('',#10472,#8452,#8453);
#7508=AXIS2_PLACEMENT_3D('',#10474,#8454,#8455);
#7509=AXIS2_PLACEMENT_3D('',#10476,#8456,#8457);
#7510=AXIS2_PLACEMENT_3D('',#10478,#8459,#8460);
#7511=AXIS2_PLACEMENT_3D('',#10484,#8464,#8465);
#7512=AXIS2_PLACEMENT_3D('',#10486,#8466,#8467);
#7513=AXIS2_PLACEMENT_3D('',#10488,#8468,#8469);
#7514=AXIS2_PLACEMENT_3D('',#10490,#8471,#8472);
#7515=AXIS2_PLACEMENT_3D('',#10496,#8476,#8477);
#7516=AXIS2_PLACEMENT_3D('',#10498,#8478,#8479);
#7517=AXIS2_PLACEMENT_3D('',#10500,#8480,#8481);
#7518=AXIS2_PLACEMENT_3D('',#10502,#8483,#8484);
#7519=AXIS2_PLACEMENT_3D('',#10508,#8488,#8489);
#7520=AXIS2_PLACEMENT_3D('',#10510,#8490,#8491);
#7521=AXIS2_PLACEMENT_3D('',#10512,#8492,#8493);
#7522=AXIS2_PLACEMENT_3D('',#10514,#8495,#8496);
#7523=AXIS2_PLACEMENT_3D('',#10520,#8500,#8501);
#7524=AXIS2_PLACEMENT_3D('',#10526,#8505,#8506);
#7525=AXIS2_PLACEMENT_3D('',#10532,#8510,#8511);
#7526=AXIS2_PLACEMENT_3D('',#10538,#8515,#8516);
#7527=AXIS2_PLACEMENT_3D('',#10544,#8520,#8521);
#7528=AXIS2_PLACEMENT_3D('',#10550,#8525,#8526);
#7529=AXIS2_PLACEMENT_3D('',#10556,#8530,#8531);
#7530=AXIS2_PLACEMENT_3D('',#10562,#8535,#8536);
#7531=AXIS2_PLACEMENT_3D('',#10568,#8540,#8541);
#7532=AXIS2_PLACEMENT_3D('',#10574,#8545,#8546);
#7533=AXIS2_PLACEMENT_3D('',#10580,#8550,#8551);
#7534=AXIS2_PLACEMENT_3D('',#10586,#8555,#8556);
#7535=AXIS2_PLACEMENT_3D('',#10592,#8560,#8561);
#7536=AXIS2_PLACEMENT_3D('',#10598,#8565,#8566);
#7537=AXIS2_PLACEMENT_3D('',#10604,#8570,#8571);
#7538=AXIS2_PLACEMENT_3D('',#10610,#8575,#8576);
#7539=AXIS2_PLACEMENT_3D('',#10616,#8580,#8581);
#7540=AXIS2_PLACEMENT_3D('',#10618,#8582,#8583);
#7541=AXIS2_PLACEMENT_3D('',#10620,#8584,#8585);
#7542=AXIS2_PLACEMENT_3D('',#10622,#8587,#8588);
#7543=AXIS2_PLACEMENT_3D('',#10628,#8592,#8593);
#7544=AXIS2_PLACEMENT_3D('',#10634,#8597,#8598);
#7545=AXIS2_PLACEMENT_3D('',#10640,#8602,#8603);
#7546=AXIS2_PLACEMENT_3D('',#10646,#8607,#8608);
#7547=AXIS2_PLACEMENT_3D('',#10652,#8612,#8613);
#7548=AXIS2_PLACEMENT_3D('',#10654,#8614,#8615);
#7549=AXIS2_PLACEMENT_3D('',#10656,#8616,#8617);
#7550=AXIS2_PLACEMENT_3D('',#10658,#8619,#8620);
#7551=AXIS2_PLACEMENT_3D('',#10664,#8624,#8625);
#7552=AXIS2_PLACEMENT_3D('',#10670,#8629,#8630);
#7553=AXIS2_PLACEMENT_3D('',#10672,#8631,#8632);
#7554=AXIS2_PLACEMENT_3D('',#10674,#8633,#8634);
#7555=AXIS2_PLACEMENT_3D('',#10676,#8636,#8637);
#7556=AXIS2_PLACEMENT_3D('',#10682,#8641,#8642);
#7557=AXIS2_PLACEMENT_3D('',#10688,#8646,#8647);
#7558=AXIS2_PLACEMENT_3D('',#10690,#8648,#8649);
#7559=AXIS2_PLACEMENT_3D('',#10692,#8650,#8651);
#7560=AXIS2_PLACEMENT_3D('',#10694,#8653,#8654);
#7561=AXIS2_PLACEMENT_3D('',#10700,#8658,#8659);
#7562=AXIS2_PLACEMENT_3D('',#10706,#8663,#8664);
#7563=AXIS2_PLACEMENT_3D('',#10712,#8668,#8669);
#7564=AXIS2_PLACEMENT_3D('',#10718,#8673,#8674);
#7565=AXIS2_PLACEMENT_3D('',#10724,#8678,#8679);
#7566=AXIS2_PLACEMENT_3D('',#10730,#8683,#8684);
#7567=AXIS2_PLACEMENT_3D('',#10736,#8688,#8689);
#7568=AXIS2_PLACEMENT_3D('',#10742,#8693,#8694);
#7569=AXIS2_PLACEMENT_3D('',#10748,#8698,#8699);
#7570=AXIS2_PLACEMENT_3D('',#10754,#8703,#8704);
#7571=AXIS2_PLACEMENT_3D('',#10760,#8708,#8709);
#7572=AXIS2_PLACEMENT_3D('',#10762,#8710,#8711);
#7573=AXIS2_PLACEMENT_3D('',#10764,#8712,#8713);
#7574=AXIS2_PLACEMENT_3D('',#10766,#8715,#8716);
#7575=AXIS2_PLACEMENT_3D('',#10772,#8720,#8721);
#7576=AXIS2_PLACEMENT_3D('',#10778,#8725,#8726);
#7577=AXIS2_PLACEMENT_3D('',#10780,#8727,#8728);
#7578=AXIS2_PLACEMENT_3D('',#10782,#8729,#8730);
#7579=AXIS2_PLACEMENT_3D('',#10784,#8732,#8733);
#7580=AXIS2_PLACEMENT_3D('',#10790,#8737,#8738);
#7581=AXIS2_PLACEMENT_3D('',#10792,#8739,#8740);
#7582=AXIS2_PLACEMENT_3D('',#10794,#8741,#8742);
#7583=AXIS2_PLACEMENT_3D('',#10796,#8744,#8745);
#7584=AXIS2_PLACEMENT_3D('',#10798,#8746,#8747);
#7585=AXIS2_PLACEMENT_3D('',#10800,#8748,#8749);
#7586=AXIS2_PLACEMENT_3D('',#10802,#8751,#8752);
#7587=AXIS2_PLACEMENT_3D('',#10808,#8756,#8757);
#7588=AXIS2_PLACEMENT_3D('',#10810,#8758,#8759);
#7589=AXIS2_PLACEMENT_3D('',#10812,#8760,#8761);
#7590=AXIS2_PLACEMENT_3D('',#10814,#8763,#8764);
#7591=AXIS2_PLACEMENT_3D('',#10820,#8768,#8769);
#7592=AXIS2_PLACEMENT_3D('',#10826,#8773,#8774);
#7593=AXIS2_PLACEMENT_3D('',#10828,#8775,#8776);
#7594=AXIS2_PLACEMENT_3D('',#10830,#8777,#8778);
#7595=AXIS2_PLACEMENT_3D('',#10832,#8780,#8781);
#7596=AXIS2_PLACEMENT_3D('',#10838,#8785,#8786);
#7597=AXIS2_PLACEMENT_3D('',#10844,#8790,#8791);
#7598=AXIS2_PLACEMENT_3D('',#10846,#8792,#8793);
#7599=AXIS2_PLACEMENT_3D('',#10848,#8794,#8795);
#7600=AXIS2_PLACEMENT_3D('',#10850,#8797,#8798);
#7601=AXIS2_PLACEMENT_3D('',#10856,#8802,#8803);
#7602=AXIS2_PLACEMENT_3D('',#10862,#8807,#8808);
#7603=AXIS2_PLACEMENT_3D('',#10868,#8812,#8813);
#7604=AXIS2_PLACEMENT_3D('',#10874,#8817,#8818);
#7605=AXIS2_PLACEMENT_3D('',#10880,#8822,#8823);
#7606=AXIS2_PLACEMENT_3D('',#10886,#8827,#8828);
#7607=AXIS2_PLACEMENT_3D('',#10892,#8832,#8833);
#7608=AXIS2_PLACEMENT_3D('',#10898,#8837,#8838);
#7609=AXIS2_PLACEMENT_3D('',#10901,#8841,#8842);
#7610=AXIS2_PLACEMENT_3D('',#10902,#8843,#8844);
#7611=AXIS2_PLACEMENT_3D('',#10903,#8845,#8846);
#7612=AXIS2_PLACEMENT_3D('',#10905,#8847,#8848);
#7613=AXIS2_PLACEMENT_3D('',#10908,#8850,#8851);
#7614=AXIS2_PLACEMENT_3D('',#10909,#8852,#8853);
#7615=AXIS2_PLACEMENT_3D('',#10911,#8854,#8855);
#7616=AXIS2_PLACEMENT_3D('',#10914,#8857,#8858);
#7617=AXIS2_PLACEMENT_3D('',#10915,#8859,#8860);
#7618=AXIS2_PLACEMENT_3D('',#10917,#8861,#8862);
#7619=AXIS2_PLACEMENT_3D('',#10920,#8864,#8865);
#7620=AXIS2_PLACEMENT_3D('',#10921,#8866,#8867);
#7621=AXIS2_PLACEMENT_3D('',#10923,#8868,#8869);
#7622=AXIS2_PLACEMENT_3D('',#10926,#8871,#8872);
#7623=AXIS2_PLACEMENT_3D('',#10927,#8873,#8874);
#7624=AXIS2_PLACEMENT_3D('',#10929,#8875,#8876);
#7625=AXIS2_PLACEMENT_3D('',#10932,#8878,#8879);
#7626=AXIS2_PLACEMENT_3D('',#10933,#8880,#8881);
#7627=AXIS2_PLACEMENT_3D('',#10935,#8882,#8883);
#7628=AXIS2_PLACEMENT_3D('',#10936,#8884,#8885);
#7629=AXIS2_PLACEMENT_3D('',#10938,#8886,#8887);
#7630=AXIS2_PLACEMENT_3D('',#10941,#8889,#8890);
#7631=AXIS2_PLACEMENT_3D('',#10942,#8891,#8892);
#7632=AXIS2_PLACEMENT_3D('',#10944,#8893,#8894);
#7633=AXIS2_PLACEMENT_3D('',#10945,#8895,#8896);
#7634=AXIS2_PLACEMENT_3D('',#10947,#8897,#8898);
#7635=AXIS2_PLACEMENT_3D('',#10950,#8900,#8901);
#7636=AXIS2_PLACEMENT_3D('',#10951,#8902,#8903);
#7637=AXIS2_PLACEMENT_3D('',#10953,#8904,#8905);
#7638=AXIS2_PLACEMENT_3D('',#10954,#8906,#8907);
#7639=AXIS2_PLACEMENT_3D('',#10956,#8908,#8909);
#7640=AXIS2_PLACEMENT_3D('',#10959,#8911,#8912);
#7641=AXIS2_PLACEMENT_3D('',#10960,#8913,#8914);
#7642=AXIS2_PLACEMENT_3D('',#10962,#8915,#8916);
#7643=AXIS2_PLACEMENT_3D('',#10963,#8917,#8918);
#7644=AXIS2_PLACEMENT_3D('',#10972,#8923,#8924);
#7645=AXIS2_PLACEMENT_3D('',#10974,#8925,#8926);
#7646=AXIS2_PLACEMENT_3D('',#10976,#8927,#8928);
#7647=AXIS2_PLACEMENT_3D('',#10978,#8930,#8931);
#7648=AXIS2_PLACEMENT_3D('',#10984,#8935,#8936);
#7649=AXIS2_PLACEMENT_3D('',#10987,#8937,#8938);
#7650=AXIS2_PLACEMENT_3D('',#10991,#8941,#8942);
#7651=AXIS2_PLACEMENT_3D('',#10992,#8943,#8944);
#7652=AXIS2_PLACEMENT_3D('',#10998,#8947,#8948);
#7653=AXIS2_PLACEMENT_3D('',#11002,#8950,#8951);
#7654=AXIS2_PLACEMENT_3D('',#11024,#8962,#8963);
#7655=AXIS2_PLACEMENT_3D('',#11030,#8966,#8967);
#7656=AXIS2_PLACEMENT_3D('',#11034,#8969,#8970);
#7657=AXIS2_PLACEMENT_3D('',#11042,#8974,#8975);
#7658=AXIS2_PLACEMENT_3D('',#11046,#8977,#8978);
#7659=AXIS2_PLACEMENT_3D('',#11052,#8981,#8982);
#7660=AXIS2_PLACEMENT_3D('',#11058,#8985,#8986);
#7661=AXIS2_PLACEMENT_3D('',#11062,#8988,#8989);
#7662=AXIS2_PLACEMENT_3D('',#11064,#8990,#8991);
#7663=AXIS2_PLACEMENT_3D('',#11068,#8993,#8994);
#7664=AXIS2_PLACEMENT_3D('',#11074,#8997,#8998);
#7665=AXIS2_PLACEMENT_3D('',#11080,#9001,#9002);
#7666=AXIS2_PLACEMENT_3D('',#11086,#9005,#9006);
#7667=AXIS2_PLACEMENT_3D('',#11094,#9010,#9011);
#7668=AXIS2_PLACEMENT_3D('',#11098,#9013,#9014);
#7669=AXIS2_PLACEMENT_3D('',#11106,#9018,#9019);
#7670=AXIS2_PLACEMENT_3D('',#11110,#9021,#9022);
#7671=AXIS2_PLACEMENT_3D('',#11116,#9025,#9026);
#7672=AXIS2_PLACEMENT_3D('',#11120,#9028,#9029);
#7673=AXIS2_PLACEMENT_3D('',#11124,#9031,#9032);
#7674=AXIS2_PLACEMENT_3D('',#11128,#9034,#9035);
#7675=AXIS2_PLACEMENT_3D('',#11131,#9037,#9038);
#7676=AXIS2_PLACEMENT_3D('',#11134,#9039,#9040);
#7677=AXIS2_PLACEMENT_3D('',#11138,#9042,#9043);
#7678=AXIS2_PLACEMENT_3D('',#11142,#9045,#9046);
#7679=AXIS2_PLACEMENT_3D('',#11146,#9048,#9049);
#7680=AXIS2_PLACEMENT_3D('',#11149,#9051,#9052);
#7681=AXIS2_PLACEMENT_3D('',#11152,#9053,#9054);
#7682=AXIS2_PLACEMENT_3D('',#11156,#9056,#9057);
#7683=AXIS2_PLACEMENT_3D('',#11160,#9059,#9060);
#7684=AXIS2_PLACEMENT_3D('',#11164,#9062,#9063);
#7685=AXIS2_PLACEMENT_3D('',#11167,#9065,#9066);
#7686=AXIS2_PLACEMENT_3D('',#11168,#9067,#9068);
#7687=AXIS2_PLACEMENT_3D('',#11170,#9070,#9071);
#7688=AXIS2_PLACEMENT_3D('',#11176,#9075,#9076);
#7689=AXIS2_PLACEMENT_3D('',#11178,#9077,#9078);
#7690=AXIS2_PLACEMENT_3D('',#11180,#9080,#9081);
#7691=AXIS2_PLACEMENT_3D('',#11184,#9084,#9085);
#7692=AXIS2_PLACEMENT_3D('',#11186,#9086,#9087);
#7693=AXIS2_PLACEMENT_3D('',#11188,#9089,#9090);
#7694=AXIS2_PLACEMENT_3D('',#11192,#9093,#9094);
#7695=AXIS2_PLACEMENT_3D('',#11194,#9095,#9096);
#7696=AXIS2_PLACEMENT_3D('',#11196,#9098,#9099);
#7697=AXIS2_PLACEMENT_3D('',#11200,#9102,#9103);
#7698=AXIS2_PLACEMENT_3D('',#11201,#9104,#9105);
#7699=AXIS2_PLACEMENT_3D('',#11202,#9106,#9107);
#7700=AXIS2_PLACEMENT_3D('',#11204,#9109,#9110);
#7701=AXIS2_PLACEMENT_3D('',#11210,#9114,#9115);
#7702=AXIS2_PLACEMENT_3D('',#11212,#9116,#9117);
#7703=AXIS2_PLACEMENT_3D('',#11214,#9119,#9120);
#7704=AXIS2_PLACEMENT_3D('',#11218,#9123,#9124);
#7705=AXIS2_PLACEMENT_3D('',#11220,#9125,#9126);
#7706=AXIS2_PLACEMENT_3D('',#11222,#9128,#9129);
#7707=AXIS2_PLACEMENT_3D('',#11226,#9132,#9133);
#7708=AXIS2_PLACEMENT_3D('',#11228,#9134,#9135);
#7709=AXIS2_PLACEMENT_3D('',#11230,#9137,#9138);
#7710=AXIS2_PLACEMENT_3D('',#11234,#9141,#9142);
#7711=AXIS2_PLACEMENT_3D('',#11235,#9143,#9144);
#7712=AXIS2_PLACEMENT_3D('',#11236,#9145,#9146);
#7713=AXIS2_PLACEMENT_3D('',#11238,#9148,#9149);
#7714=AXIS2_PLACEMENT_3D('',#11240,#9151,#9152);
#7715=AXIS2_PLACEMENT_3D('',#11246,#9156,#9157);
#7716=AXIS2_PLACEMENT_3D('',#11248,#9158,#9159);
#7717=AXIS2_PLACEMENT_3D('',#11250,#9161,#9162);
#7718=AXIS2_PLACEMENT_3D('',#11254,#9165,#9166);
#7719=AXIS2_PLACEMENT_3D('',#11256,#9167,#9168);
#7720=AXIS2_PLACEMENT_3D('',#11258,#9170,#9171);
#7721=AXIS2_PLACEMENT_3D('',#11262,#9174,#9175);
#7722=AXIS2_PLACEMENT_3D('',#11264,#9176,#9177);
#7723=AXIS2_PLACEMENT_3D('',#11266,#9179,#9180);
#7724=AXIS2_PLACEMENT_3D('',#11270,#9183,#9184);
#7725=AXIS2_PLACEMENT_3D('',#11271,#9185,#9186);
#7726=AXIS2_PLACEMENT_3D('',#11272,#9187,#9188);
#7727=AXIS2_PLACEMENT_3D('',#11276,#9190,#9191);
#7728=AXIS2_PLACEMENT_3D('',#11278,#9193,#9194);
#7729=AXIS2_PLACEMENT_3D('',#11282,#9197,#9198);
#7730=AXIS2_PLACEMENT_3D('',#11284,#9199,#9200);
#7731=AXIS2_PLACEMENT_3D('',#11286,#9202,#9203);
#7732=AXIS2_PLACEMENT_3D('',#11290,#9206,#9207);
#7733=AXIS2_PLACEMENT_3D('',#11294,#9210,#9211);
#7734=AXIS2_PLACEMENT_3D('',#11298,#9214,#9215);
#7735=AXIS2_PLACEMENT_3D('',#11300,#9216,#9217);
#7736=AXIS2_PLACEMENT_3D('',#11302,#9219,#9220);
#7737=AXIS2_PLACEMENT_3D('',#11306,#9223,#9224);
#7738=AXIS2_PLACEMENT_3D('',#11308,#9225,#9226);
#7739=AXIS2_PLACEMENT_3D('',#11310,#9228,#9229);
#7740=AXIS2_PLACEMENT_3D('',#11314,#9232,#9233);
#7741=AXIS2_PLACEMENT_3D('',#11318,#9236,#9237);
#7742=AXIS2_PLACEMENT_3D('',#11320,#9238,#9239);
#7743=AXIS2_PLACEMENT_3D('',#11322,#9241,#9242);
#7744=AXIS2_PLACEMENT_3D('',#11326,#9245,#9246);
#7745=AXIS2_PLACEMENT_3D('',#11330,#9249,#9250);
#7746=AXIS2_PLACEMENT_3D('',#11332,#9251,#9252);
#7747=AXIS2_PLACEMENT_3D('',#11334,#9254,#9255);
#7748=AXIS2_PLACEMENT_3D('',#11338,#9258,#9259);
#7749=AXIS2_PLACEMENT_3D('',#11340,#9260,#9261);
#7750=AXIS2_PLACEMENT_3D('',#11342,#9263,#9264);
#7751=AXIS2_PLACEMENT_3D('',#11346,#9267,#9268);
#7752=AXIS2_PLACEMENT_3D('',#11350,#9271,#9272);
#7753=AXIS2_PLACEMENT_3D('',#11354,#9275,#9276);
#7754=AXIS2_PLACEMENT_3D('',#11358,#9279,#9280);
#7755=AXIS2_PLACEMENT_3D('',#11362,#9283,#9284);
#7756=AXIS2_PLACEMENT_3D('',#11366,#9287,#9288);
#7757=AXIS2_PLACEMENT_3D('',#11370,#9291,#9292);
#7758=AXIS2_PLACEMENT_3D('',#11374,#9295,#9296);
#7759=AXIS2_PLACEMENT_3D('',#11378,#9299,#9300);
#7760=AXIS2_PLACEMENT_3D('',#11382,#9303,#9304);
#7761=AXIS2_PLACEMENT_3D('',#11384,#9305,#9306);
#7762=AXIS2_PLACEMENT_3D('',#11386,#9308,#9309);
#7763=AXIS2_PLACEMENT_3D('',#11390,#9312,#9313);
#7764=AXIS2_PLACEMENT_3D('',#11394,#9316,#9317);
#7765=AXIS2_PLACEMENT_3D('',#11396,#9318,#9319);
#7766=AXIS2_PLACEMENT_3D('',#11398,#9321,#9322);
#7767=AXIS2_PLACEMENT_3D('',#11402,#9325,#9326);
#7768=AXIS2_PLACEMENT_3D('',#11404,#9327,#9328);
#7769=AXIS2_PLACEMENT_3D('',#11406,#9330,#9331);
#7770=AXIS2_PLACEMENT_3D('',#11410,#9334,#9335);
#7771=AXIS2_PLACEMENT_3D('',#11414,#9338,#9339);
#7772=AXIS2_PLACEMENT_3D('',#11418,#9342,#9343);
#7773=AXIS2_PLACEMENT_3D('',#11420,#9344,#9345);
#7774=AXIS2_PLACEMENT_3D('',#11422,#9347,#9348);
#7775=AXIS2_PLACEMENT_3D('',#11426,#9351,#9352);
#7776=AXIS2_PLACEMENT_3D('',#11428,#9353,#9354);
#7777=AXIS2_PLACEMENT_3D('',#11430,#9356,#9357);
#7778=AXIS2_PLACEMENT_3D('',#11434,#9360,#9361);
#7779=AXIS2_PLACEMENT_3D('',#11438,#9364,#9365);
#7780=AXIS2_PLACEMENT_3D('',#11440,#9366,#9367);
#7781=AXIS2_PLACEMENT_3D('',#11442,#9369,#9370);
#7782=AXIS2_PLACEMENT_3D('',#11446,#9373,#9374);
#7783=AXIS2_PLACEMENT_3D('',#11450,#9377,#9378);
#7784=AXIS2_PLACEMENT_3D('',#11452,#9379,#9380);
#7785=AXIS2_PLACEMENT_3D('',#11454,#9382,#9383);
#7786=AXIS2_PLACEMENT_3D('',#11458,#9386,#9387);
#7787=AXIS2_PLACEMENT_3D('',#11460,#9388,#9389);
#7788=AXIS2_PLACEMENT_3D('',#11462,#9391,#9392);
#7789=AXIS2_PLACEMENT_3D('',#11464,#9393,#9394);
#7790=AXIS2_PLACEMENT_3D('',#11466,#9396,#9397);
#7791=AXIS2_PLACEMENT_3D('',#11470,#9400,#9401);
#7792=AXIS2_PLACEMENT_3D('',#11472,#9402,#9403);
#7793=AXIS2_PLACEMENT_3D('',#11474,#9405,#9406);
#7794=AXIS2_PLACEMENT_3D('',#11478,#9409,#9410);
#7795=AXIS2_PLACEMENT_3D('',#11482,#9413,#9414);
#7796=AXIS2_PLACEMENT_3D('',#11484,#9415,#9416);
#7797=AXIS2_PLACEMENT_3D('',#11486,#9418,#9419);
#7798=AXIS2_PLACEMENT_3D('',#11490,#9422,#9423);
#7799=AXIS2_PLACEMENT_3D('',#11494,#9426,#9427);
#7800=AXIS2_PLACEMENT_3D('',#11496,#9428,#9429);
#7801=AXIS2_PLACEMENT_3D('',#11498,#9431,#9432);
#7802=AXIS2_PLACEMENT_3D('',#11502,#9435,#9436);
#7803=AXIS2_PLACEMENT_3D('',#11506,#9439,#9440);
#7804=AXIS2_PLACEMENT_3D('',#11508,#9441,#9442);
#7805=AXIS2_PLACEMENT_3D('',#11510,#9444,#9445);
#7806=AXIS2_PLACEMENT_3D('',#11514,#9448,#9449);
#7807=AXIS2_PLACEMENT_3D('',#11518,#9452,#9453);
#7808=AXIS2_PLACEMENT_3D('',#11520,#9455,#9456);
#7809=AXIS2_PLACEMENT_3D('',#11521,#9457,#9458);
#7810=AXIS2_PLACEMENT_3D('',#11524,#9459,#9460);
#7811=AXIS2_PLACEMENT_3D('',#11530,#9464,#9465);
#7812=AXIS2_PLACEMENT_3D('',#11548,#9474,#9475);
#7813=AXIS2_PLACEMENT_3D('',#11551,#9477,#9478);
#7814=AXIS2_PLACEMENT_3D('',#11553,#9479,#9480);
#7815=AXIS2_PLACEMENT_3D('',#11555,#9481,#9482);
#7816=AXIS2_PLACEMENT_3D('',#11557,#9483,#9484);
#7817=AXIS2_PLACEMENT_3D('',#11559,#9485,#9486);
#7818=AXIS2_PLACEMENT_3D('',#11560,#9487,#9488);
#7819=AXIS2_PLACEMENT_3D('',#11563,#9490,#9491);
#7820=AXIS2_PLACEMENT_3D('',#11564,#9492,#9493);
#7821=AXIS2_PLACEMENT_3D('',#11566,#9494,#9495);
#7822=AXIS2_PLACEMENT_3D('',#11570,#9497,#9498);
#7823=AXIS2_PLACEMENT_3D('',#11585,#9506,#9507);
#7824=AXIS2_PLACEMENT_3D('',#11587,#9508,#9509);
#7825=AXIS2_PLACEMENT_3D('',#11589,#9510,#9511);
#7826=AXIS2_PLACEMENT_3D('',#11591,#9512,#9513);
#7827=AXIS2_PLACEMENT_3D('',#11592,#9514,#9515);
#7828=AXIS2_PLACEMENT_3D('',#11593,#9516,#9517);
#7829=AXIS2_PLACEMENT_3D('',#11594,#9518,#9519);
#7830=AXIS2_PLACEMENT_3D('',#11595,#9520,#9521);
#7831=AXIS2_PLACEMENT_3D('',#11598,#9523,#9524);
#7832=AXIS2_PLACEMENT_3D('',#11599,#9525,#9526);
#7833=AXIS2_PLACEMENT_3D('',#11600,#9527,#9528);
#7834=AXIS2_PLACEMENT_3D('',#11603,#9530,#9531);
#7835=AXIS2_PLACEMENT_3D('',#11604,#9532,#9533);
#7836=AXIS2_PLACEMENT_3D('',#11606,#9535,#9536);
#7837=AXIS2_PLACEMENT_3D('',#11607,#9537,#9538);
#7838=AXIS2_PLACEMENT_3D('',#11609,#9540,#9541);
#7839=AXIS2_PLACEMENT_3D('',#11612,#9543,#9544);
#7840=AXIS2_PLACEMENT_3D('',#11613,#9545,#9546);
#7841=AXIS2_PLACEMENT_3D('',#11614,#9547,#9548);
#7842=AXIS2_PLACEMENT_3D('',#11615,#9549,#9550);
#7843=AXIS2_PLACEMENT_3D('',#11616,#9551,#9552);
#7844=AXIS2_PLACEMENT_3D('',#11617,#9553,#9554);
#7845=AXIS2_PLACEMENT_3D('',#11620,#9556,#9557);
#7846=AXIS2_PLACEMENT_3D('',#11622,#9559,#9560);
#7847=AXIS2_PLACEMENT_3D('',#11624,#9562,#9563);
#7848=AXIS2_PLACEMENT_3D('',#11626,#9565,#9566);
#7849=AXIS2_PLACEMENT_3D('',#11628,#9568,#9569);
#7850=AXIS2_PLACEMENT_3D('',#11630,#9571,#9572);
#7851=AXIS2_PLACEMENT_3D('',#11632,#9574,#9575);
#7852=AXIS2_PLACEMENT_3D('',#11634,#9577,#9578);
#7853=AXIS2_PLACEMENT_3D('',#11635,#9579,#9580);
#7854=AXIS2_PLACEMENT_3D('',#11642,#9581,#9582);
#7855=AXIS2_PLACEMENT_3D('',#11649,#9584,#9585);
#7856=AXIS2_PLACEMENT_3D('',#11650,#9586,#9587);
#7857=AXIS2_PLACEMENT_3D('',#11651,#9588,#9589);
#7858=AXIS2_PLACEMENT_3D('',#11751,#9638,#9639);
#7859=AXIS2_PLACEMENT_3D('',#11754,#9641,#9642);
#7860=AXIS2_PLACEMENT_3D('',#11755,#9643,#9644);
#7861=AXIS2_PLACEMENT_3D('',#11758,#9646,#9647);
#7862=AXIS2_PLACEMENT_3D('',#11763,#9648,#9649);
#7863=AXIS2_PLACEMENT_3D('',#11766,#9651,#9652);
#7864=AXIS2_PLACEMENT_3D('',#11767,#9653,#9654);
#7865=AXIS2_PLACEMENT_3D('',#11770,#9656,#9657);
#7866=AXIS2_PLACEMENT_3D('',#11776,#9661,#9662);
#7867=AXIS2_PLACEMENT_3D('',#11778,#9664,#9665);
#7868=AXIS2_PLACEMENT_3D('',#11780,#9667,#9668);
#7869=AXIS2_PLACEMENT_3D('',#11781,#9669,#9670);
#7870=AXIS2_PLACEMENT_3D('',#11787,#9674,#9675);
#7871=AXIS2_PLACEMENT_3D('',#11789,#9677,#9678);
#7872=AXIS2_PLACEMENT_3D('',#11791,#9680,#9681);
#7873=AXIS2_PLACEMENT_3D('',#11792,#9682,#9683);
#7874=AXIS2_PLACEMENT_3D('',#11798,#9687,#9688);
#7875=AXIS2_PLACEMENT_3D('',#11800,#9690,#9691);
#7876=AXIS2_PLACEMENT_3D('',#11802,#9693,#9694);
#7877=AXIS2_PLACEMENT_3D('',#11803,#9695,#9696);
#7878=AXIS2_PLACEMENT_3D('',#11809,#9700,#9701);
#7879=AXIS2_PLACEMENT_3D('',#11811,#9703,#9704);
#7880=AXIS2_PLACEMENT_3D('',#11813,#9706,#9707);
#7881=AXIS2_PLACEMENT_3D('',#11814,#9708,#9709);
#7882=AXIS2_PLACEMENT_3D('',#11820,#9713,#9714);
#7883=AXIS2_PLACEMENT_3D('',#11822,#9716,#9717);
#7884=AXIS2_PLACEMENT_3D('',#11824,#9719,#9720);
#7885=AXIS2_PLACEMENT_3D('',#11825,#9721,#9722);
#7886=AXIS2_PLACEMENT_3D('',#11831,#9726,#9727);
#7887=AXIS2_PLACEMENT_3D('',#11833,#9729,#9730);
#7888=AXIS2_PLACEMENT_3D('',#11835,#9732,#9733);
#7889=AXIS2_PLACEMENT_3D('',#11836,#9734,#9735);
#7890=AXIS2_PLACEMENT_3D('',#11842,#9739,#9740);
#7891=AXIS2_PLACEMENT_3D('',#11844,#9742,#9743);
#7892=AXIS2_PLACEMENT_3D('',#11846,#9745,#9746);
#7893=AXIS2_PLACEMENT_3D('',#11847,#9747,#9748);
#7894=AXIS2_PLACEMENT_3D('',#11853,#9752,#9753);
#7895=AXIS2_PLACEMENT_3D('',#11855,#9755,#9756);
#7896=AXIS2_PLACEMENT_3D('',#11857,#9758,#9759);
#7897=AXIS2_PLACEMENT_3D('',#11858,#9760,#9761);
#7898=AXIS2_PLACEMENT_3D('',#11864,#9765,#9766);
#7899=AXIS2_PLACEMENT_3D('',#11866,#9768,#9769);
#7900=AXIS2_PLACEMENT_3D('',#11868,#9771,#9772);
#7901=AXIS2_PLACEMENT_3D('',#11869,#9773,#9774);
#7902=AXIS2_PLACEMENT_3D('',#11875,#9778,#9779);
#7903=AXIS2_PLACEMENT_3D('',#11877,#9781,#9782);
#7904=AXIS2_PLACEMENT_3D('',#11879,#9784,#9785);
#7905=AXIS2_PLACEMENT_3D('',#11880,#9786,#9787);
#7906=AXIS2_PLACEMENT_3D('',#11886,#9791,#9792);
#7907=AXIS2_PLACEMENT_3D('',#11890,#9795,#9796);
#7908=AXIS2_PLACEMENT_3D('',#11894,#9799,#9800);
#7909=AXIS2_PLACEMENT_3D('',#11898,#9803,#9804);
#7910=AXIS2_PLACEMENT_3D('',#11900,#9806,#9807);
#7911=AXIS2_PLACEMENT_3D('',#11904,#9810,#9811);
#7912=AXIS2_PLACEMENT_3D('',#11906,#9813,#9814);
#7913=AXIS2_PLACEMENT_3D('',#11907,#9815,#9816);
#7914=AXIS2_PLACEMENT_3D('',#11939,#9817,#9818);
#7915=AXIS2_PLACEMENT_3D('',#11946,#9820,#9821);
#7916=AXIS2_PLACEMENT_3D('',#11950,#9822,#9823);
#7917=AXIS2_PLACEMENT_3D('',#11954,#9825,#9826);
#7918=AXIS2_PLACEMENT_3D('',#11956,#9828,#9829);
#7919=AXIS2_PLACEMENT_3D('',#11982,#9841,#9842);
#7920=AXIS2_PLACEMENT_3D('',#11984,#9843,#9844);
#7921=AXIS2_PLACEMENT_3D('',#11988,#9847,#9848);
#7922=AXIS2_PLACEMENT_3D('',#12015,#9850,#9851);
#7923=AXIS2_PLACEMENT_3D('',#12040,#9861,#9862);
#7924=AXIS2_PLACEMENT_3D('',#12044,#9865,#9866);
#7925=AXIS2_PLACEMENT_3D('',#12047,#9868,#9869);
#7926=AXIS2_PLACEMENT_3D('',#12050,#9871,#9872);
#7927=AXIS2_PLACEMENT_3D('',#12051,#9873,#9874);
#7928=AXIS2_PLACEMENT_3D('',#12052,#9875,#9876);
#7929=AXIS2_PLACEMENT_3D('',#12056,#9879,#9880);
#7930=AXIS2_PLACEMENT_3D('',#12059,#9882,#9883);
#7931=AXIS2_PLACEMENT_3D('',#12062,#9886,#9887);
#7932=AXIS2_PLACEMENT_3D('',#12066,#9890,#9891);
#7933=AXIS2_PLACEMENT_3D('',#12070,#9894,#9895);
#7934=AXIS2_PLACEMENT_3D('',#12072,#9897,#9898);
#7935=AXIS2_PLACEMENT_3D('',#12073,#9899,#9900);
#7936=AXIS2_PLACEMENT_3D('',#12075,#9902,#9903);
#7937=AXIS2_PLACEMENT_3D('',#12076,#9904,#9905);
#7938=AXIS2_PLACEMENT_3D('',#12078,#9907,#9908);
#7939=DIRECTION('axis',(0.,0.,1.));
#7940=DIRECTION('refdir',(1.,0.,0.));
#7941=DIRECTION('center_axis',(0.,1.,0.));
#7942=DIRECTION('ref_axis',(1.,0.,0.));
#7943=DIRECTION('center_axis',(0.,1.,0.));
#7944=DIRECTION('ref_axis',(1.,0.,0.));
#7945=DIRECTION('',(0.,1.,0.));
#7946=DIRECTION('center_axis',(0.,1.,0.));
#7947=DIRECTION('ref_axis',(1.,0.,0.));
#7948=DIRECTION('center_axis',(0.,-1.,0.));
#7949=DIRECTION('ref_axis',(1.,0.,0.));
#7950=DIRECTION('center_axis',(0.,1.,0.));
#7951=DIRECTION('ref_axis',(1.,0.,0.));
#7952=DIRECTION('center_axis',(0.,1.,0.));
#7953=DIRECTION('ref_axis',(1.,0.,0.));
#7954=DIRECTION('',(0.,1.,0.));
#7955=DIRECTION('center_axis',(0.,1.,0.));
#7956=DIRECTION('ref_axis',(1.,0.,0.));
#7957=DIRECTION('center_axis',(0.,-1.,0.));
#7958=DIRECTION('ref_axis',(1.,0.,0.));
#7959=DIRECTION('center_axis',(0.,1.,0.));
#7960=DIRECTION('ref_axis',(1.,0.,0.));
#7961=DIRECTION('center_axis',(0.,1.,0.));
#7962=DIRECTION('ref_axis',(1.,0.,0.));
#7963=DIRECTION('',(0.,1.,0.));
#7964=DIRECTION('center_axis',(0.,1.,0.));
#7965=DIRECTION('ref_axis',(1.,0.,0.));
#7966=DIRECTION('center_axis',(0.,-1.,0.));
#7967=DIRECTION('ref_axis',(1.,0.,0.));
#7968=DIRECTION('center_axis',(0.,1.,0.));
#7969=DIRECTION('ref_axis',(1.,0.,0.));
#7970=DIRECTION('center_axis',(0.,1.,0.));
#7971=DIRECTION('ref_axis',(1.,0.,0.));
#7972=DIRECTION('',(0.,1.,0.));
#7973=DIRECTION('center_axis',(0.,1.,0.));
#7974=DIRECTION('ref_axis',(1.,0.,0.));
#7975=DIRECTION('center_axis',(0.,-1.,0.));
#7976=DIRECTION('ref_axis',(1.,0.,0.));
#7977=DIRECTION('center_axis',(-1.,0.,0.));
#7978=DIRECTION('ref_axis',(0.,0.,-1.));
#7979=DIRECTION('',(0.,0.,1.));
#7980=DIRECTION('',(0.,-1.,0.));
#7981=DIRECTION('',(0.,0.,-1.));
#7982=DIRECTION('',(0.,-1.,0.));
#7983=DIRECTION('center_axis',(0.,-1.,0.));
#7984=DIRECTION('ref_axis',(1.,0.,0.));
#7985=DIRECTION('center_axis',(0.,-1.,0.));
#7986=DIRECTION('ref_axis',(1.,0.,0.));
#7987=DIRECTION('center_axis',(0.,1.,0.));
#7988=DIRECTION('ref_axis',(1.,0.,0.));
#7989=DIRECTION('',(0.,-1.,0.));
#7990=DIRECTION('center_axis',(3.68538763361048E-17,0.,-1.));
#7991=DIRECTION('ref_axis',(1.,0.,3.68538763361048E-17));
#7992=DIRECTION('',(-1.,0.,-3.68538763361048E-17));
#7993=DIRECTION('',(1.,0.,3.68538763361048E-17));
#7994=DIRECTION('',(0.,-1.,0.));
#7995=DIRECTION('center_axis',(0.,-1.,0.));
#7996=DIRECTION('ref_axis',(0.,0.,1.));
#7997=DIRECTION('center_axis',(0.,-1.,0.));
#7998=DIRECTION('ref_axis',(0.,0.,1.));
#7999=DIRECTION('center_axis',(0.,1.,0.));
#8000=DIRECTION('ref_axis',(0.,0.,1.));
#8001=DIRECTION('',(0.,-1.,0.));
#8002=DIRECTION('center_axis',(1.,0.,0.));
#8003=DIRECTION('ref_axis',(0.,0.,1.));
#8004=DIRECTION('',(0.,0.,-1.));
#8005=DIRECTION('',(0.,0.,1.));
#8006=DIRECTION('',(0.,-1.,0.));
#8007=DIRECTION('center_axis',(0.,-1.,0.));
#8008=DIRECTION('ref_axis',(-1.,0.,0.));
#8009=DIRECTION('center_axis',(0.,-1.,0.));
#8010=DIRECTION('ref_axis',(-1.,0.,0.));
#8011=DIRECTION('center_axis',(0.,1.,0.));
#8012=DIRECTION('ref_axis',(-1.,0.,0.));
#8013=DIRECTION('',(0.,-1.,0.));
#8014=DIRECTION('center_axis',(-3.68538763361048E-17,0.,1.));
#8015=DIRECTION('ref_axis',(-1.,0.,-3.68538763361048E-17));
#8016=DIRECTION('',(1.,0.,3.68538763361048E-17));
#8017=DIRECTION('',(-1.,0.,-3.68538763361048E-17));
#8018=DIRECTION('',(0.,-1.,0.));
#8019=DIRECTION('center_axis',(0.,-1.,0.));
#8020=DIRECTION('ref_axis',(0.,0.,-1.));
#8021=DIRECTION('center_axis',(0.,-1.,0.));
#8022=DIRECTION('ref_axis',(0.,0.,-1.));
#8023=DIRECTION('center_axis',(0.,1.,0.));
#8024=DIRECTION('ref_axis',(0.,0.,-1.));
#8025=DIRECTION('center_axis',(0.,-1.,0.));
#8026=DIRECTION('ref_axis',(1.,0.,0.));
#8027=DIRECTION('',(1.,0.,0.));
#8028=DIRECTION('center_axis',(0.,-1.,0.));
#8029=DIRECTION('ref_axis',(0.,0.,-1.));
#8030=DIRECTION('',(2.5019110414088E-16,0.,1.));
#8031=DIRECTION('center_axis',(0.,-1.,0.));
#8032=DIRECTION('ref_axis',(1.,0.,1.77635683940024E-15));
#8033=DIRECTION('',(-1.,0.,-1.09651656753102E-16));
#8034=DIRECTION('center_axis',(0.,-1.,0.));
#8035=DIRECTION('ref_axis',(7.105427357601E-15,0.,1.));
#8036=DIRECTION('',(0.,0.,-1.));
#8037=DIRECTION('center_axis',(0.,-1.,0.));
#8038=DIRECTION('ref_axis',(-1.,0.,0.));
#8039=DIRECTION('center_axis',(1.,0.,0.));
#8040=DIRECTION('ref_axis',(0.,0.,1.));
#8041=DIRECTION('',(0.,0.,-1.));
#8042=DIRECTION('',(0.,-1.,0.));
#8043=DIRECTION('',(0.,0.,1.));
#8044=DIRECTION('',(0.,-1.,0.));
#8045=DIRECTION('center_axis',(0.,0.,-1.));
#8046=DIRECTION('ref_axis',(1.,0.,0.));
#8047=DIRECTION('',(-1.,0.,0.));
#8048=DIRECTION('',(1.,0.,0.));
#8049=DIRECTION('',(0.,-1.,0.));
#8050=DIRECTION('center_axis',(1.,0.,0.));
#8051=DIRECTION('ref_axis',(0.,0.,1.));
#8052=DIRECTION('',(0.,0.,-1.));
#8053=DIRECTION('',(0.,0.,1.));
#8054=DIRECTION('',(0.,-1.,0.));
#8055=DIRECTION('center_axis',(0.,0.,1.));
#8056=DIRECTION('ref_axis',(-1.,0.,0.));
#8057=DIRECTION('',(1.,0.,0.));
#8058=DIRECTION('',(-1.,0.,0.));
#8059=DIRECTION('',(0.,-1.,0.));
#8060=DIRECTION('center_axis',(-1.,0.,0.));
#8061=DIRECTION('ref_axis',(0.,0.,-1.));
#8062=DIRECTION('',(0.,0.,1.));
#8063=DIRECTION('',(0.,0.,-1.));
#8064=DIRECTION('',(0.,-1.,0.));
#8065=DIRECTION('center_axis',(0.,0.,-1.));
#8066=DIRECTION('ref_axis',(1.,0.,0.));
#8067=DIRECTION('',(-1.,0.,0.));
#8068=DIRECTION('',(1.,0.,0.));
#8069=DIRECTION('',(0.,-1.,0.));
#8070=DIRECTION('center_axis',(-1.,0.,0.));
#8071=DIRECTION('ref_axis',(0.,0.,-1.));
#8072=DIRECTION('',(0.,0.,1.));
#8073=DIRECTION('',(0.,0.,-1.));
#8074=DIRECTION('',(0.,-1.,0.));
#8075=DIRECTION('center_axis',(-0.707106781186548,0.,-0.707106781186548));
#8076=DIRECTION('ref_axis',(0.707106781186548,0.,-0.707106781186548));
#8077=DIRECTION('',(-0.707106781186548,0.,0.707106781186548));
#8078=DIRECTION('',(0.707106781186548,0.,-0.707106781186548));
#8079=DIRECTION('',(0.,-1.,0.));
#8080=DIRECTION('center_axis',(0.,0.,-1.));
#8081=DIRECTION('ref_axis',(1.,0.,0.));
#8082=DIRECTION('',(-1.,0.,0.));
#8083=DIRECTION('',(1.,0.,0.));
#8084=DIRECTION('',(0.,-1.,0.));
#8085=DIRECTION('center_axis',(0.707106781186546,0.,-0.707106781186549));
#8086=DIRECTION('ref_axis',(0.707106781186549,0.,0.707106781186546));
#8087=DIRECTION('',(-0.707106781186549,0.,-0.707106781186546));
#8088=DIRECTION('',(0.707106781186549,0.,0.707106781186546));
#8089=DIRECTION('center_axis',(0.,0.,-1.));
#8090=DIRECTION('ref_axis',(1.,0.,0.));
#8091=DIRECTION('',(-1.,0.,0.));
#8092=DIRECTION('',(0.,-1.,0.));
#8093=DIRECTION('',(0.,-1.,0.));
#8094=DIRECTION('center_axis',(0.,-1.,0.));
#8095=DIRECTION('ref_axis',(0.,0.,-1.));
#8096=DIRECTION('center_axis',(0.,1.,0.));
#8097=DIRECTION('ref_axis',(0.,0.,-1.));
#8098=DIRECTION('',(0.,-1.,0.));
#8099=DIRECTION('center_axis',(-1.,0.,0.));
#8100=DIRECTION('ref_axis',(0.,0.,-1.));
#8101=DIRECTION('',(0.,0.,1.));
#8102=DIRECTION('',(0.,-1.,0.));
#8103=DIRECTION('center_axis',(0.,-1.,0.));
#8104=DIRECTION('ref_axis',(-1.,0.,0.));
#8105=DIRECTION('center_axis',(0.,1.,0.));
#8106=DIRECTION('ref_axis',(-1.,0.,0.));
#8107=DIRECTION('',(0.,-1.,0.));
#8108=DIRECTION('center_axis',(-3.6550552251034E-17,0.,1.));
#8109=DIRECTION('ref_axis',(-1.,0.,-3.6550552251034E-17));
#8110=DIRECTION('',(1.,0.,3.6550552251034E-17));
#8111=DIRECTION('',(0.,-1.,0.));
#8112=DIRECTION('center_axis',(0.,-1.,0.));
#8113=DIRECTION('ref_axis',(0.,0.,1.));
#8114=DIRECTION('center_axis',(0.,1.,0.));
#8115=DIRECTION('ref_axis',(0.,0.,1.));
#8116=DIRECTION('',(0.,-1.,0.));
#8117=DIRECTION('center_axis',(1.,0.,-1.2509555207044E-16));
#8118=DIRECTION('ref_axis',(1.2509555207044E-16,0.,1.));
#8119=DIRECTION('',(-1.2509555207044E-16,0.,-1.));
#8120=DIRECTION('',(0.,-1.,0.));
#8121=DIRECTION('center_axis',(0.,-1.,0.));
#8122=DIRECTION('ref_axis',(1.,0.,0.));
#8123=DIRECTION('center_axis',(0.,1.,0.));
#8124=DIRECTION('ref_axis',(1.,0.,0.));
#8125=DIRECTION('center_axis',(0.,1.,0.));
#8126=DIRECTION('ref_axis',(-1.,0.,0.));
#8127=DIRECTION('center_axis',(0.,1.,0.));
#8128=DIRECTION('ref_axis',(-1.,0.,0.));
#8129=DIRECTION('center_axis',(1.,0.,0.));
#8130=DIRECTION('ref_axis',(0.,0.,1.));
#8131=DIRECTION('',(0.,0.,1.));
#8132=DIRECTION('',(0.,-1.,0.));
#8133=DIRECTION('',(0.,0.,1.));
#8134=DIRECTION('',(0.,-1.,0.));
#8135=DIRECTION('center_axis',(0.,0.,1.));
#8136=DIRECTION('ref_axis',(-1.,0.,0.));
#8137=DIRECTION('',(-1.,0.,0.));
#8138=DIRECTION('',(-1.,0.,0.));
#8139=DIRECTION('',(0.,-1.,0.));
#8140=DIRECTION('center_axis',(-1.,0.,0.));
#8141=DIRECTION('ref_axis',(0.,0.,-1.));
#8142=DIRECTION('',(0.,0.,-1.));
#8143=DIRECTION('',(0.,0.,-1.));
#8144=DIRECTION('',(0.,-1.,0.));
#8145=DIRECTION('center_axis',(0.,0.,-1.));
#8146=DIRECTION('ref_axis',(1.,0.,0.));
#8147=DIRECTION('',(1.,0.,0.));
#8148=DIRECTION('',(1.,0.,0.));
#8149=DIRECTION('center_axis',(0.,-1.,0.));
#8150=DIRECTION('ref_axis',(1.,0.,0.));
#8151=DIRECTION('center_axis',(0.,1.,0.));
#8152=DIRECTION('ref_axis',(1.,0.,0.));
#8153=DIRECTION('',(0.,1.,0.));
#8154=DIRECTION('center_axis',(0.,1.,0.));
#8155=DIRECTION('ref_axis',(1.,0.,0.));
#8156=DIRECTION('center_axis',(0.,0.,1.));
#8157=DIRECTION('ref_axis',(-1.,0.,0.));
#8158=DIRECTION('',(-1.,0.,0.));
#8159=DIRECTION('',(0.,-1.,0.));
#8160=DIRECTION('',(-1.,0.,0.));
#8161=DIRECTION('',(0.,-1.,0.));
#8162=DIRECTION('center_axis',(-1.,0.,0.));
#8163=DIRECTION('ref_axis',(0.,0.,-1.));
#8164=DIRECTION('',(0.,0.,-1.));
#8165=DIRECTION('',(0.,0.,-1.));
#8166=DIRECTION('',(0.,-1.,0.));
#8167=DIRECTION('center_axis',(0.,0.,-1.));
#8168=DIRECTION('ref_axis',(1.,0.,0.));
#8169=DIRECTION('',(1.,0.,0.));
#8170=DIRECTION('',(1.,0.,0.));
#8171=DIRECTION('',(0.,-1.,0.));
#8172=DIRECTION('center_axis',(1.,0.,0.));
#8173=DIRECTION('ref_axis',(0.,0.,1.));
#8174=DIRECTION('',(0.,0.,1.));
#8175=DIRECTION('',(0.,0.,1.));
#8176=DIRECTION('center_axis',(1.,0.,0.));
#8177=DIRECTION('ref_axis',(0.,0.,1.));
#8178=DIRECTION('',(0.,0.,1.));
#8179=DIRECTION('',(0.,-1.,0.));
#8180=DIRECTION('',(0.,0.,1.));
#8181=DIRECTION('',(0.,-1.,0.));
#8182=DIRECTION('center_axis',(0.,0.,1.));
#8183=DIRECTION('ref_axis',(-1.,0.,0.));
#8184=DIRECTION('',(-1.,0.,0.));
#8185=DIRECTION('',(-1.,0.,0.));
#8186=DIRECTION('',(0.,-1.,0.));
#8187=DIRECTION('center_axis',(-1.,0.,0.));
#8188=DIRECTION('ref_axis',(0.,0.,-1.));
#8189=DIRECTION('',(0.,0.,-1.));
#8190=DIRECTION('',(0.,0.,-1.));
#8191=DIRECTION('',(0.,-1.,0.));
#8192=DIRECTION('center_axis',(0.,0.,-1.));
#8193=DIRECTION('ref_axis',(1.,0.,0.));
#8194=DIRECTION('',(1.,0.,0.));
#8195=DIRECTION('',(1.,0.,0.));
#8196=DIRECTION('center_axis',(0.,0.,-1.));
#8197=DIRECTION('ref_axis',(1.,0.,0.));
#8198=DIRECTION('',(1.,0.,0.));
#8199=DIRECTION('',(0.,-1.,0.));
#8200=DIRECTION('',(1.,0.,0.));
#8201=DIRECTION('',(0.,-1.,0.));
#8202=DIRECTION('center_axis',(1.,0.,0.));
#8203=DIRECTION('ref_axis',(0.,0.,1.));
#8204=DIRECTION('',(0.,0.,1.));
#8205=DIRECTION('',(0.,0.,1.));
#8206=DIRECTION('',(0.,-1.,0.));
#8207=DIRECTION('center_axis',(0.,0.,1.));
#8208=DIRECTION('ref_axis',(-1.,0.,0.));
#8209=DIRECTION('',(-1.,0.,0.));
#8210=DIRECTION('',(-1.,0.,0.));
#8211=DIRECTION('',(0.,-1.,0.));
#8212=DIRECTION('center_axis',(1.,0.,0.));
#8213=DIRECTION('ref_axis',(0.,0.,1.));
#8214=DIRECTION('',(0.,0.,1.));
#8215=DIRECTION('',(0.,0.,1.));
#8216=DIRECTION('',(0.,-1.,0.));
#8217=DIRECTION('center_axis',(0.,0.,1.));
#8218=DIRECTION('ref_axis',(-1.,0.,0.));
#8219=DIRECTION('',(-1.,0.,0.));
#8220=DIRECTION('',(-1.,0.,0.));
#8221=DIRECTION('',(0.,-1.,0.));
#8222=DIRECTION('center_axis',(-1.,0.,0.));
#8223=DIRECTION('ref_axis',(0.,0.,-1.));
#8224=DIRECTION('',(0.,0.,-1.));
#8225=DIRECTION('',(0.,0.,-1.));
#8226=DIRECTION('',(0.,-1.,0.));
#8227=DIRECTION('center_axis',(0.,0.,1.));
#8228=DIRECTION('ref_axis',(-1.,0.,0.));
#8229=DIRECTION('',(-1.,0.,0.));
#8230=DIRECTION('',(-1.,0.,0.));
#8231=DIRECTION('',(0.,-1.,0.));
#8232=DIRECTION('center_axis',(-1.,0.,0.));
#8233=DIRECTION('ref_axis',(0.,0.,-1.));
#8234=DIRECTION('',(0.,0.,-1.));
#8235=DIRECTION('',(0.,0.,-1.));
#8236=DIRECTION('center_axis',(1.,0.,0.));
#8237=DIRECTION('ref_axis',(0.,0.,1.));
#8238=DIRECTION('',(0.,0.,1.));
#8239=DIRECTION('',(0.,-1.,0.));
#8240=DIRECTION('',(0.,0.,1.));
#8241=DIRECTION('',(0.,-1.,0.));
#8242=DIRECTION('center_axis',(0.,0.,1.));
#8243=DIRECTION('ref_axis',(-1.,0.,0.));
#8244=DIRECTION('',(-1.,0.,0.));
#8245=DIRECTION('',(-1.,0.,0.));
#8246=DIRECTION('',(0.,-1.,0.));
#8247=DIRECTION('center_axis',(-1.,0.,0.));
#8248=DIRECTION('ref_axis',(0.,0.,-1.));
#8249=DIRECTION('',(0.,0.,-1.));
#8250=DIRECTION('',(0.,0.,-1.));
#8251=DIRECTION('',(0.,-1.,0.));
#8252=DIRECTION('center_axis',(0.,0.,1.));
#8253=DIRECTION('ref_axis',(-1.,0.,0.));
#8254=DIRECTION('',(-1.,0.,0.));
#8255=DIRECTION('',(-1.,0.,0.));
#8256=DIRECTION('',(0.,-1.,0.));
#8257=DIRECTION('center_axis',(-1.,0.,0.));
#8258=DIRECTION('ref_axis',(0.,0.,-1.));
#8259=DIRECTION('',(0.,0.,-1.));
#8260=DIRECTION('',(0.,0.,-1.));
#8261=DIRECTION('',(0.,-1.,0.));
#8262=DIRECTION('center_axis',(0.,0.,-1.));
#8263=DIRECTION('ref_axis',(1.,0.,0.));
#8264=DIRECTION('',(1.,0.,0.));
#8265=DIRECTION('',(1.,0.,0.));
#8266=DIRECTION('',(0.,-1.,0.));
#8267=DIRECTION('center_axis',(1.,0.,0.));
#8268=DIRECTION('ref_axis',(0.,0.,1.));
#8269=DIRECTION('',(0.,0.,1.));
#8270=DIRECTION('',(0.,0.,1.));
#8271=DIRECTION('',(0.,-1.,0.));
#8272=DIRECTION('center_axis',(0.,0.,-1.));
#8273=DIRECTION('ref_axis',(1.,0.,0.));
#8274=DIRECTION('',(1.,0.,0.));
#8275=DIRECTION('',(1.,0.,0.));
#8276=DIRECTION('center_axis',(1.,0.,0.));
#8277=DIRECTION('ref_axis',(0.,0.,1.));
#8278=DIRECTION('',(0.,0.,1.));
#8279=DIRECTION('',(0.,-1.,0.));
#8280=DIRECTION('',(0.,0.,1.));
#8281=DIRECTION('',(0.,-1.,0.));
#8282=DIRECTION('center_axis',(0.,0.,1.));
#8283=DIRECTION('ref_axis',(-1.,0.,0.));
#8284=DIRECTION('',(-1.,0.,0.));
#8285=DIRECTION('',(-1.,0.,0.));
#8286=DIRECTION('',(0.,-1.,0.));
#8287=DIRECTION('center_axis',(-1.,0.,0.));
#8288=DIRECTION('ref_axis',(0.,0.,-1.));
#8289=DIRECTION('',(0.,0.,-1.));
#8290=DIRECTION('',(0.,0.,-1.));
#8291=DIRECTION('',(0.,-1.,0.));
#8292=DIRECTION('center_axis',(0.,0.,-1.));
#8293=DIRECTION('ref_axis',(1.,0.,0.));
#8294=DIRECTION('',(1.,0.,0.));
#8295=DIRECTION('',(1.,0.,0.));
#8296=DIRECTION('center_axis',(1.,0.,0.));
#8297=DIRECTION('ref_axis',(0.,0.,1.));
#8298=DIRECTION('',(0.,0.,1.));
#8299=DIRECTION('',(0.,-1.,0.));
#8300=DIRECTION('',(0.,0.,1.));
#8301=DIRECTION('',(0.,-1.,0.));
#8302=DIRECTION('center_axis',(0.,0.,1.));
#8303=DIRECTION('ref_axis',(-1.,0.,0.));
#8304=DIRECTION('',(-1.,0.,0.));
#8305=DIRECTION('',(-1.,0.,0.));
#8306=DIRECTION('',(0.,-1.,0.));
#8307=DIRECTION('center_axis',(-1.,0.,0.));
#8308=DIRECTION('ref_axis',(0.,0.,-1.));
#8309=DIRECTION('',(0.,0.,-1.));
#8310=DIRECTION('',(0.,0.,-1.));
#8311=DIRECTION('',(0.,-1.,0.));
#8312=DIRECTION('center_axis',(0.,0.,-1.));
#8313=DIRECTION('ref_axis',(1.,0.,0.));
#8314=DIRECTION('',(1.,0.,0.));
#8315=DIRECTION('',(1.,0.,0.));
#8316=DIRECTION('center_axis',(0.,0.,1.));
#8317=DIRECTION('ref_axis',(-1.,0.,0.));
#8318=DIRECTION('',(-1.,0.,0.));
#8319=DIRECTION('',(0.,-1.,0.));
#8320=DIRECTION('',(-1.,0.,0.));
#8321=DIRECTION('',(0.,-1.,0.));
#8322=DIRECTION('center_axis',(-1.,0.,0.));
#8323=DIRECTION('ref_axis',(0.,0.,-1.));
#8324=DIRECTION('',(0.,0.,-1.));
#8325=DIRECTION('',(0.,0.,-1.));
#8326=DIRECTION('',(0.,-1.,0.));
#8327=DIRECTION('center_axis',(0.,0.,-1.));
#8328=DIRECTION('ref_axis',(1.,0.,0.));
#8329=DIRECTION('',(1.,0.,0.));
#8330=DIRECTION('',(1.,0.,0.));
#8331=DIRECTION('',(0.,-1.,0.));
#8332=DIRECTION('center_axis',(1.,0.,0.));
#8333=DIRECTION('ref_axis',(0.,0.,1.));
#8334=DIRECTION('',(0.,0.,1.));
#8335=DIRECTION('',(0.,0.,1.));
#8336=DIRECTION('center_axis',(1.,0.,0.));
#8337=DIRECTION('ref_axis',(0.,0.,1.));
#8338=DIRECTION('',(0.,0.,1.));
#8339=DIRECTION('',(0.,-1.,0.));
#8340=DIRECTION('',(0.,0.,1.));
#8341=DIRECTION('',(0.,-1.,0.));
#8342=DIRECTION('center_axis',(0.,0.,1.));
#8343=DIRECTION('ref_axis',(-1.,0.,0.));
#8344=DIRECTION('',(-1.,0.,0.));
#8345=DIRECTION('',(-1.,0.,0.));
#8346=DIRECTION('',(0.,-1.,0.));
#8347=DIRECTION('center_axis',(-1.,0.,0.));
#8348=DIRECTION('ref_axis',(0.,0.,-1.));
#8349=DIRECTION('',(0.,0.,-1.));
#8350=DIRECTION('',(0.,0.,-1.));
#8351=DIRECTION('',(0.,-1.,0.));
#8352=DIRECTION('center_axis',(0.,0.,-1.));
#8353=DIRECTION('ref_axis',(1.,0.,0.));
#8354=DIRECTION('',(1.,0.,0.));
#8355=DIRECTION('',(1.,0.,0.));
#8356=DIRECTION('center_axis',(0.,-1.,0.));
#8357=DIRECTION('ref_axis',(1.,0.,0.));
#8358=DIRECTION('center_axis',(0.,1.,0.));
#8359=DIRECTION('ref_axis',(1.,0.,0.));
#8360=DIRECTION('',(0.,1.,0.));
#8361=DIRECTION('center_axis',(0.,1.,0.));
#8362=DIRECTION('ref_axis',(1.,0.,0.));
#8363=DIRECTION('center_axis',(0.,-1.,0.));
#8364=DIRECTION('ref_axis',(1.,0.,0.));
#8365=DIRECTION('center_axis',(0.,1.,0.));
#8366=DIRECTION('ref_axis',(1.,0.,0.));
#8367=DIRECTION('',(0.,1.,0.));
#8368=DIRECTION('center_axis',(0.,1.,0.));
#8369=DIRECTION('ref_axis',(1.,0.,0.));
#8370=DIRECTION('center_axis',(0.,0.,-1.));
#8371=DIRECTION('ref_axis',(1.,0.,0.));
#8372=DIRECTION('',(1.,0.,0.));
#8373=DIRECTION('',(0.,-1.,0.));
#8374=DIRECTION('',(1.,0.,0.));
#8375=DIRECTION('',(0.,-1.,0.));
#8376=DIRECTION('center_axis',(1.,0.,0.));
#8377=DIRECTION('ref_axis',(0.,0.,1.));
#8378=DIRECTION('',(0.,0.,1.));
#8379=DIRECTION('',(0.,0.,1.));
#8380=DIRECTION('',(0.,-1.,0.));
#8381=DIRECTION('center_axis',(0.,0.,1.));
#8382=DIRECTION('ref_axis',(-1.,0.,0.));
#8383=DIRECTION('',(-1.,0.,0.));
#8384=DIRECTION('',(-1.,0.,0.));
#8385=DIRECTION('',(0.,-1.,0.));
#8386=DIRECTION('center_axis',(-1.,0.,0.));
#8387=DIRECTION('ref_axis',(0.,0.,-1.));
#8388=DIRECTION('',(0.,0.,-1.));
#8389=DIRECTION('',(0.,0.,-1.));
#8390=DIRECTION('center_axis',(0.,-1.,0.));
#8391=DIRECTION('ref_axis',(0.,0.,-1.));
#8392=DIRECTION('center_axis',(0.,-1.,0.));
#8393=DIRECTION('ref_axis',(0.,0.,-1.));
#8394=DIRECTION('',(0.,-1.,0.));
#8395=DIRECTION('center_axis',(0.,1.,0.));
#8396=DIRECTION('ref_axis',(0.,0.,-1.));
#8397=DIRECTION('',(0.,-1.,0.));
#8398=DIRECTION('center_axis',(-1.,0.,0.));
#8399=DIRECTION('ref_axis',(0.,0.,-1.));
#8400=DIRECTION('',(0.,0.,1.));
#8401=DIRECTION('',(0.,0.,-1.));
#8402=DIRECTION('',(0.,-1.,0.));
#8403=DIRECTION('center_axis',(-1.46202209004136E-16,0.,1.));
#8404=DIRECTION('ref_axis',(-1.,0.,-1.46202209004136E-16));
#8405=DIRECTION('',(-1.,0.,-1.46202209004136E-16));
#8406=DIRECTION('',(-1.,0.,-1.46202209004136E-16));
#8407=DIRECTION('',(0.,-1.,0.));
#8408=DIRECTION('center_axis',(1.,0.,0.));
#8409=DIRECTION('ref_axis',(0.,0.,1.));
#8410=DIRECTION('',(0.,0.,-1.));
#8411=DIRECTION('',(0.,0.,1.));
#8412=DIRECTION('',(0.,-1.,0.));
#8413=DIRECTION('center_axis',(0.,-1.,0.));
#8414=DIRECTION('ref_axis',(-1.,0.,-8.88178419700124E-16));
#8415=DIRECTION('center_axis',(0.,-1.,0.));
#8416=DIRECTION('ref_axis',(-1.,0.,-8.88178419700124E-16));
#8417=DIRECTION('center_axis',(0.,1.,0.));
#8418=DIRECTION('ref_axis',(-1.,0.,-8.88178419700124E-16));
#8419=DIRECTION('',(0.,-1.,0.));
#8420=DIRECTION('center_axis',(0.,0.,1.));
#8421=DIRECTION('ref_axis',(-1.,0.,0.));
#8422=DIRECTION('',(1.,0.,0.));
#8423=DIRECTION('',(-1.,0.,0.));
#8424=DIRECTION('',(0.,-1.,0.));
#8425=DIRECTION('center_axis',(0.,-1.,0.));
#8426=DIRECTION('ref_axis',(8.88178419700124E-16,0.,-1.));
#8427=DIRECTION('center_axis',(0.,-1.,0.));
#8428=DIRECTION('ref_axis',(8.88178419700124E-16,0.,-1.));
#8429=DIRECTION('center_axis',(0.,1.,0.));
#8430=DIRECTION('ref_axis',(8.88178419700124E-16,0.,-1.));
#8431=DIRECTION('',(0.,-1.,0.));
#8432=DIRECTION('center_axis',(-1.,0.,0.));
#8433=DIRECTION('ref_axis',(0.,0.,-1.));
#8434=DIRECTION('',(0.,0.,1.));
#8435=DIRECTION('',(0.,0.,-1.));
#8436=DIRECTION('',(0.,-1.,0.));
#8437=DIRECTION('center_axis',(-1.46202209004136E-16,0.,1.));
#8438=DIRECTION('ref_axis',(-1.,0.,-1.46202209004136E-16));
#8439=DIRECTION('',(-1.,0.,-1.46202209004136E-16));
#8440=DIRECTION('',(-1.,0.,-1.46202209004136E-16));
#8441=DIRECTION('',(0.,-1.,0.));
#8442=DIRECTION('center_axis',(1.,0.,0.));
#8443=DIRECTION('ref_axis',(0.,0.,1.));
#8444=DIRECTION('',(0.,0.,1.));
#8445=DIRECTION('',(0.,0.,1.));
#8446=DIRECTION('',(0.,-1.,0.));
#8447=DIRECTION('center_axis',(1.24355227134565E-15,0.,1.));
#8448=DIRECTION('ref_axis',(-1.,0.,1.24355227134565E-15));
#8449=DIRECTION('',(-1.,0.,1.24355227134565E-15));
#8450=DIRECTION('',(-1.,0.,1.24355227134565E-15));
#8451=DIRECTION('',(0.,-1.,0.));
#8452=DIRECTION('center_axis',(0.,-1.,0.));
#8453=DIRECTION('ref_axis',(1.,0.,1.77635683940025E-15));
#8454=DIRECTION('center_axis',(0.,-1.,0.));
#8455=DIRECTION('ref_axis',(1.,0.,1.77635683940025E-15));
#8456=DIRECTION('center_axis',(0.,-1.,0.));
#8457=DIRECTION('ref_axis',(1.,0.,1.77635683940025E-15));
#8458=DIRECTION('',(0.,-1.,0.));
#8459=DIRECTION('center_axis',(1.,0.,0.));
#8460=DIRECTION('ref_axis',(0.,0.,1.));
#8461=DIRECTION('',(0.,0.,1.));
#8462=DIRECTION('',(0.,0.,1.));
#8463=DIRECTION('',(0.,-1.,0.));
#8464=DIRECTION('center_axis',(0.,-1.,0.));
#8465=DIRECTION('ref_axis',(-1.,0.,-1.77635683940025E-15));
#8466=DIRECTION('center_axis',(0.,-1.,0.));
#8467=DIRECTION('ref_axis',(-1.,0.,-1.77635683940025E-15));
#8468=DIRECTION('center_axis',(0.,1.,0.));
#8469=DIRECTION('ref_axis',(-1.,0.,-1.77635683940025E-15));
#8470=DIRECTION('',(0.,-1.,0.));
#8471=DIRECTION('center_axis',(8.04028308092652E-16,0.,1.));
#8472=DIRECTION('ref_axis',(-1.,0.,8.04028308092652E-16));
#8473=DIRECTION('',(1.,0.,-8.04028308092652E-16));
#8474=DIRECTION('',(-1.,0.,8.04028308092652E-16));
#8475=DIRECTION('',(0.,-1.,0.));
#8476=DIRECTION('center_axis',(0.,-1.,0.));
#8477=DIRECTION('ref_axis',(1.,0.,1.77635683940025E-15));
#8478=DIRECTION('center_axis',(0.,-1.,0.));
#8479=DIRECTION('ref_axis',(1.,0.,1.77635683940025E-15));
#8480=DIRECTION('center_axis',(0.,-1.,0.));
#8481=DIRECTION('ref_axis',(1.,0.,1.77635683940025E-15));
#8482=DIRECTION('',(0.,-1.,0.));
#8483=DIRECTION('center_axis',(1.,0.,0.));
#8484=DIRECTION('ref_axis',(0.,0.,1.));
#8485=DIRECTION('',(0.,0.,-1.));
#8486=DIRECTION('',(0.,0.,1.));
#8487=DIRECTION('',(0.,-1.,0.));
#8488=DIRECTION('center_axis',(0.,-1.,0.));
#8489=DIRECTION('ref_axis',(-1.,0.,-1.77635683940025E-15));
#8490=DIRECTION('center_axis',(0.,-1.,0.));
#8491=DIRECTION('ref_axis',(-1.,0.,-1.77635683940025E-15));
#8492=DIRECTION('center_axis',(0.,1.,0.));
#8493=DIRECTION('ref_axis',(-1.,0.,-1.77635683940025E-15));
#8494=DIRECTION('',(0.,-1.,0.));
#8495=DIRECTION('center_axis',(0.,0.,1.));
#8496=DIRECTION('ref_axis',(-1.,0.,0.));
#8497=DIRECTION('',(-1.,0.,0.));
#8498=DIRECTION('',(-1.,0.,0.));
#8499=DIRECTION('',(0.,-1.,0.));
#8500=DIRECTION('center_axis',(1.,0.,-2.5019110414088E-16));
#8501=DIRECTION('ref_axis',(2.5019110414088E-16,0.,1.));
#8502=DIRECTION('',(2.5019110414088E-16,0.,1.));
#8503=DIRECTION('',(2.5019110414088E-16,0.,1.));
#8504=DIRECTION('',(0.,-1.,0.));
#8505=DIRECTION('center_axis',(0.,0.,-1.));
#8506=DIRECTION('ref_axis',(1.,0.,0.));
#8507=DIRECTION('',(-1.,0.,0.));
#8508=DIRECTION('',(1.,0.,0.));
#8509=DIRECTION('',(0.,-1.,0.));
#8510=DIRECTION('center_axis',(-1.,0.,0.));
#8511=DIRECTION('ref_axis',(0.,0.,-1.));
#8512=DIRECTION('',(0.,0.,1.));
#8513=DIRECTION('',(0.,0.,-1.));
#8514=DIRECTION('',(0.,-1.,0.));
#8515=DIRECTION('center_axis',(0.,0.,-1.));
#8516=DIRECTION('ref_axis',(1.,0.,0.));
#8517=DIRECTION('',(-1.,0.,0.));
#8518=DIRECTION('',(1.,0.,0.));
#8519=DIRECTION('',(0.,-1.,0.));
#8520=DIRECTION('center_axis',(1.,0.,0.));
#8521=DIRECTION('ref_axis',(0.,0.,1.));
#8522=DIRECTION('',(0.,0.,-1.));
#8523=DIRECTION('',(0.,0.,1.));
#8524=DIRECTION('',(0.,-1.,0.));
#8525=DIRECTION('center_axis',(0.,0.,-1.));
#8526=DIRECTION('ref_axis',(1.,0.,0.));
#8527=DIRECTION('',(-1.,0.,0.));
#8528=DIRECTION('',(1.,0.,0.));
#8529=DIRECTION('',(0.,-1.,0.));
#8530=DIRECTION('center_axis',(-1.,0.,0.));
#8531=DIRECTION('ref_axis',(0.,0.,-1.));
#8532=DIRECTION('',(0.,0.,-1.));
#8533=DIRECTION('',(0.,0.,-1.));
#8534=DIRECTION('',(0.,-1.,0.));
#8535=DIRECTION('center_axis',(0.,0.,-1.));
#8536=DIRECTION('ref_axis',(1.,0.,0.));
#8537=DIRECTION('',(1.,0.,0.));
#8538=DIRECTION('',(1.,0.,0.));
#8539=DIRECTION('',(0.,-1.,0.));
#8540=DIRECTION('center_axis',(1.,0.,0.));
#8541=DIRECTION('ref_axis',(0.,0.,1.));
#8542=DIRECTION('',(0.,0.,1.));
#8543=DIRECTION('',(0.,0.,1.));
#8544=DIRECTION('',(0.,-1.,0.));
#8545=DIRECTION('center_axis',(0.,0.,1.));
#8546=DIRECTION('ref_axis',(-1.,0.,0.));
#8547=DIRECTION('',(-1.,0.,0.));
#8548=DIRECTION('',(-1.,0.,0.));
#8549=DIRECTION('',(0.,-1.,0.));
#8550=DIRECTION('center_axis',(-1.,0.,0.));
#8551=DIRECTION('ref_axis',(0.,0.,-1.));
#8552=DIRECTION('',(0.,0.,-1.));
#8553=DIRECTION('',(0.,0.,-1.));
#8554=DIRECTION('',(0.,-1.,0.));
#8555=DIRECTION('center_axis',(0.,0.,1.));
#8556=DIRECTION('ref_axis',(-1.,0.,0.));
#8557=DIRECTION('',(1.,0.,0.));
#8558=DIRECTION('',(-1.,0.,0.));
#8559=DIRECTION('',(0.,-1.,0.));
#8560=DIRECTION('center_axis',(1.,0.,0.));
#8561=DIRECTION('ref_axis',(0.,0.,1.));
#8562=DIRECTION('',(0.,0.,-1.));
#8563=DIRECTION('',(0.,0.,1.));
#8564=DIRECTION('',(0.,-1.,0.));
#8565=DIRECTION('center_axis',(0.,0.,1.));
#8566=DIRECTION('ref_axis',(-1.,0.,0.));
#8567=DIRECTION('',(1.,0.,0.));
#8568=DIRECTION('',(-1.,0.,0.));
#8569=DIRECTION('',(0.,-1.,0.));
#8570=DIRECTION('center_axis',(1.,0.,-2.5019110414088E-16));
#8571=DIRECTION('ref_axis',(2.5019110414088E-16,0.,1.));
#8572=DIRECTION('',(2.5019110414088E-16,0.,1.));
#8573=DIRECTION('',(2.5019110414088E-16,0.,1.));
#8574=DIRECTION('',(0.,-1.,0.));
#8575=DIRECTION('center_axis',(0.,0.,-1.));
#8576=DIRECTION('ref_axis',(1.,0.,0.));
#8577=DIRECTION('',(-1.,0.,0.));
#8578=DIRECTION('',(1.,0.,0.));
#8579=DIRECTION('',(0.,-1.,0.));
#8580=DIRECTION('center_axis',(0.,-1.,0.));
#8581=DIRECTION('ref_axis',(0.,0.,1.));
#8582=DIRECTION('center_axis',(0.,-1.,0.));
#8583=DIRECTION('ref_axis',(0.,0.,1.));
#8584=DIRECTION('center_axis',(0.,1.,0.));
#8585=DIRECTION('ref_axis',(0.,0.,1.));
#8586=DIRECTION('',(0.,-1.,0.));
#8587=DIRECTION('center_axis',(1.,0.,0.));
#8588=DIRECTION('ref_axis',(0.,0.,1.));
#8589=DIRECTION('',(0.,0.,-1.));
#8590=DIRECTION('',(0.,0.,1.));
#8591=DIRECTION('',(0.,-1.,0.));
#8592=DIRECTION('center_axis',(0.,0.,-1.));
#8593=DIRECTION('ref_axis',(1.,0.,0.));
#8594=DIRECTION('',(1.,0.,0.));
#8595=DIRECTION('',(1.,0.,0.));
#8596=DIRECTION('',(0.,-1.,0.));
#8597=DIRECTION('center_axis',(1.,0.,0.));
#8598=DIRECTION('ref_axis',(0.,0.,1.));
#8599=DIRECTION('',(0.,0.,1.));
#8600=DIRECTION('',(0.,0.,1.));
#8601=DIRECTION('',(0.,-1.,0.));
#8602=DIRECTION('center_axis',(0.,0.,1.));
#8603=DIRECTION('ref_axis',(-1.,0.,0.));
#8604=DIRECTION('',(-1.,0.,0.));
#8605=DIRECTION('',(-1.,0.,0.));
#8606=DIRECTION('',(0.,-1.,0.));
#8607=DIRECTION('center_axis',(-1.,0.,0.));
#8608=DIRECTION('ref_axis',(0.,0.,-1.));
#8609=DIRECTION('',(0.,0.,-1.));
#8610=DIRECTION('',(0.,0.,-1.));
#8611=DIRECTION('',(0.,-1.,0.));
#8612=DIRECTION('center_axis',(0.,-1.,0.));
#8613=DIRECTION('ref_axis',(-1.,0.,8.88178419700136E-15));
#8614=DIRECTION('center_axis',(0.,-1.,0.));
#8615=DIRECTION('ref_axis',(-1.,0.,8.88178419700136E-15));
#8616=DIRECTION('center_axis',(0.,1.,0.));
#8617=DIRECTION('ref_axis',(-1.,0.,8.88178419700136E-15));
#8618=DIRECTION('',(0.,-1.,0.));
#8619=DIRECTION('center_axis',(0.,0.,1.));
#8620=DIRECTION('ref_axis',(-1.,0.,0.));
#8621=DIRECTION('',(1.,0.,0.));
#8622=DIRECTION('',(-1.,0.,0.));
#8623=DIRECTION('',(0.,-1.,0.));
#8624=DIRECTION('center_axis',(1.,0.,-2.5019110414088E-16));
#8625=DIRECTION('ref_axis',(2.5019110414088E-16,0.,1.));
#8626=DIRECTION('',(2.5019110414088E-16,0.,1.));
#8627=DIRECTION('',(2.5019110414088E-16,0.,1.));
#8628=DIRECTION('',(0.,-1.,0.));
#8629=DIRECTION('center_axis',(0.,-1.,0.));
#8630=DIRECTION('ref_axis',(-3.5527136788005E-15,0.,-1.));
#8631=DIRECTION('center_axis',(0.,-1.,0.));
#8632=DIRECTION('ref_axis',(-3.5527136788005E-15,0.,-1.));
#8633=DIRECTION('center_axis',(0.,-1.,0.));
#8634=DIRECTION('ref_axis',(-3.5527136788005E-15,0.,-1.));
#8635=DIRECTION('',(0.,-1.,0.));
#8636=DIRECTION('center_axis',(0.,0.,-1.));
#8637=DIRECTION('ref_axis',(1.,0.,0.));
#8638=DIRECTION('',(1.,0.,0.));
#8639=DIRECTION('',(1.,0.,0.));
#8640=DIRECTION('',(0.,-1.,0.));
#8641=DIRECTION('center_axis',(-1.,0.,0.));
#8642=DIRECTION('ref_axis',(0.,0.,-1.));
#8643=DIRECTION('',(0.,0.,-1.));
#8644=DIRECTION('',(0.,0.,-1.));
#8645=DIRECTION('',(0.,-1.,0.));
#8646=DIRECTION('center_axis',(0.,-1.,0.));
#8647=DIRECTION('ref_axis',(1.,0.,0.));
#8648=DIRECTION('center_axis',(0.,-1.,0.));
#8649=DIRECTION('ref_axis',(1.,0.,0.));
#8650=DIRECTION('center_axis',(0.,1.,0.));
#8651=DIRECTION('ref_axis',(1.,0.,0.));
#8652=DIRECTION('',(0.,-1.,0.));
#8653=DIRECTION('center_axis',(0.,0.,-1.));
#8654=DIRECTION('ref_axis',(1.,0.,0.));
#8655=DIRECTION('',(1.,0.,0.));
#8656=DIRECTION('',(1.,0.,0.));
#8657=DIRECTION('',(0.,-1.,0.));
#8658=DIRECTION('center_axis',(-1.,0.,0.));
#8659=DIRECTION('ref_axis',(0.,0.,-1.));
#8660=DIRECTION('',(0.,0.,1.));
#8661=DIRECTION('',(0.,0.,-1.));
#8662=DIRECTION('',(0.,-1.,0.));
#8663=DIRECTION('center_axis',(0.,0.,-1.));
#8664=DIRECTION('ref_axis',(1.,0.,0.));
#8665=DIRECTION('',(-1.,0.,0.));
#8666=DIRECTION('',(1.,0.,0.));
#8667=DIRECTION('',(0.,-1.,0.));
#8668=DIRECTION('center_axis',(1.,0.,0.));
#8669=DIRECTION('ref_axis',(0.,0.,1.));
#8670=DIRECTION('',(0.,0.,-1.));
#8671=DIRECTION('',(0.,0.,1.));
#8672=DIRECTION('',(0.,-1.,0.));
#8673=DIRECTION('center_axis',(0.,0.,1.));
#8674=DIRECTION('ref_axis',(-1.,0.,0.));
#8675=DIRECTION('',(1.,0.,0.));
#8676=DIRECTION('',(-1.,0.,0.));
#8677=DIRECTION('',(0.,-1.,0.));
#8678=DIRECTION('center_axis',(1.,0.,0.));
#8679=DIRECTION('ref_axis',(0.,0.,1.));
#8680=DIRECTION('',(0.,0.,-1.));
#8681=DIRECTION('',(0.,0.,1.));
#8682=DIRECTION('',(0.,-1.,0.));
#8683=DIRECTION('center_axis',(0.,0.,-1.));
#8684=DIRECTION('ref_axis',(1.,0.,0.));
#8685=DIRECTION('',(1.,0.,0.));
#8686=DIRECTION('',(1.,0.,0.));
#8687=DIRECTION('',(0.,-1.,0.));
#8688=DIRECTION('center_axis',(-1.,0.,0.));
#8689=DIRECTION('ref_axis',(0.,0.,-1.));
#8690=DIRECTION('',(0.,0.,-1.));
#8691=DIRECTION('',(0.,0.,-1.));
#8692=DIRECTION('',(0.,-1.,0.));
#8693=DIRECTION('center_axis',(0.,0.,-1.));
#8694=DIRECTION('ref_axis',(1.,0.,0.));
#8695=DIRECTION('',(1.,0.,0.));
#8696=DIRECTION('',(1.,0.,0.));
#8697=DIRECTION('',(0.,-1.,0.));
#8698=DIRECTION('center_axis',(1.,0.,0.));
#8699=DIRECTION('ref_axis',(0.,0.,1.));
#8700=DIRECTION('',(0.,0.,-1.));
#8701=DIRECTION('',(0.,0.,1.));
#8702=DIRECTION('',(0.,-1.,0.));
#8703=DIRECTION('center_axis',(0.,0.,-1.));
#8704=DIRECTION('ref_axis',(1.,0.,0.));
#8705=DIRECTION('',(1.,0.,0.));
#8706=DIRECTION('',(1.,0.,0.));
#8707=DIRECTION('',(0.,-1.,0.));
#8708=DIRECTION('center_axis',(0.,-1.,0.));
#8709=DIRECTION('ref_axis',(-1.,0.,-1.77635683940025E-15));
#8710=DIRECTION('center_axis',(0.,-1.,0.));
#8711=DIRECTION('ref_axis',(-1.,0.,-1.77635683940025E-15));
#8712=DIRECTION('center_axis',(0.,-1.,0.));
#8713=DIRECTION('ref_axis',(-1.,0.,-1.77635683940025E-15));
#8714=DIRECTION('',(0.,-1.,0.));
#8715=DIRECTION('center_axis',(-1.,0.,0.));
#8716=DIRECTION('ref_axis',(0.,0.,-1.));
#8717=DIRECTION('',(0.,0.,-1.));
#8718=DIRECTION('',(0.,0.,-1.));
#8719=DIRECTION('',(0.,-1.,0.));
#8720=DIRECTION('center_axis',(-8.26385105351094E-16,0.,1.));
#8721=DIRECTION('ref_axis',(-1.,0.,-8.26385105351094E-16));
#8722=DIRECTION('',(1.,0.,8.26385105351094E-16));
#8723=DIRECTION('',(-1.,0.,-8.26385105351094E-16));
#8724=DIRECTION('',(0.,-1.,0.));
#8725=DIRECTION('center_axis',(0.,-1.,0.));
#8726=DIRECTION('ref_axis',(0.,0.,-1.));
#8727=DIRECTION('center_axis',(0.,-1.,0.));
#8728=DIRECTION('ref_axis',(0.,0.,-1.));
#8729=DIRECTION('center_axis',(0.,1.,0.));
#8730=DIRECTION('ref_axis',(0.,0.,-1.));
#8731=DIRECTION('',(0.,-1.,0.));
#8732=DIRECTION('center_axis',(-1.,0.,0.));
#8733=DIRECTION('ref_axis',(0.,0.,-1.));
#8734=DIRECTION('',(0.,0.,1.));
#8735=DIRECTION('',(0.,0.,-1.));
#8736=DIRECTION('',(0.,-1.,0.));
#8737=DIRECTION('center_axis',(0.,-1.,0.));
#8738=DIRECTION('ref_axis',(1.,0.,1.77635683940024E-15));
#8739=DIRECTION('center_axis',(0.,-1.,0.));
#8740=DIRECTION('ref_axis',(1.,0.,1.77635683940024E-15));
#8741=DIRECTION('center_axis',(0.,1.,0.));
#8742=DIRECTION('ref_axis',(1.,0.,1.77635683940024E-15));
#8743=DIRECTION('',(0.,-1.,0.));
#8744=DIRECTION('center_axis',(0.,-1.,0.));
#8745=DIRECTION('ref_axis',(3.55271367880049E-15,0.,-1.));
#8746=DIRECTION('center_axis',(0.,-1.,0.));
#8747=DIRECTION('ref_axis',(3.55271367880049E-15,0.,-1.));
#8748=DIRECTION('center_axis',(0.,1.,0.));
#8749=DIRECTION('ref_axis',(3.55271367880049E-15,0.,-1.));
#8750=DIRECTION('',(0.,-1.,0.));
#8751=DIRECTION('center_axis',(-1.,0.,0.));
#8752=DIRECTION('ref_axis',(0.,0.,-1.));
#8753=DIRECTION('',(0.,0.,1.));
#8754=DIRECTION('',(0.,0.,-1.));
#8755=DIRECTION('',(0.,-1.,0.));
#8756=DIRECTION('center_axis',(0.,-1.,0.));
#8757=DIRECTION('ref_axis',(1.,0.,2.66453525910038E-15));
#8758=DIRECTION('center_axis',(0.,-1.,0.));
#8759=DIRECTION('ref_axis',(1.,0.,2.66453525910038E-15));
#8760=DIRECTION('center_axis',(0.,1.,0.));
#8761=DIRECTION('ref_axis',(1.,0.,2.66453525910038E-15));
#8762=DIRECTION('',(0.,-1.,0.));
#8763=DIRECTION('center_axis',(-5.9211894646675E-16,0.,-1.));
#8764=DIRECTION('ref_axis',(1.,0.,-5.9211894646675E-16));
#8765=DIRECTION('',(-1.,0.,5.9211894646675E-16));
#8766=DIRECTION('',(1.,0.,-5.9211894646675E-16));
#8767=DIRECTION('',(0.,-1.,0.));
#8768=DIRECTION('center_axis',(-1.,0.,0.));
#8769=DIRECTION('ref_axis',(0.,0.,-1.));
#8770=DIRECTION('',(0.,0.,-1.));
#8771=DIRECTION('',(0.,0.,-1.));
#8772=DIRECTION('',(0.,-1.,0.));
#8773=DIRECTION('center_axis',(0.,-1.,0.));
#8774=DIRECTION('ref_axis',(7.10542735760101E-15,0.,1.));
#8775=DIRECTION('center_axis',(0.,-1.,0.));
#8776=DIRECTION('ref_axis',(7.10542735760101E-15,0.,1.));
#8777=DIRECTION('center_axis',(0.,-1.,0.));
#8778=DIRECTION('ref_axis',(7.10542735760101E-15,0.,1.));
#8779=DIRECTION('',(0.,-1.,0.));
#8780=DIRECTION('center_axis',(-1.46202209004136E-16,0.,1.));
#8781=DIRECTION('ref_axis',(-1.,0.,-1.46202209004136E-16));
#8782=DIRECTION('',(-1.,0.,-1.46202209004136E-16));
#8783=DIRECTION('',(-1.,0.,-1.46202209004136E-16));
#8784=DIRECTION('',(0.,-1.,0.));
#8785=DIRECTION('center_axis',(1.,0.,0.));
#8786=DIRECTION('ref_axis',(0.,0.,1.));
#8787=DIRECTION('',(0.,0.,-1.));
#8788=DIRECTION('',(0.,0.,1.));
#8789=DIRECTION('',(0.,-1.,0.));
#8790=DIRECTION('center_axis',(0.,-1.,0.));
#8791=DIRECTION('ref_axis',(-1.,0.,0.));
#8792=DIRECTION('center_axis',(0.,-1.,0.));
#8793=DIRECTION('ref_axis',(-1.,0.,0.));
#8794=DIRECTION('center_axis',(0.,1.,0.));
#8795=DIRECTION('ref_axis',(-1.,0.,0.));
#8796=DIRECTION('',(0.,-1.,0.));
#8797=DIRECTION('center_axis',(0.,0.,1.));
#8798=DIRECTION('ref_axis',(-1.,0.,0.));
#8799=DIRECTION('',(1.,0.,0.));
#8800=DIRECTION('',(-1.,0.,0.));
#8801=DIRECTION('',(0.,-1.,0.));
#8802=DIRECTION('center_axis',(1.,0.,0.));
#8803=DIRECTION('ref_axis',(0.,0.,1.));
#8804=DIRECTION('',(0.,0.,1.));
#8805=DIRECTION('',(0.,0.,1.));
#8806=DIRECTION('',(0.,-1.,0.));
#8807=DIRECTION('center_axis',(0.,0.,-1.));
#8808=DIRECTION('ref_axis',(1.,0.,0.));
#8809=DIRECTION('',(1.,0.,0.));
#8810=DIRECTION('',(1.,0.,0.));
#8811=DIRECTION('',(0.,-1.,0.));
#8812=DIRECTION('center_axis',(1.,0.,0.));
#8813=DIRECTION('ref_axis',(0.,0.,1.));
#8814=DIRECTION('',(0.,0.,1.));
#8815=DIRECTION('',(0.,0.,1.));
#8816=DIRECTION('',(0.,-1.,0.));
#8817=DIRECTION('center_axis',(0.,0.,1.));
#8818=DIRECTION('ref_axis',(-1.,0.,0.));
#8819=DIRECTION('',(-1.,0.,0.));
#8820=DIRECTION('',(-1.,0.,0.));
#8821=DIRECTION('',(0.,-1.,0.));
#8822=DIRECTION('center_axis',(-1.,0.,0.));
#8823=DIRECTION('ref_axis',(0.,0.,-1.));
#8824=DIRECTION('',(0.,0.,-1.));
#8825=DIRECTION('',(0.,0.,-1.));
#8826=DIRECTION('',(0.,-1.,0.));
#8827=DIRECTION('center_axis',(0.,0.,1.));
#8828=DIRECTION('ref_axis',(-1.,0.,0.));
#8829=DIRECTION('',(-1.,0.,0.));
#8830=DIRECTION('',(-1.,0.,0.));
#8831=DIRECTION('',(0.,-1.,0.));
#8832=DIRECTION('center_axis',(-1.,0.,0.));
#8833=DIRECTION('ref_axis',(0.,0.,-1.));
#8834=DIRECTION('',(0.,0.,-1.));
#8835=DIRECTION('',(0.,0.,-1.));
#8836=DIRECTION('',(0.,-1.,0.));
#8837=DIRECTION('center_axis',(0.,0.,-1.));
#8838=DIRECTION('ref_axis',(1.,0.,0.));
#8839=DIRECTION('',(1.,0.,0.));
#8840=DIRECTION('',(1.,0.,0.));
#8841=DIRECTION('center_axis',(0.,-1.,0.));
#8842=DIRECTION('ref_axis',(1.,0.,0.));
#8843=DIRECTION('center_axis',(0.,-1.,0.));
#8844=DIRECTION('ref_axis',(1.,0.,0.));
#8845=DIRECTION('center_axis',(0.,1.,0.));
#8846=DIRECTION('ref_axis',(1.,0.,0.));
#8847=DIRECTION('center_axis',(0.,1.,0.));
#8848=DIRECTION('ref_axis',(1.,0.,0.));
#8849=DIRECTION('',(0.,1.,0.));
#8850=DIRECTION('center_axis',(0.,-1.,0.));
#8851=DIRECTION('ref_axis',(1.,0.,0.));
#8852=DIRECTION('center_axis',(0.,1.,0.));
#8853=DIRECTION('ref_axis',(1.,0.,0.));
#8854=DIRECTION('center_axis',(0.,1.,0.));
#8855=DIRECTION('ref_axis',(1.,0.,0.));
#8856=DIRECTION('',(0.,1.,0.));
#8857=DIRECTION('center_axis',(0.,-1.,0.));
#8858=DIRECTION('ref_axis',(1.,0.,0.));
#8859=DIRECTION('center_axis',(0.,1.,0.));
#8860=DIRECTION('ref_axis',(1.,0.,0.));
#8861=DIRECTION('center_axis',(0.,1.,0.));
#8862=DIRECTION('ref_axis',(1.,0.,0.));
#8863=DIRECTION('',(0.,1.,0.));
#8864=DIRECTION('center_axis',(0.,-1.,0.));
#8865=DIRECTION('ref_axis',(1.,0.,0.));
#8866=DIRECTION('center_axis',(0.,1.,0.));
#8867=DIRECTION('ref_axis',(1.,0.,0.));
#8868=DIRECTION('center_axis',(0.,1.,0.));
#8869=DIRECTION('ref_axis',(1.,0.,0.));
#8870=DIRECTION('',(0.,1.,0.));
#8871=DIRECTION('center_axis',(0.,-1.,0.));
#8872=DIRECTION('ref_axis',(1.,0.,0.));
#8873=DIRECTION('center_axis',(0.,1.,0.));
#8874=DIRECTION('ref_axis',(1.,0.,0.));
#8875=DIRECTION('center_axis',(0.,1.,0.));
#8876=DIRECTION('ref_axis',(1.,0.,0.));
#8877=DIRECTION('',(0.,1.,0.));
#8878=DIRECTION('center_axis',(0.,1.,0.));
#8879=DIRECTION('ref_axis',(1.,0.,0.));
#8880=DIRECTION('center_axis',(0.,-1.,0.));
#8881=DIRECTION('ref_axis',(1.,0.,0.));
#8882=DIRECTION('center_axis',(0.,-1.,0.));
#8883=DIRECTION('ref_axis',(1.,0.,0.));
#8884=DIRECTION('center_axis',(0.,1.,0.));
#8885=DIRECTION('ref_axis',(1.,0.,0.));
#8886=DIRECTION('center_axis',(0.,1.,0.));
#8887=DIRECTION('ref_axis',(1.,0.,0.));
#8888=DIRECTION('',(0.,1.,0.));
#8889=DIRECTION('center_axis',(0.,1.,0.));
#8890=DIRECTION('ref_axis',(1.,0.,0.));
#8891=DIRECTION('center_axis',(0.,-1.,0.));
#8892=DIRECTION('ref_axis',(1.,0.,0.));
#8893=DIRECTION('center_axis',(0.,-1.,0.));
#8894=DIRECTION('ref_axis',(1.,0.,0.));
#8895=DIRECTION('center_axis',(0.,1.,0.));
#8896=DIRECTION('ref_axis',(1.,0.,0.));
#8897=DIRECTION('center_axis',(0.,1.,0.));
#8898=DIRECTION('ref_axis',(1.,0.,0.));
#8899=DIRECTION('',(0.,1.,0.));
#8900=DIRECTION('center_axis',(0.,1.,0.));
#8901=DIRECTION('ref_axis',(1.,0.,0.));
#8902=DIRECTION('center_axis',(0.,-1.,0.));
#8903=DIRECTION('ref_axis',(1.,0.,0.));
#8904=DIRECTION('center_axis',(0.,-1.,0.));
#8905=DIRECTION('ref_axis',(1.,0.,0.));
#8906=DIRECTION('center_axis',(0.,1.,0.));
#8907=DIRECTION('ref_axis',(1.,0.,0.));
#8908=DIRECTION('center_axis',(0.,1.,0.));
#8909=DIRECTION('ref_axis',(1.,0.,0.));
#8910=DIRECTION('',(0.,1.,0.));
#8911=DIRECTION('center_axis',(0.,1.,0.));
#8912=DIRECTION('ref_axis',(1.,0.,0.));
#8913=DIRECTION('center_axis',(0.,-1.,0.));
#8914=DIRECTION('ref_axis',(1.,0.,0.));
#8915=DIRECTION('center_axis',(0.,-1.,0.));
#8916=DIRECTION('ref_axis',(1.,0.,0.));
#8917=DIRECTION('center_axis',(0.,0.,-1.));
#8918=DIRECTION('ref_axis',(1.,0.,0.));
#8919=DIRECTION('',(-1.,0.,0.));
#8920=DIRECTION('',(0.,-1.,0.));
#8921=DIRECTION('',(1.,0.,0.));
#8922=DIRECTION('',(0.,-1.,0.));
#8923=DIRECTION('center_axis',(0.,-1.,0.));
#8924=DIRECTION('ref_axis',(-1.,0.,-1.77635683940025E-15));
#8925=DIRECTION('center_axis',(0.,-1.,0.));
#8926=DIRECTION('ref_axis',(-1.,0.,-1.77635683940025E-15));
#8927=DIRECTION('center_axis',(0.,-1.,0.));
#8928=DIRECTION('ref_axis',(-1.,0.,-1.77635683940025E-15));
#8929=DIRECTION('',(0.,-1.,0.));
#8930=DIRECTION('center_axis',(-1.,0.,0.));
#8931=DIRECTION('ref_axis',(0.,0.,-1.));
#8932=DIRECTION('',(0.,0.,-1.));
#8933=DIRECTION('',(0.,0.,-1.));
#8934=DIRECTION('',(0.,-1.,0.));
#8935=DIRECTION('center_axis',(0.,-1.,0.));
#8936=DIRECTION('ref_axis',(1.,0.,0.));
#8937=DIRECTION('center_axis',(0.,-1.,0.));
#8938=DIRECTION('ref_axis',(1.,0.,5.32907051820073E-15));
#8939=DIRECTION('',(0.,0.,1.));
#8940=DIRECTION('',(-1.,0.,0.));
#8941=DIRECTION('center_axis',(0.,-1.,0.));
#8942=DIRECTION('ref_axis',(1.,0.,0.));
#8943=DIRECTION('center_axis',(0.,-1.,0.));
#8944=DIRECTION('ref_axis',(1.,0.,0.));
#8945=DIRECTION('',(2.5019110414088E-16,0.,1.));
#8946=DIRECTION('',(1.,0.,0.));
#8947=DIRECTION('center_axis',(0.,-1.,0.));
#8948=DIRECTION('ref_axis',(0.,0.,1.));
#8949=DIRECTION('',(0.,0.,1.));
#8950=DIRECTION('center_axis',(0.,-1.,0.));
#8951=DIRECTION('ref_axis',(-1.,0.,-1.77635683940025E-15));
#8952=DIRECTION('',(-1.,0.,0.));
#8953=DIRECTION('',(2.5019110414088E-16,0.,1.));
#8954=DIRECTION('',(-1.,0.,0.));
#8955=DIRECTION('',(0.,0.,-1.));
#8956=DIRECTION('',(1.,0.,0.));
#8957=DIRECTION('',(2.5019110414088E-16,0.,1.));
#8958=DIRECTION('',(1.,0.,0.));
#8959=DIRECTION('',(0.,0.,-1.));
#8960=DIRECTION('',(-1.,0.,0.));
#8961=DIRECTION('',(2.5019110414088E-16,0.,1.));
#8962=DIRECTION('center_axis',(0.,-1.,0.));
#8963=DIRECTION('ref_axis',(-3.5527136788005E-15,0.,-1.));
#8964=DIRECTION('',(1.,0.,0.));
#8965=DIRECTION('',(0.,0.,-1.));
#8966=DIRECTION('center_axis',(0.,-1.,0.));
#8967=DIRECTION('ref_axis',(1.,0.,1.77635683940025E-15));
#8968=DIRECTION('',(1.,0.,0.));
#8969=DIRECTION('center_axis',(0.,-1.,0.));
#8970=DIRECTION('ref_axis',(8.88178419700127E-16,0.,1.));
#8971=DIRECTION('',(1.95526700495818E-16,0.,1.));
#8972=DIRECTION('',(1.,0.,0.));
#8973=DIRECTION('',(0.,0.,1.));
#8974=DIRECTION('center_axis',(0.,-1.,0.));
#8975=DIRECTION('ref_axis',(1.,0.,0.));
#8976=DIRECTION('',(-1.,0.,0.));
#8977=DIRECTION('center_axis',(0.,-1.,0.));
#8978=DIRECTION('ref_axis',(0.,0.,1.));
#8979=DIRECTION('',(0.,0.,-1.));
#8980=DIRECTION('',(1.,0.,0.));
#8981=DIRECTION('center_axis',(0.,-1.,0.));
#8982=DIRECTION('ref_axis',(-1.,0.,-1.77635683940025E-15));
#8983=DIRECTION('',(0.,0.,-1.));
#8984=DIRECTION('',(-1.,0.,0.));
#8985=DIRECTION('center_axis',(0.,-1.,0.));
#8986=DIRECTION('ref_axis',(0.,0.,-1.));
#8987=DIRECTION('',(0.,0.,-1.));
#8988=DIRECTION('center_axis',(0.,-1.,0.));
#8989=DIRECTION('ref_axis',(1.,0.,6.21724893790081E-15));
#8990=DIRECTION('center_axis',(0.,-1.,0.));
#8991=DIRECTION('ref_axis',(0.701933597033631,0.,-0.712242392276273));
#8992=DIRECTION('',(0.,0.,-1.));
#8993=DIRECTION('center_axis',(0.,-1.,0.));
#8994=DIRECTION('ref_axis',(1.,0.,3.10862446895044E-15));
#8995=DIRECTION('',(1.,0.,0.));
#8996=DIRECTION('',(0.,0.,-1.));
#8997=DIRECTION('center_axis',(0.,-1.,0.));
#8998=DIRECTION('ref_axis',(7.10542735760101E-15,0.,1.));
#8999=DIRECTION('',(-1.,0.,-1.46202209004136E-16));
#9000=DIRECTION('',(0.,0.,1.));
#9001=DIRECTION('center_axis',(0.,-1.,0.));
#9002=DIRECTION('ref_axis',(-1.,0.,0.));
#9003=DIRECTION('',(-1.,0.,-2.15166534576894E-15));
#9004=DIRECTION('',(-0.999907694469175,0.,-0.0135868517817669));
#9005=DIRECTION('center_axis',(0.,-1.,0.));
#9006=DIRECTION('ref_axis',(0.345037112786311,0.,-0.938589042552749));
#9007=DIRECTION('',(0.,0.,-1.));
#9008=DIRECTION('',(-1.,0.,-1.46202209004136E-16));
#9009=DIRECTION('',(0.,0.,1.));
#9010=DIRECTION('center_axis',(0.,-1.,0.));
#9011=DIRECTION('ref_axis',(-1.,0.,-8.88178419700124E-16));
#9012=DIRECTION('',(-1.,0.,0.));
#9013=DIRECTION('center_axis',(0.,-1.,0.));
#9014=DIRECTION('ref_axis',(1.77635683940025E-15,0.,-1.));
#9015=DIRECTION('',(0.,0.,-1.));
#9016=DIRECTION('',(-1.,0.,-1.46202209004136E-16));
#9017=DIRECTION('',(5.9211894646675E-16,0.,-1.));
#9018=DIRECTION('center_axis',(0.,-1.,0.));
#9019=DIRECTION('ref_axis',(-1.,0.,-1.77635683940025E-15));
#9020=DIRECTION('',(1.,0.,1.11022302462516E-15));
#9021=DIRECTION('center_axis',(0.,-1.,0.));
#9022=DIRECTION('ref_axis',(0.,0.,-1.));
#9023=DIRECTION('',(0.,0.,1.));
#9024=DIRECTION('',(-1.,0.,-1.46202209004136E-16));
#9025=DIRECTION('center_axis',(0.,1.,0.));
#9026=DIRECTION('ref_axis',(1.,0.,-4.44089209850064E-15));
#9027=DIRECTION('',(1.,0.,0.));
#9028=DIRECTION('center_axis',(0.,1.,0.));
#9029=DIRECTION('ref_axis',(0.,0.,1.));
#9030=DIRECTION('',(0.,0.,1.));
#9031=DIRECTION('center_axis',(0.,1.,0.));
#9032=DIRECTION('ref_axis',(-1.,0.,4.44089209850064E-15));
#9033=DIRECTION('',(-1.,0.,0.));
#9034=DIRECTION('center_axis',(0.,1.,0.));
#9035=DIRECTION('ref_axis',(0.,0.,-1.));
#9036=DIRECTION('',(0.,0.,-1.));
#9037=DIRECTION('center_axis',(0.,1.,0.));
#9038=DIRECTION('ref_axis',(1.,0.,0.));
#9039=DIRECTION('center_axis',(0.,1.,0.));
#9040=DIRECTION('ref_axis',(1.,0.,-2.22044604925032E-15));
#9041=DIRECTION('',(1.,0.,0.));
#9042=DIRECTION('center_axis',(0.,1.,0.));
#9043=DIRECTION('ref_axis',(0.,0.,1.));
#9044=DIRECTION('',(0.,0.,1.));
#9045=DIRECTION('center_axis',(0.,1.,0.));
#9046=DIRECTION('ref_axis',(-1.,0.,2.22044604925032E-15));
#9047=DIRECTION('',(-1.,0.,-7.40124288506502E-16));
#9048=DIRECTION('center_axis',(0.,1.,0.));
#9049=DIRECTION('ref_axis',(0.,0.,-1.));
#9050=DIRECTION('',(0.,0.,-1.));
#9051=DIRECTION('center_axis',(0.,1.,0.));
#9052=DIRECTION('ref_axis',(1.,0.,0.));
#9053=DIRECTION('center_axis',(0.,1.,0.));
#9054=DIRECTION('ref_axis',(1.,0.,-4.44089209850064E-15));
#9055=DIRECTION('',(1.,0.,0.));
#9056=DIRECTION('center_axis',(0.,1.,0.));
#9057=DIRECTION('ref_axis',(-4.44089209850058E-15,0.,1.));
#9058=DIRECTION('',(0.,0.,1.));
#9059=DIRECTION('center_axis',(0.,1.,0.));
#9060=DIRECTION('ref_axis',(-1.,0.,-8.88178419700117E-15));
#9061=DIRECTION('',(-1.,0.,0.));
#9062=DIRECTION('center_axis',(0.,1.,0.));
#9063=DIRECTION('ref_axis',(0.,0.,-1.));
#9064=DIRECTION('',(0.,0.,-1.));
#9065=DIRECTION('center_axis',(0.,1.,0.));
#9066=DIRECTION('ref_axis',(1.,0.,0.));
#9067=DIRECTION('center_axis',(0.,-1.,0.));
#9068=DIRECTION('ref_axis',(1.,0.,0.));
#9069=DIRECTION('',(0.,1.,0.));
#9070=DIRECTION('center_axis',(0.,0.,-1.));
#9071=DIRECTION('ref_axis',(1.,0.,0.));
#9072=DIRECTION('',(0.,-1.,0.));
#9073=DIRECTION('',(1.,0.,0.));
#9074=DIRECTION('',(0.,-1.,0.));
#9075=DIRECTION('center_axis',(0.,-1.,0.));
#9076=DIRECTION('ref_axis',(-4.44089209850058E-15,0.,1.));
#9077=DIRECTION('center_axis',(0.,1.,0.));
#9078=DIRECTION('ref_axis',(-4.44089209850058E-15,0.,1.));
#9079=DIRECTION('',(0.,-1.,0.));
#9080=DIRECTION('center_axis',(1.,0.,0.));
#9081=DIRECTION('ref_axis',(0.,0.,1.));
#9082=DIRECTION('',(0.,0.,1.));
#9083=DIRECTION('',(0.,-1.,0.));
#9084=DIRECTION('center_axis',(0.,-1.,0.));
#9085=DIRECTION('ref_axis',(-1.,0.,-8.88178419700117E-15));
#9086=DIRECTION('center_axis',(0.,1.,0.));
#9087=DIRECTION('ref_axis',(-1.,0.,-8.88178419700117E-15));
#9088=DIRECTION('',(0.,-1.,0.));
#9089=DIRECTION('center_axis',(0.,0.,1.));
#9090=DIRECTION('ref_axis',(-1.,0.,0.));
#9091=DIRECTION('',(-1.,0.,0.));
#9092=DIRECTION('',(0.,-1.,0.));
#9093=DIRECTION('center_axis',(0.,-1.,0.));
#9094=DIRECTION('ref_axis',(0.,0.,-1.));
#9095=DIRECTION('center_axis',(0.,1.,0.));
#9096=DIRECTION('ref_axis',(0.,0.,-1.));
#9097=DIRECTION('',(0.,-1.,0.));
#9098=DIRECTION('center_axis',(-1.,0.,0.));
#9099=DIRECTION('ref_axis',(0.,0.,-1.));
#9100=DIRECTION('',(0.,0.,-1.));
#9101=DIRECTION('',(0.,-1.,0.));
#9102=DIRECTION('center_axis',(0.,-1.,0.));
#9103=DIRECTION('ref_axis',(1.,0.,-4.44089209850064E-15));
#9104=DIRECTION('center_axis',(0.,1.,0.));
#9105=DIRECTION('ref_axis',(1.,0.,-4.44089209850064E-15));
#9106=DIRECTION('center_axis',(0.,-1.,0.));
#9107=DIRECTION('ref_axis',(1.,0.,0.));
#9108=DIRECTION('',(0.,1.,0.));
#9109=DIRECTION('center_axis',(0.,0.,-1.));
#9110=DIRECTION('ref_axis',(1.,0.,0.));
#9111=DIRECTION('',(0.,-1.,0.));
#9112=DIRECTION('',(1.,0.,0.));
#9113=DIRECTION('',(0.,-1.,0.));
#9114=DIRECTION('center_axis',(0.,-1.,0.));
#9115=DIRECTION('ref_axis',(0.,0.,1.));
#9116=DIRECTION('center_axis',(0.,1.,0.));
#9117=DIRECTION('ref_axis',(0.,0.,1.));
#9118=DIRECTION('',(0.,-1.,0.));
#9119=DIRECTION('center_axis',(1.,0.,0.));
#9120=DIRECTION('ref_axis',(0.,0.,1.));
#9121=DIRECTION('',(0.,0.,1.));
#9122=DIRECTION('',(0.,-1.,0.));
#9123=DIRECTION('center_axis',(0.,-1.,0.));
#9124=DIRECTION('ref_axis',(-1.,0.,2.22044604925032E-15));
#9125=DIRECTION('center_axis',(0.,1.,0.));
#9126=DIRECTION('ref_axis',(-1.,0.,2.22044604925032E-15));
#9127=DIRECTION('',(0.,-1.,0.));
#9128=DIRECTION('center_axis',(-7.40124288506502E-16,0.,1.));
#9129=DIRECTION('ref_axis',(-1.,0.,-7.40124288506502E-16));
#9130=DIRECTION('',(-1.,0.,-7.40124288506502E-16));
#9131=DIRECTION('',(0.,-1.,0.));
#9132=DIRECTION('center_axis',(0.,-1.,0.));
#9133=DIRECTION('ref_axis',(0.,0.,-1.));
#9134=DIRECTION('center_axis',(0.,1.,0.));
#9135=DIRECTION('ref_axis',(0.,0.,-1.));
#9136=DIRECTION('',(0.,-1.,0.));
#9137=DIRECTION('center_axis',(-1.,0.,0.));
#9138=DIRECTION('ref_axis',(0.,0.,-1.));
#9139=DIRECTION('',(0.,0.,-1.));
#9140=DIRECTION('',(0.,-1.,0.));
#9141=DIRECTION('center_axis',(0.,-1.,0.));
#9142=DIRECTION('ref_axis',(1.,0.,-2.22044604925032E-15));
#9143=DIRECTION('center_axis',(0.,1.,0.));
#9144=DIRECTION('ref_axis',(1.,0.,-2.22044604925032E-15));
#9145=DIRECTION('center_axis',(0.,-1.,0.));
#9146=DIRECTION('ref_axis',(1.,0.,0.));
#9147=DIRECTION('',(0.,1.,0.));
#9148=DIRECTION('center_axis',(0.,-1.,0.));
#9149=DIRECTION('ref_axis',(1.,0.,0.));
#9150=DIRECTION('',(0.,1.,0.));
#9151=DIRECTION('center_axis',(0.,0.,-1.));
#9152=DIRECTION('ref_axis',(1.,0.,0.));
#9153=DIRECTION('',(0.,-1.,0.));
#9154=DIRECTION('',(1.,0.,0.));
#9155=DIRECTION('',(0.,-1.,0.));
#9156=DIRECTION('center_axis',(0.,-1.,0.));
#9157=DIRECTION('ref_axis',(0.,0.,1.));
#9158=DIRECTION('center_axis',(0.,1.,0.));
#9159=DIRECTION('ref_axis',(0.,0.,1.));
#9160=DIRECTION('',(0.,-1.,0.));
#9161=DIRECTION('center_axis',(1.,0.,0.));
#9162=DIRECTION('ref_axis',(0.,0.,1.));
#9163=DIRECTION('',(0.,0.,1.));
#9164=DIRECTION('',(0.,-1.,0.));
#9165=DIRECTION('center_axis',(0.,-1.,0.));
#9166=DIRECTION('ref_axis',(-1.,0.,4.44089209850064E-15));
#9167=DIRECTION('center_axis',(0.,1.,0.));
#9168=DIRECTION('ref_axis',(-1.,0.,4.44089209850064E-15));
#9169=DIRECTION('',(0.,-1.,0.));
#9170=DIRECTION('center_axis',(0.,0.,1.));
#9171=DIRECTION('ref_axis',(-1.,0.,0.));
#9172=DIRECTION('',(-1.,0.,0.));
#9173=DIRECTION('',(0.,-1.,0.));
#9174=DIRECTION('center_axis',(0.,-1.,0.));
#9175=DIRECTION('ref_axis',(0.,0.,-1.));
#9176=DIRECTION('center_axis',(0.,1.,0.));
#9177=DIRECTION('ref_axis',(0.,0.,-1.));
#9178=DIRECTION('',(0.,-1.,0.));
#9179=DIRECTION('center_axis',(-1.,0.,0.));
#9180=DIRECTION('ref_axis',(0.,0.,-1.));
#9181=DIRECTION('',(0.,0.,-1.));
#9182=DIRECTION('',(0.,-1.,0.));
#9183=DIRECTION('center_axis',(0.,-1.,0.));
#9184=DIRECTION('ref_axis',(1.,0.,-4.44089209850064E-15));
#9185=DIRECTION('center_axis',(0.,1.,0.));
#9186=DIRECTION('ref_axis',(1.,0.,-4.44089209850064E-15));
#9187=DIRECTION('center_axis',(0.,-1.,0.));
#9188=DIRECTION('ref_axis',(-1.,0.,-8.88178419700124E-16));
#9189=DIRECTION('',(0.,-1.,0.));
#9190=DIRECTION('center_axis',(0.,1.,0.));
#9191=DIRECTION('ref_axis',(-1.,0.,-8.88178419700124E-16));
#9192=DIRECTION('',(0.,-1.,0.));
#9193=DIRECTION('center_axis',(0.,0.,1.));
#9194=DIRECTION('ref_axis',(-1.,0.,0.));
#9195=DIRECTION('',(-1.,0.,0.));
#9196=DIRECTION('',(0.,-1.,0.));
#9197=DIRECTION('center_axis',(0.,-1.,0.));
#9198=DIRECTION('ref_axis',(1.77635683940025E-15,0.,-1.));
#9199=DIRECTION('center_axis',(0.,1.,0.));
#9200=DIRECTION('ref_axis',(1.77635683940025E-15,0.,-1.));
#9201=DIRECTION('',(0.,-1.,0.));
#9202=DIRECTION('center_axis',(-1.,0.,0.));
#9203=DIRECTION('ref_axis',(0.,0.,-1.));
#9204=DIRECTION('',(0.,0.,-1.));
#9205=DIRECTION('',(0.,-1.,0.));
#9206=DIRECTION('center_axis',(-1.46202209004136E-16,0.,1.));
#9207=DIRECTION('ref_axis',(-1.,0.,-1.46202209004136E-16));
#9208=DIRECTION('',(-1.,0.,-1.46202209004136E-16));
#9209=DIRECTION('',(0.,-1.,0.));
#9210=DIRECTION('center_axis',(1.,0.,5.9211894646675E-16));
#9211=DIRECTION('ref_axis',(-5.9211894646675E-16,0.,1.));
#9212=DIRECTION('',(-5.9211894646675E-16,0.,1.));
#9213=DIRECTION('',(0.,-1.,0.));
#9214=DIRECTION('center_axis',(0.,-1.,0.));
#9215=DIRECTION('ref_axis',(-1.,0.,-1.77635683940025E-15));
#9216=DIRECTION('center_axis',(0.,1.,0.));
#9217=DIRECTION('ref_axis',(-1.,0.,-1.77635683940025E-15));
#9218=DIRECTION('',(0.,-1.,0.));
#9219=DIRECTION('center_axis',(-1.11022302462516E-15,0.,1.));
#9220=DIRECTION('ref_axis',(-1.,0.,-1.11022302462516E-15));
#9221=DIRECTION('',(-1.,0.,-1.11022302462516E-15));
#9222=DIRECTION('',(0.,-1.,0.));
#9223=DIRECTION('center_axis',(0.,-1.,0.));
#9224=DIRECTION('ref_axis',(0.,0.,-1.));
#9225=DIRECTION('center_axis',(0.,1.,0.));
#9226=DIRECTION('ref_axis',(0.,0.,-1.));
#9227=DIRECTION('',(0.,-1.,0.));
#9228=DIRECTION('center_axis',(-1.,0.,0.));
#9229=DIRECTION('ref_axis',(0.,0.,-1.));
#9230=DIRECTION('',(0.,0.,-1.));
#9231=DIRECTION('',(0.,-1.,0.));
#9232=DIRECTION('center_axis',(-1.46202209004136E-16,0.,1.));
#9233=DIRECTION('ref_axis',(-1.,0.,-1.46202209004136E-16));
#9234=DIRECTION('',(-1.,0.,-1.46202209004136E-16));
#9235=DIRECTION('',(0.,-1.,0.));
#9236=DIRECTION('center_axis',(0.,-1.,0.));
#9237=DIRECTION('ref_axis',(1.,0.,5.32907051820073E-15));
#9238=DIRECTION('center_axis',(0.,-1.,0.));
#9239=DIRECTION('ref_axis',(1.,0.,5.32907051820073E-15));
#9240=DIRECTION('',(0.,-1.,0.));
#9241=DIRECTION('center_axis',(1.,0.,-2.5019110414088E-16));
#9242=DIRECTION('ref_axis',(2.5019110414088E-16,0.,1.));
#9243=DIRECTION('',(2.5019110414088E-16,0.,1.));
#9244=DIRECTION('',(0.,-1.,0.));
#9245=DIRECTION('center_axis',(0.,0.,-1.));
#9246=DIRECTION('ref_axis',(1.,0.,0.));
#9247=DIRECTION('',(1.,0.,0.));
#9248=DIRECTION('',(0.,-1.,0.));
#9249=DIRECTION('center_axis',(0.,-1.,0.));
#9250=DIRECTION('ref_axis',(0.,0.,1.));
#9251=DIRECTION('center_axis',(0.,1.,0.));
#9252=DIRECTION('ref_axis',(0.,0.,1.));
#9253=DIRECTION('',(0.,-1.,0.));
#9254=DIRECTION('center_axis',(1.,0.,0.));
#9255=DIRECTION('ref_axis',(0.,0.,1.));
#9256=DIRECTION('',(0.,0.,1.));
#9257=DIRECTION('',(0.,-1.,0.));
#9258=DIRECTION('center_axis',(0.,-1.,0.));
#9259=DIRECTION('ref_axis',(-1.,0.,-1.77635683940025E-15));
#9260=DIRECTION('center_axis',(0.,1.,0.));
#9261=DIRECTION('ref_axis',(-1.,0.,-1.77635683940025E-15));
#9262=DIRECTION('',(0.,-1.,0.));
#9263=DIRECTION('center_axis',(0.,0.,1.));
#9264=DIRECTION('ref_axis',(-1.,0.,0.));
#9265=DIRECTION('',(-1.,0.,0.));
#9266=DIRECTION('',(0.,-1.,0.));
#9267=DIRECTION('center_axis',(1.,0.,-2.5019110414088E-16));
#9268=DIRECTION('ref_axis',(2.5019110414088E-16,0.,1.));
#9269=DIRECTION('',(2.5019110414088E-16,0.,1.));
#9270=DIRECTION('',(0.,-1.,0.));
#9271=DIRECTION('center_axis',(0.,0.,-1.));
#9272=DIRECTION('ref_axis',(1.,0.,0.));
#9273=DIRECTION('',(1.,0.,0.));
#9274=DIRECTION('',(0.,-1.,0.));
#9275=DIRECTION('center_axis',(1.,0.,0.));
#9276=DIRECTION('ref_axis',(0.,0.,1.));
#9277=DIRECTION('',(0.,0.,1.));
#9278=DIRECTION('',(0.,-1.,0.));
#9279=DIRECTION('center_axis',(0.,0.,1.));
#9280=DIRECTION('ref_axis',(-1.,0.,0.));
#9281=DIRECTION('',(-1.,0.,0.));
#9282=DIRECTION('',(0.,-1.,0.));
#9283=DIRECTION('center_axis',(1.,0.,-2.5019110414088E-16));
#9284=DIRECTION('ref_axis',(2.5019110414088E-16,0.,1.));
#9285=DIRECTION('',(2.5019110414088E-16,0.,1.));
#9286=DIRECTION('',(0.,-1.,0.));
#9287=DIRECTION('center_axis',(0.,0.,-1.));
#9288=DIRECTION('ref_axis',(1.,0.,0.));
#9289=DIRECTION('',(1.,0.,0.));
#9290=DIRECTION('',(0.,-1.,0.));
#9291=DIRECTION('center_axis',(1.,0.,0.));
#9292=DIRECTION('ref_axis',(0.,0.,1.));
#9293=DIRECTION('',(0.,0.,1.));
#9294=DIRECTION('',(0.,-1.,0.));
#9295=DIRECTION('center_axis',(0.,0.,1.));
#9296=DIRECTION('ref_axis',(-1.,0.,0.));
#9297=DIRECTION('',(-1.,0.,0.));
#9298=DIRECTION('',(0.,-1.,0.));
#9299=DIRECTION('center_axis',(1.,0.,-2.5019110414088E-16));
#9300=DIRECTION('ref_axis',(2.5019110414088E-16,0.,1.));
#9301=DIRECTION('',(2.5019110414088E-16,0.,1.));
#9302=DIRECTION('',(0.,-1.,0.));
#9303=DIRECTION('center_axis',(0.,-1.,0.));
#9304=DIRECTION('ref_axis',(-3.5527136788005E-15,0.,-1.));
#9305=DIRECTION('center_axis',(0.,-1.,0.));
#9306=DIRECTION('ref_axis',(-3.5527136788005E-15,0.,-1.));
#9307=DIRECTION('',(0.,-1.,0.));
#9308=DIRECTION('center_axis',(0.,0.,-1.));
#9309=DIRECTION('ref_axis',(1.,0.,0.));
#9310=DIRECTION('',(1.,0.,0.));
#9311=DIRECTION('',(0.,-1.,0.));
#9312=DIRECTION('center_axis',(-1.,0.,0.));
#9313=DIRECTION('ref_axis',(0.,0.,-1.));
#9314=DIRECTION('',(0.,0.,-1.));
#9315=DIRECTION('',(0.,-1.,0.));
#9316=DIRECTION('center_axis',(0.,-1.,0.));
#9317=DIRECTION('ref_axis',(1.,0.,1.77635683940025E-15));
#9318=DIRECTION('center_axis',(0.,1.,0.));
#9319=DIRECTION('ref_axis',(1.,0.,1.77635683940025E-15));
#9320=DIRECTION('',(0.,-1.,0.));
#9321=DIRECTION('center_axis',(0.,0.,-1.));
#9322=DIRECTION('ref_axis',(1.,0.,0.));
#9323=DIRECTION('',(1.,0.,0.));
#9324=DIRECTION('',(0.,-1.,0.));
#9325=DIRECTION('center_axis',(0.,-1.,0.));
#9326=DIRECTION('ref_axis',(8.88178419700127E-16,0.,1.));
#9327=DIRECTION('center_axis',(0.,1.,0.));
#9328=DIRECTION('ref_axis',(8.88178419700127E-16,0.,1.));
#9329=DIRECTION('',(0.,-1.,0.));
#9330=DIRECTION('center_axis',(1.,0.,-1.95526700495818E-16));
#9331=DIRECTION('ref_axis',(1.95526700495818E-16,0.,1.));
#9332=DIRECTION('',(1.95526700495818E-16,0.,1.));
#9333=DIRECTION('',(0.,-1.,0.));
#9334=DIRECTION('center_axis',(0.,0.,-1.));
#9335=DIRECTION('ref_axis',(1.,0.,0.));
#9336=DIRECTION('',(1.,0.,0.));
#9337=DIRECTION('',(0.,-1.,0.));
#9338=DIRECTION('center_axis',(-1.,0.,0.));
#9339=DIRECTION('ref_axis',(0.,0.,-1.));
#9340=DIRECTION('',(0.,0.,-1.));
#9341=DIRECTION('',(0.,-1.,0.));
#9342=DIRECTION('center_axis',(0.,-1.,0.));
#9343=DIRECTION('ref_axis',(1.,0.,0.));
#9344=DIRECTION('center_axis',(0.,1.,0.));
#9345=DIRECTION('ref_axis',(1.,0.,0.));
#9346=DIRECTION('',(0.,-1.,0.));
#9347=DIRECTION('center_axis',(0.,0.,-1.));
#9348=DIRECTION('ref_axis',(1.,0.,0.));
#9349=DIRECTION('',(1.,0.,0.));
#9350=DIRECTION('',(0.,-1.,0.));
#9351=DIRECTION('center_axis',(0.,-1.,0.));
#9352=DIRECTION('ref_axis',(0.,0.,1.));
#9353=DIRECTION('center_axis',(0.,1.,0.));
#9354=DIRECTION('ref_axis',(0.,0.,1.));
#9355=DIRECTION('',(0.,-1.,0.));
#9356=DIRECTION('center_axis',(1.,0.,0.));
#9357=DIRECTION('ref_axis',(0.,0.,1.));
#9358=DIRECTION('',(0.,0.,1.));
#9359=DIRECTION('',(0.,-1.,0.));
#9360=DIRECTION('center_axis',(0.,0.,-1.));
#9361=DIRECTION('ref_axis',(1.,0.,0.));
#9362=DIRECTION('',(1.,0.,0.));
#9363=DIRECTION('',(0.,-1.,0.));
#9364=DIRECTION('center_axis',(0.,-1.,0.));
#9365=DIRECTION('ref_axis',(-1.,0.,-1.77635683940025E-15));
#9366=DIRECTION('center_axis',(0.,-1.,0.));
#9367=DIRECTION('ref_axis',(-1.,0.,-1.77635683940025E-15));
#9368=DIRECTION('',(0.,-1.,0.));
#9369=DIRECTION('center_axis',(-1.,0.,0.));
#9370=DIRECTION('ref_axis',(0.,0.,-1.));
#9371=DIRECTION('',(0.,0.,-1.));
#9372=DIRECTION('',(0.,-1.,0.));
#9373=DIRECTION('center_axis',(0.,0.,1.));
#9374=DIRECTION('ref_axis',(-1.,0.,0.));
#9375=DIRECTION('',(-1.,0.,0.));
#9376=DIRECTION('',(0.,-1.,0.));
#9377=DIRECTION('center_axis',(0.,-1.,0.));
#9378=DIRECTION('ref_axis',(0.,0.,-1.));
#9379=DIRECTION('center_axis',(0.,1.,0.));
#9380=DIRECTION('ref_axis',(0.,0.,-1.));
#9381=DIRECTION('',(0.,-1.,0.));
#9382=DIRECTION('center_axis',(-1.,0.,0.));
#9383=DIRECTION('ref_axis',(0.,0.,-1.));
#9384=DIRECTION('',(0.,0.,-1.));
#9385=DIRECTION('',(0.,-1.,0.));
#9386=DIRECTION('center_axis',(0.,-1.,0.));
#9387=DIRECTION('ref_axis',(1.,0.,6.21724893790081E-15));
#9388=DIRECTION('center_axis',(0.,1.,0.));
#9389=DIRECTION('ref_axis',(1.,0.,6.21724893790081E-15));
#9390=DIRECTION('',(0.,-1.,0.));
#9391=DIRECTION('center_axis',(0.,-1.,0.));
#9392=DIRECTION('ref_axis',(0.701933597033631,0.,-0.712242392276273));
#9393=DIRECTION('center_axis',(0.,1.,0.));
#9394=DIRECTION('ref_axis',(0.701933597033631,0.,-0.712242392276273));
#9395=DIRECTION('',(0.,-1.,0.));
#9396=DIRECTION('center_axis',(-1.,0.,0.));
#9397=DIRECTION('ref_axis',(0.,0.,-1.));
#9398=DIRECTION('',(0.,0.,-1.));
#9399=DIRECTION('',(0.,-1.,0.));
#9400=DIRECTION('center_axis',(0.,-1.,0.));
#9401=DIRECTION('ref_axis',(1.,0.,3.10862446895044E-15));
#9402=DIRECTION('center_axis',(0.,1.,0.));
#9403=DIRECTION('ref_axis',(1.,0.,3.10862446895044E-15));
#9404=DIRECTION('',(0.,-1.,0.));
#9405=DIRECTION('center_axis',(0.,0.,-1.));
#9406=DIRECTION('ref_axis',(1.,0.,0.));
#9407=DIRECTION('',(1.,0.,0.));
#9408=DIRECTION('',(0.,-1.,0.));
#9409=DIRECTION('center_axis',(-1.,0.,0.));
#9410=DIRECTION('ref_axis',(0.,0.,-1.));
#9411=DIRECTION('',(0.,0.,-1.));
#9412=DIRECTION('',(0.,-1.,0.));
#9413=DIRECTION('center_axis',(0.,-1.,0.));
#9414=DIRECTION('ref_axis',(7.10542735760101E-15,0.,1.));
#9415=DIRECTION('center_axis',(0.,-1.,0.));
#9416=DIRECTION('ref_axis',(7.10542735760101E-15,0.,1.));
#9417=DIRECTION('',(0.,-1.,0.));
#9418=DIRECTION('center_axis',(-1.46202209004136E-16,0.,1.));
#9419=DIRECTION('ref_axis',(-1.,0.,-1.46202209004136E-16));
#9420=DIRECTION('',(-1.,0.,-1.46202209004136E-16));
#9421=DIRECTION('',(0.,-1.,0.));
#9422=DIRECTION('center_axis',(1.,0.,0.));
#9423=DIRECTION('ref_axis',(0.,0.,1.));
#9424=DIRECTION('',(0.,0.,1.));
#9425=DIRECTION('',(0.,-1.,0.));
#9426=DIRECTION('center_axis',(0.,-1.,0.));
#9427=DIRECTION('ref_axis',(-1.,0.,0.));
#9428=DIRECTION('center_axis',(0.,1.,0.));
#9429=DIRECTION('ref_axis',(-1.,0.,0.));
#9430=DIRECTION('',(0.,-1.,0.));
#9431=DIRECTION('center_axis',(-2.15166534576894E-15,0.,1.));
#9432=DIRECTION('ref_axis',(-1.,0.,-2.15166534576894E-15));
#9433=DIRECTION('',(-1.,0.,-2.15166534576894E-15));
#9434=DIRECTION('',(0.,-1.,0.));
#9435=DIRECTION('center_axis',(-0.0135868517817669,0.,0.999907694469175));
#9436=DIRECTION('ref_axis',(-0.999907694469175,0.,-0.0135868517817669));
#9437=DIRECTION('',(-0.999907694469175,0.,-0.0135868517817669));
#9438=DIRECTION('',(0.,-1.,0.));
#9439=DIRECTION('center_axis',(0.,-1.,0.));
#9440=DIRECTION('ref_axis',(0.345037112786311,0.,-0.938589042552749));
#9441=DIRECTION('center_axis',(0.,1.,0.));
#9442=DIRECTION('ref_axis',(0.345037112786311,0.,-0.938589042552749));
#9443=DIRECTION('',(0.,-1.,0.));
#9444=DIRECTION('center_axis',(-1.,0.,0.));
#9445=DIRECTION('ref_axis',(0.,0.,-1.));
#9446=DIRECTION('',(0.,0.,-1.));
#9447=DIRECTION('',(0.,-1.,0.));
#9448=DIRECTION('center_axis',(-1.46202209004136E-16,0.,1.));
#9449=DIRECTION('ref_axis',(-1.,0.,-1.46202209004136E-16));
#9450=DIRECTION('',(-1.,0.,-1.46202209004136E-16));
#9451=DIRECTION('',(0.,-1.,0.));
#9452=DIRECTION('center_axis',(1.,0.,0.));
#9453=DIRECTION('ref_axis',(0.,0.,1.));
#9454=DIRECTION('',(0.,0.,1.));
#9455=DIRECTION('center_axis',(0.,-1.,0.));
#9456=DIRECTION('ref_axis',(1.,0.,0.));
#9457=DIRECTION('center_axis',(-1.,0.,0.));
#9458=DIRECTION('ref_axis',(0.,0.,-1.));
#9459=DIRECTION('center_axis',(1.,0.,0.));
#9460=DIRECTION('ref_axis',(0.,-0.707106781186547,0.707106781186548));
#9461=DIRECTION('',(0.,0.,1.));
#9462=DIRECTION('',(0.,-1.,0.));
#9463=DIRECTION('',(0.,0.,-1.));
#9464=DIRECTION('center_axis',(0.,-1.,0.));
#9465=DIRECTION('ref_axis',(1.,0.,0.));
#9466=DIRECTION('',(-1.,0.,0.));
#9467=DIRECTION('',(0.,0.,1.));
#9468=DIRECTION('',(0.,0.,1.));
#9469=DIRECTION('',(-1.,0.,0.));
#9470=DIRECTION('',(0.,0.,-1.));
#9471=DIRECTION('',(0.,0.,-1.));
#9472=DIRECTION('',(-1.,0.,0.));
#9473=DIRECTION('',(0.,0.,1.));
#9474=DIRECTION('center_axis',(0.,-1.,0.));
#9475=DIRECTION('ref_axis',(0.,0.,-1.));
#9476=DIRECTION('',(1.,0.,0.));
#9477=DIRECTION('center_axis',(0.,-1.,0.));
#9478=DIRECTION('ref_axis',(-1.,0.,0.));
#9479=DIRECTION('center_axis',(0.,1.,0.));
#9480=DIRECTION('ref_axis',(1.,0.,0.));
#9481=DIRECTION('center_axis',(0.,1.,0.));
#9482=DIRECTION('ref_axis',(1.,0.,0.));
#9483=DIRECTION('center_axis',(0.,1.,0.));
#9484=DIRECTION('ref_axis',(1.,0.,0.));
#9485=DIRECTION('center_axis',(0.,1.,0.));
#9486=DIRECTION('ref_axis',(1.,0.,0.));
#9487=DIRECTION('center_axis',(-1.,0.,0.));
#9488=DIRECTION('ref_axis',(0.,-0.707106781186547,0.707106781186548));
#9489=DIRECTION('',(1.,0.,0.));
#9490=DIRECTION('center_axis',(-1.,0.,0.));
#9491=DIRECTION('ref_axis',(0.,-1.,0.));
#9492=DIRECTION('center_axis',(0.,-1.,0.));
#9493=DIRECTION('ref_axis',(1.,0.,0.));
#9494=DIRECTION('center_axis',(0.,-1.,0.));
#9495=DIRECTION('ref_axis',(-1.,0.,0.));
#9496=DIRECTION('',(1.,0.,0.));
#9497=DIRECTION('center_axis',(0.,-1.,0.));
#9498=DIRECTION('ref_axis',(0.,0.,-1.));
#9499=DIRECTION('',(0.,0.,1.));
#9500=DIRECTION('',(1.,0.,0.));
#9501=DIRECTION('',(0.,0.,-1.));
#9502=DIRECTION('',(0.,0.,-1.));
#9503=DIRECTION('',(-1.,0.,0.));
#9504=DIRECTION('',(0.,0.,1.));
#9505=DIRECTION('',(0.,0.,1.));
#9506=DIRECTION('center_axis',(0.,1.,0.));
#9507=DIRECTION('ref_axis',(1.,0.,0.));
#9508=DIRECTION('center_axis',(0.,1.,0.));
#9509=DIRECTION('ref_axis',(1.,0.,0.));
#9510=DIRECTION('center_axis',(0.,1.,0.));
#9511=DIRECTION('ref_axis',(1.,0.,0.));
#9512=DIRECTION('center_axis',(0.,1.,0.));
#9513=DIRECTION('ref_axis',(1.,0.,0.));
#9514=DIRECTION('center_axis',(-1.,0.,0.));
#9515=DIRECTION('ref_axis',(0.,-0.707106781186547,0.707106781186548));
#9516=DIRECTION('center_axis',(-1.,0.,0.));
#9517=DIRECTION('ref_axis',(0.,0.707106781186546,0.707106781186549));
#9518=DIRECTION('center_axis',(1.,0.,0.));
#9519=DIRECTION('ref_axis',(0.,-1.,0.));
#9520=DIRECTION('center_axis',(-1.,0.,0.));
#9521=DIRECTION('ref_axis',(0.,-1.,0.));
#9522=DIRECTION('',(-0.819152044288992,0.573576436351046,-7.02428546843654E-17));
#9523=DIRECTION('center_axis',(-1.,0.,0.));
#9524=DIRECTION('ref_axis',(0.,-1.,0.));
#9525=DIRECTION('center_axis',(-1.,0.,0.));
#9526=DIRECTION('ref_axis',(0.,-1.,0.));
#9527=DIRECTION('center_axis',(-1.,0.,0.));
#9528=DIRECTION('ref_axis',(0.,-1.,0.));
#9529=DIRECTION('',(-0.819152044288992,0.573576436351046,-7.02428546843654E-17));
#9530=DIRECTION('center_axis',(-1.,0.,0.));
#9531=DIRECTION('ref_axis',(0.,-1.,0.));
#9532=DIRECTION('center_axis',(1.,0.,0.));
#9533=DIRECTION('ref_axis',(0.,0.,1.));
#9534=DIRECTION('',(0.,0.707106781186548,-0.707106781186547));
#9535=DIRECTION('center_axis',(1.,0.,0.));
#9536=DIRECTION('ref_axis',(0.,0.,1.));
#9537=DIRECTION('center_axis',(0.,0.707106781186547,0.707106781186548));
#9538=DIRECTION('ref_axis',(1.,0.,0.));
#9539=DIRECTION('',(0.,-0.707106781186548,0.707106781186547));
#9540=DIRECTION('center_axis',(1.,0.,0.));
#9541=DIRECTION('ref_axis',(0.,-1.,0.));
#9542=DIRECTION('',(0.819152044288992,0.573576436351046,-7.02428546843654E-17));
#9543=DIRECTION('center_axis',(1.,0.,0.));
#9544=DIRECTION('ref_axis',(0.,-1.,0.));
#9545=DIRECTION('center_axis',(1.,0.,0.));
#9546=DIRECTION('ref_axis',(0.,-1.,0.));
#9547=DIRECTION('center_axis',(-1.,0.,0.));
#9548=DIRECTION('ref_axis',(0.,0.,-1.));
#9549=DIRECTION('center_axis',(1.,0.,0.));
#9550=DIRECTION('ref_axis',(0.,-1.,0.));
#9551=DIRECTION('center_axis',(-1.,0.,0.));
#9552=DIRECTION('ref_axis',(0.,0.,-1.));
#9553=DIRECTION('center_axis',(1.,0.,0.));
#9554=DIRECTION('ref_axis',(0.,-1.,0.));
#9555=DIRECTION('',(0.819152044288992,0.573576436351046,-7.02428546843654E-17));
#9556=DIRECTION('center_axis',(0.,-1.,0.));
#9557=DIRECTION('ref_axis',(1.,0.,0.));
#9558=DIRECTION('',(0.,1.,0.));
#9559=DIRECTION('center_axis',(0.,-1.,0.));
#9560=DIRECTION('ref_axis',(1.,0.,0.));
#9561=DIRECTION('',(0.,1.,0.));
#9562=DIRECTION('center_axis',(0.,-1.,0.));
#9563=DIRECTION('ref_axis',(1.,0.,0.));
#9564=DIRECTION('',(0.,1.,0.));
#9565=DIRECTION('center_axis',(0.,-1.,0.));
#9566=DIRECTION('ref_axis',(1.,0.,0.));
#9567=DIRECTION('',(0.,1.,0.));
#9568=DIRECTION('center_axis',(1.,0.,0.));
#9569=DIRECTION('ref_axis',(0.,0.,1.));
#9570=DIRECTION('',(0.,-1.,0.));
#9571=DIRECTION('center_axis',(0.,-1.,0.));
#9572=DIRECTION('ref_axis',(0.,0.,-1.));
#9573=DIRECTION('',(0.,-1.,0.));
#9574=DIRECTION('center_axis',(0.,0.,-1.));
#9575=DIRECTION('ref_axis',(1.,0.,0.));
#9576=DIRECTION('',(0.,-1.,0.));
#9577=DIRECTION('center_axis',(0.,-1.,0.));
#9578=DIRECTION('ref_axis',(-1.,0.,0.));
#9579=DIRECTION('center_axis',(1.,0.,0.));
#9580=DIRECTION('ref_axis',(0.,-1.,0.));
#9581=DIRECTION('center_axis',(1.,0.,0.));
#9582=DIRECTION('ref_axis',(0.,-1.,0.));
#9583=DIRECTION('',(-0.7634548641801,-0.6458611850543,-7.90951832970265E-17));
#9584=DIRECTION('center_axis',(-1.,0.,-2.61284757301724E-13));
#9585=DIRECTION('ref_axis',(0.,-1.,0.));
#9586=DIRECTION('center_axis',(1.,0.,0.));
#9587=DIRECTION('ref_axis',(0.,-0.707106781186547,0.707106781186548));
#9588=DIRECTION('center_axis',(0.,-1.,0.));
#9589=DIRECTION('ref_axis',(0.,0.,-1.));
#9590=DIRECTION('',(1.,0.,0.));
#9591=DIRECTION('',(0.,0.,-1.));
#9592=DIRECTION('',(1.,0.,0.));
#9593=DIRECTION('',(0.,0.,-1.));
#9594=DIRECTION('',(-1.,0.,0.));
#9595=DIRECTION('',(0.,0.,1.));
#9596=DIRECTION('',(1.,0.,0.));
#9597=DIRECTION('',(0.,0.,1.));
#9598=DIRECTION('',(-1.,0.,0.));
#9599=DIRECTION('',(0.,0.,1.));
#9600=DIRECTION('',(1.,0.,-2.3373116307898E-16));
#9601=DIRECTION('',(3.70074341541719E-16,0.,-1.));
#9602=DIRECTION('',(-1.,0.,0.));
#9603=DIRECTION('',(0.,0.,1.));
#9604=DIRECTION('',(1.,0.,-1.1686558153949E-16));
#9605=DIRECTION('',(3.70074341541719E-16,0.,-1.));
#9606=DIRECTION('',(-1.,0.,0.));
#9607=DIRECTION('',(0.,0.,1.));
#9608=DIRECTION('',(1.,0.,-1.1686558153949E-16));
#9609=DIRECTION('',(3.70074341541719E-16,0.,-1.));
#9610=DIRECTION('',(-1.,0.,0.));
#9611=DIRECTION('',(0.,0.,1.));
#9612=DIRECTION('',(1.,0.,-1.1686558153949E-16));
#9613=DIRECTION('',(3.70074341541719E-16,0.,-1.));
#9614=DIRECTION('',(-1.,0.,0.));
#9615=DIRECTION('',(0.,0.,1.));
#9616=DIRECTION('',(1.,0.,-1.1686558153949E-16));
#9617=DIRECTION('',(3.70074341541719E-16,0.,-1.));
#9618=DIRECTION('',(-1.,0.,0.));
#9619=DIRECTION('',(0.,0.,1.));
#9620=DIRECTION('',(1.,0.,0.));
#9621=DIRECTION('',(3.70074341541719E-16,0.,-1.));
#9622=DIRECTION('',(-1.,0.,0.));
#9623=DIRECTION('',(0.,0.,1.));
#9624=DIRECTION('',(1.,0.,-1.1686558153949E-16));
#9625=DIRECTION('',(3.70074341541719E-16,0.,-1.));
#9626=DIRECTION('',(-1.,0.,0.));
#9627=DIRECTION('',(0.,0.,1.));
#9628=DIRECTION('',(1.,0.,-1.1686558153949E-16));
#9629=DIRECTION('',(3.70074341541719E-16,0.,-1.));
#9630=DIRECTION('',(-1.,0.,0.));
#9631=DIRECTION('',(0.,0.,1.));
#9632=DIRECTION('',(1.,0.,-1.1686558153949E-16));
#9633=DIRECTION('',(3.70074341541719E-16,0.,-1.));
#9634=DIRECTION('',(-1.,0.,0.));
#9635=DIRECTION('',(0.,0.,1.));
#9636=DIRECTION('',(1.,0.,-1.1686558153949E-16));
#9637=DIRECTION('',(3.70074341541719E-16,0.,-1.));
#9638=DIRECTION('center_axis',(-1.,0.,0.));
#9639=DIRECTION('ref_axis',(0.,-0.707106781186547,0.707106781186548));
#9640=DIRECTION('',(-1.,0.,0.));
#9641=DIRECTION('center_axis',(-1.,0.,0.));
#9642=DIRECTION('ref_axis',(0.,-0.707106781186547,0.707106781186548));
#9643=DIRECTION('center_axis',(1.,0.,0.));
#9644=DIRECTION('ref_axis',(0.,-1.,0.));
#9645=DIRECTION('',(-0.819152044288992,-0.573576436351046,7.02428546843654E-17));
#9646=DIRECTION('center_axis',(-1.,0.,0.));
#9647=DIRECTION('ref_axis',(0.,-1.,0.));
#9648=DIRECTION('center_axis',(-1.,0.,0.));
#9649=DIRECTION('ref_axis',(0.,-1.,0.));
#9650=DIRECTION('',(0.7634548641801,-0.6458611850543,7.90951832970265E-17));
#9651=DIRECTION('center_axis',(1.,0.,2.61284757301724E-13));
#9652=DIRECTION('ref_axis',(0.,-1.,0.));
#9653=DIRECTION('center_axis',(-1.,0.,0.));
#9654=DIRECTION('ref_axis',(0.,-1.,0.));
#9655=DIRECTION('',(0.819152044288992,-0.573576436351046,7.02428546843654E-17));
#9656=DIRECTION('center_axis',(0.,0.500000000000001,-0.866025403784438));
#9657=DIRECTION('ref_axis',(-1.,0.,0.));
#9658=DIRECTION('',(-0.447213595499958,0.774596669241483,0.447213595499958));
#9659=DIRECTION('',(1.,-1.0120856244124E-16,-5.84327907697451E-17));
#9660=DIRECTION('',(0.447213595499958,0.774596669241483,0.447213595499959));
#9661=DIRECTION('center_axis',(0.866025403784439,0.5,3.20493781063928E-16));
#9662=DIRECTION('ref_axis',(3.70074341541719E-16,0.,-1.));
#9663=DIRECTION('',(-0.447213595499958,0.774596669241483,-0.447213595499958));
#9664=DIRECTION('center_axis',(1.0120856244124E-16,0.5,0.866025403784439));
#9665=DIRECTION('ref_axis',(1.,0.,-1.1686558153949E-16));
#9666=DIRECTION('',(0.447213595499958,0.774596669241483,-0.447213595499958));
#9667=DIRECTION('center_axis',(-0.866025403784439,0.5,0.));
#9668=DIRECTION('ref_axis',(0.,0.,1.));
#9669=DIRECTION('center_axis',(0.,0.500000000000002,-0.866025403784438));
#9670=DIRECTION('ref_axis',(-1.,0.,0.));
#9671=DIRECTION('',(-0.447213595499958,0.774596669241483,0.447213595499959));
#9672=DIRECTION('',(1.,-1.0120856244124E-16,-5.84327907697452E-17));
#9673=DIRECTION('',(0.447213595499957,0.774596669241483,0.44721359549996));
#9674=DIRECTION('center_axis',(0.866025403784439,0.5,3.20493781063928E-16));
#9675=DIRECTION('ref_axis',(3.70074341541719E-16,0.,-1.));
#9676=DIRECTION('',(-0.447213595499958,0.774596669241484,-0.447213595499958));
#9677=DIRECTION('center_axis',(1.0120856244124E-16,0.5,0.866025403784439));
#9678=DIRECTION('ref_axis',(1.,0.,-1.1686558153949E-16));
#9679=DIRECTION('',(0.447213595499958,0.774596669241483,-0.447213595499958));
#9680=DIRECTION('center_axis',(-0.866025403784439,0.5,0.));
#9681=DIRECTION('ref_axis',(0.,0.,1.));
#9682=DIRECTION('center_axis',(0.,0.500000000000001,-0.866025403784438));
#9683=DIRECTION('ref_axis',(-1.,0.,0.));
#9684=DIRECTION('',(-0.447213595499958,0.774596669241483,0.447213595499959));
#9685=DIRECTION('',(1.,-1.0120856244124E-16,-5.84327907697452E-17));
#9686=DIRECTION('',(0.447213595499958,0.774596669241483,0.447213595499959));
#9687=DIRECTION('center_axis',(0.866025403784439,0.5,3.20493781063928E-16));
#9688=DIRECTION('ref_axis',(3.70074341541719E-16,0.,-1.));
#9689=DIRECTION('',(-0.447213595499958,0.774596669241484,-0.447213595499958));
#9690=DIRECTION('center_axis',(1.0120856244124E-16,0.5,0.866025403784439));
#9691=DIRECTION('ref_axis',(1.,0.,-1.1686558153949E-16));
#9692=DIRECTION('',(0.447213595499958,0.774596669241483,-0.447213595499958));
#9693=DIRECTION('center_axis',(-0.866025403784439,0.5,0.));
#9694=DIRECTION('ref_axis',(0.,0.,1.));
#9695=DIRECTION('center_axis',(0.,0.5,-0.866025403784438));
#9696=DIRECTION('ref_axis',(-1.,0.,0.));
#9697=DIRECTION('',(-0.447213595499958,0.774596669241483,0.447213595499958));
#9698=DIRECTION('',(1.,-1.0120856244124E-16,-5.84327907697451E-17));
#9699=DIRECTION('',(0.447213595499958,0.774596669241483,0.447213595499958));
#9700=DIRECTION('center_axis',(0.866025403784439,0.5,3.20493781063928E-16));
#9701=DIRECTION('ref_axis',(3.70074341541719E-16,0.,-1.));
#9702=DIRECTION('',(-0.447213595499958,0.774596669241484,-0.447213595499958));
#9703=DIRECTION('center_axis',(1.0120856244124E-16,0.5,0.866025403784439));
#9704=DIRECTION('ref_axis',(1.,0.,-1.1686558153949E-16));
#9705=DIRECTION('',(0.447213595499958,0.774596669241483,-0.447213595499958));
#9706=DIRECTION('center_axis',(-0.866025403784439,0.5,0.));
#9707=DIRECTION('ref_axis',(0.,0.,1.));
#9708=DIRECTION('center_axis',(0.,0.5,-0.866025403784439));
#9709=DIRECTION('ref_axis',(-1.,0.,0.));
#9710=DIRECTION('',(-0.447213595499958,0.774596669241483,0.447213595499958));
#9711=DIRECTION('',(1.,0.,0.));
#9712=DIRECTION('',(0.447213595499958,0.774596669241483,0.447213595499958));
#9713=DIRECTION('center_axis',(0.866025403784439,0.5,3.20493781063928E-16));
#9714=DIRECTION('ref_axis',(3.70074341541719E-16,0.,-1.));
#9715=DIRECTION('',(-0.447213595499958,0.774596669241483,-0.447213595499958));
#9716=DIRECTION('center_axis',(0.,0.5,0.866025403784439));
#9717=DIRECTION('ref_axis',(1.,0.,0.));
#9718=DIRECTION('',(0.447213595499958,0.774596669241483,-0.447213595499958));
#9719=DIRECTION('center_axis',(-0.866025403784439,0.5,0.));
#9720=DIRECTION('ref_axis',(0.,0.,1.));
#9721=DIRECTION('center_axis',(0.,0.500000000000001,-0.866025403784438));
#9722=DIRECTION('ref_axis',(-1.,0.,0.));
#9723=DIRECTION('',(-0.447213595499958,0.774596669241483,0.447213595499959));
#9724=DIRECTION('',(1.,-1.0120856244124E-16,-5.84327907697451E-17));
#9725=DIRECTION('',(0.447213595499958,0.774596669241483,0.447213595499959));
#9726=DIRECTION('center_axis',(0.866025403784439,0.5,3.20493781063928E-16));
#9727=DIRECTION('ref_axis',(3.70074341541719E-16,0.,-1.));
#9728=DIRECTION('',(-0.447213595499958,0.774596669241483,-0.447213595499958));
#9729=DIRECTION('center_axis',(1.0120856244124E-16,0.5,0.866025403784439));
#9730=DIRECTION('ref_axis',(1.,0.,-1.1686558153949E-16));
#9731=DIRECTION('',(0.447213595499958,0.774596669241483,-0.447213595499958));
#9732=DIRECTION('center_axis',(-0.866025403784439,0.5,0.));
#9733=DIRECTION('ref_axis',(0.,0.,1.));
#9734=DIRECTION('center_axis',(0.,0.5,-0.866025403784438));
#9735=DIRECTION('ref_axis',(-1.,0.,0.));
#9736=DIRECTION('',(-0.447213595499958,0.774596669241483,0.447213595499958));
#9737=DIRECTION('',(1.,-1.0120856244124E-16,-5.84327907697451E-17));
#9738=DIRECTION('',(0.447213595499958,0.774596669241483,0.447213595499958));
#9739=DIRECTION('center_axis',(0.866025403784439,0.5,3.20493781063928E-16));
#9740=DIRECTION('ref_axis',(3.70074341541719E-16,0.,-1.));
#9741=DIRECTION('',(-0.447213595499958,0.774596669241484,-0.447213595499958));
#9742=DIRECTION('center_axis',(1.0120856244124E-16,0.5,0.866025403784439));
#9743=DIRECTION('ref_axis',(1.,0.,-1.1686558153949E-16));
#9744=DIRECTION('',(0.447213595499958,0.774596669241483,-0.447213595499958));
#9745=DIRECTION('center_axis',(-0.866025403784439,0.5,0.));
#9746=DIRECTION('ref_axis',(0.,0.,1.));
#9747=DIRECTION('center_axis',(0.,0.500000000000001,-0.866025403784438));
#9748=DIRECTION('ref_axis',(-1.,0.,0.));
#9749=DIRECTION('',(-0.447213595499958,0.774596669241483,0.447213595499959));
#9750=DIRECTION('',(1.,-1.0120856244124E-16,-5.84327907697451E-17));
#9751=DIRECTION('',(0.447213595499958,0.774596669241483,0.447213595499959));
#9752=DIRECTION('center_axis',(0.866025403784439,0.5,3.20493781063928E-16));
#9753=DIRECTION('ref_axis',(3.70074341541719E-16,0.,-1.));
#9754=DIRECTION('',(-0.447213595499958,0.774596669241483,-0.447213595499958));
#9755=DIRECTION('center_axis',(1.0120856244124E-16,0.5,0.866025403784439));
#9756=DIRECTION('ref_axis',(1.,0.,-1.1686558153949E-16));
#9757=DIRECTION('',(0.447213595499958,0.774596669241483,-0.447213595499958));
#9758=DIRECTION('center_axis',(-0.866025403784439,0.5,0.));
#9759=DIRECTION('ref_axis',(0.,0.,1.));
#9760=DIRECTION('center_axis',(0.,0.500000000000001,-0.866025403784438));
#9761=DIRECTION('ref_axis',(-1.,0.,0.));
#9762=DIRECTION('',(-0.447213595499958,0.774596669241483,0.447213595499959));
#9763=DIRECTION('',(1.,-1.0120856244124E-16,-5.84327907697452E-17));
#9764=DIRECTION('',(0.447213595499958,0.774596669241483,0.447213595499959));
#9765=DIRECTION('center_axis',(0.866025403784439,0.5,3.20493781063928E-16));
#9766=DIRECTION('ref_axis',(3.70074341541719E-16,0.,-1.));
#9767=DIRECTION('',(-0.447213595499958,0.774596669241484,-0.447213595499958));
#9768=DIRECTION('center_axis',(1.0120856244124E-16,0.5,0.866025403784439));
#9769=DIRECTION('ref_axis',(1.,0.,-1.1686558153949E-16));
#9770=DIRECTION('',(0.447213595499958,0.774596669241483,-0.447213595499958));
#9771=DIRECTION('center_axis',(-0.866025403784439,0.5,0.));
#9772=DIRECTION('ref_axis',(0.,0.,1.));
#9773=DIRECTION('center_axis',(0.,0.500000000000001,-0.866025403784438));
#9774=DIRECTION('ref_axis',(-1.,0.,0.));
#9775=DIRECTION('',(-0.447213595499958,0.774596669241483,0.447213595499959));
#9776=DIRECTION('',(1.,-2.0241712488248E-16,-1.1686558153949E-16));
#9777=DIRECTION('',(0.447213595499958,0.774596669241483,0.447213595499959));
#9778=DIRECTION('center_axis',(0.866025403784439,0.5,3.20493781063928E-16));
#9779=DIRECTION('ref_axis',(3.70074341541719E-16,0.,-1.));
#9780=DIRECTION('',(-0.447213595499958,0.774596669241483,-0.447213595499958));
#9781=DIRECTION('center_axis',(2.0241712488248E-16,0.5,0.866025403784438));
#9782=DIRECTION('ref_axis',(1.,0.,-2.3373116307898E-16));
#9783=DIRECTION('',(0.447213595499958,0.774596669241483,-0.447213595499958));
#9784=DIRECTION('center_axis',(-0.866025403784439,0.5,0.));
#9785=DIRECTION('ref_axis',(0.,0.,1.));
#9786=DIRECTION('center_axis',(0.,-0.707106781186548,-0.707106781186548));
#9787=DIRECTION('ref_axis',(-1.,0.,0.));
#9788=DIRECTION('',(0.,-0.707106781186548,0.707106781186548));
#9789=DIRECTION('',(0.,0.707106781186548,-0.707106781186548));
#9790=DIRECTION('',(1.,0.,0.));
#9791=DIRECTION('center_axis',(-1.,0.,0.));
#9792=DIRECTION('ref_axis',(0.,0.,-1.));
#9793=DIRECTION('',(0.,-1.,0.));
#9794=DIRECTION('',(0.,0.,-1.));
#9795=DIRECTION('center_axis',(1.,0.,0.));
#9796=DIRECTION('ref_axis',(0.,0.,1.));
#9797=DIRECTION('',(0.,-1.,0.));
#9798=DIRECTION('',(0.,0.,1.));
#9799=DIRECTION('center_axis',(-1.,0.,0.));
#9800=DIRECTION('ref_axis',(0.,0.,-1.));
#9801=DIRECTION('',(0.,0.,-1.));
#9802=DIRECTION('',(0.,-1.,0.));
#9803=DIRECTION('center_axis',(0.,0.,-1.));
#9804=DIRECTION('ref_axis',(1.,0.,0.));
#9805=DIRECTION('',(1.,0.,0.));
#9806=DIRECTION('center_axis',(0.,0.,-1.));
#9807=DIRECTION('ref_axis',(1.,0.,0.));
#9808=DIRECTION('',(1.,0.,0.));
#9809=DIRECTION('',(0.,-1.,0.));
#9810=DIRECTION('center_axis',(1.,0.,0.));
#9811=DIRECTION('ref_axis',(0.,0.,1.));
#9812=DIRECTION('',(0.,0.,1.));
#9813=DIRECTION('center_axis',(0.,-1.,0.));
#9814=DIRECTION('ref_axis',(1.,0.,0.));
#9815=DIRECTION('center_axis',(1.,0.,0.));
#9816=DIRECTION('ref_axis',(-9.49526397052992E-16,-1.,0.));
#9817=DIRECTION('center_axis',(1.,0.,0.));
#9818=DIRECTION('ref_axis',(0.,-1.,0.));
#9819=DIRECTION('',(-0.7634548641801,-0.6458611850543,-7.90951832970265E-17));
#9820=DIRECTION('center_axis',(-1.,2.61284757301861E-13,0.));
#9821=DIRECTION('ref_axis',(-2.61284757301861E-13,-1.,0.));
#9822=DIRECTION('center_axis',(-1.,0.,-4.48574959444508E-16));
#9823=DIRECTION('ref_axis',(-7.85046229341888E-16,-0.707106781186547,0.707106781186548));
#9824=DIRECTION('',(-1.,0.,-4.48574959444508E-16));
#9825=DIRECTION('center_axis',(1.,0.,0.));
#9826=DIRECTION('ref_axis',(-7.85046229341888E-16,-0.707106781186547,0.707106781186548));
#9827=DIRECTION('',(1.,0.,4.48574959444508E-16));
#9828=DIRECTION('center_axis',(0.,-1.,0.));
#9829=DIRECTION('ref_axis',(0.,0.,-1.));
#9830=DIRECTION('',(0.,0.,-1.));
#9831=DIRECTION('',(-1.,0.,0.));
#9832=DIRECTION('',(0.,0.,1.));
#9833=DIRECTION('',(1.,0.,2.24287479722254E-16));
#9834=DIRECTION('',(0.,0.,-1.));
#9835=DIRECTION('',(-1.,0.,0.));
#9836=DIRECTION('',(0.,0.,-1.));
#9837=DIRECTION('',(-1.,0.,0.));
#9838=DIRECTION('',(0.,0.,1.));
#9839=DIRECTION('',(-1.,0.,0.));
#9840=DIRECTION('',(0.,0.,1.));
#9841=DIRECTION('center_axis',(1.,0.,0.));
#9842=DIRECTION('ref_axis',(0.,0.,1.));
#9843=DIRECTION('center_axis',(-1.,0.,0.));
#9844=DIRECTION('ref_axis',(0.,-0.707106781186547,0.707106781186548));
#9845=DIRECTION('',(0.,0.707106781186548,-0.707106781186548));
#9846=DIRECTION('',(0.,0.,-1.));
#9847=DIRECTION('center_axis',(-1.,0.,-2.24287479722254E-16));
#9848=DIRECTION('ref_axis',(0.,-0.707106781186547,0.707106781186548));
#9849=DIRECTION('',(-1.,0.,-2.24287479722254E-16));
#9850=DIRECTION('center_axis',(0.,-1.,0.));
#9851=DIRECTION('ref_axis',(1.,0.,0.));
#9852=DIRECTION('',(0.,0.,1.));
#9853=DIRECTION('',(1.,0.,0.));
#9854=DIRECTION('',(0.,0.,1.));
#9855=DIRECTION('',(1.,0.,0.));
#9856=DIRECTION('',(0.,0.,-1.));
#9857=DIRECTION('',(1.,0.,0.));
#9858=DIRECTION('',(0.,0.,1.));
#9859=DIRECTION('',(-1.,0.,0.));
#9860=DIRECTION('',(0.,0.,1.));
#9861=DIRECTION('center_axis',(1.,0.,0.));
#9862=DIRECTION('ref_axis',(0.,0.,1.));
#9863=DIRECTION('',(0.,-0.707106781186548,0.707106781186548));
#9864=DIRECTION('',(0.,-0.707106781186548,-0.707106781186548));
#9865=DIRECTION('center_axis',(1.,0.,0.));
#9866=DIRECTION('ref_axis',(0.,-1.,0.));
#9867=DIRECTION('',(-0.819152044288992,-0.573576436351046,7.02428546843654E-17));
#9868=DIRECTION('center_axis',(-1.,0.,0.));
#9869=DIRECTION('ref_axis',(9.49526397052992E-16,-1.,0.));
#9870=DIRECTION('',(0.7634548641801,-0.6458611850543,7.90951832970265E-17));
#9871=DIRECTION('center_axis',(1.,2.61284757301861E-13,0.));
#9872=DIRECTION('ref_axis',(2.61284757301861E-13,-1.,0.));
#9873=DIRECTION('center_axis',(-1.,0.,0.));
#9874=DIRECTION('ref_axis',(0.,-1.,0.));
#9875=DIRECTION('center_axis',(-1.,0.,0.));
#9876=DIRECTION('ref_axis',(0.,0.,-1.));
#9877=DIRECTION('',(0.,0.707106781186548,0.707106781186548));
#9878=DIRECTION('',(0.,0.707106781186548,-0.707106781186548));
#9879=DIRECTION('center_axis',(-1.,0.,0.));
#9880=DIRECTION('ref_axis',(0.,-1.,0.));
#9881=DIRECTION('',(0.819152044288992,-0.573576436351046,7.02428546843654E-17));
#9882=DIRECTION('center_axis',(0.,-0.707106781186548,-0.707106781186548));
#9883=DIRECTION('ref_axis',(-1.,0.,0.));
#9884=DIRECTION('',(0.,-0.707106781186548,0.707106781186548));
#9885=DIRECTION('',(0.,0.707106781186548,-0.707106781186548));
#9886=DIRECTION('center_axis',(1.,0.,0.));
#9887=DIRECTION('ref_axis',(0.,0.,1.));
#9888=DIRECTION('',(0.,0.707106781186548,0.707106781186548));
#9889=DIRECTION('',(0.,0.707106781186548,-0.707106781186548));
#9890=DIRECTION('center_axis',(-1.,0.,0.));
#9891=DIRECTION('ref_axis',(0.,0.,-1.));
#9892=DIRECTION('',(0.,-0.707106781186548,0.707106781186548));
#9893=DIRECTION('',(0.,-0.707106781186548,-0.707106781186548));
#9894=DIRECTION('center_axis',(0.,0.707106781186548,-0.707106781186548));
#9895=DIRECTION('ref_axis',(-1.,0.,0.));
#9896=DIRECTION('',(1.,0.,0.));
#9897=DIRECTION('center_axis',(0.,-0.707106781186548,-0.707106781186548));
#9898=DIRECTION('ref_axis',(-1.,0.,0.));
#9899=DIRECTION('center_axis',(0.,0.707106781186548,-0.707106781186548));
#9900=DIRECTION('ref_axis',(-1.,0.,0.));
#9901=DIRECTION('',(1.,0.,0.));
#9902=DIRECTION('center_axis',(0.,-0.707106781186548,-0.707106781186548));
#9903=DIRECTION('ref_axis',(-1.,0.,0.));
#9904=DIRECTION('center_axis',(0.,0.707106781186548,0.707106781186548));
#9905=DIRECTION('ref_axis',(1.,0.,0.));
#9906=DIRECTION('',(0.,-0.707106781186548,0.707106781186548));
#9907=DIRECTION('center_axis',(-1.,0.,0.));
#9908=DIRECTION('ref_axis',(0.,0.,-1.));
#9909=CARTESIAN_POINT('',(0.,0.,0.));
#9910=CARTESIAN_POINT('Origin',(120.5,-4.9,-70.5));
#9911=CARTESIAN_POINT('',(118.3,-4.9,-70.5));
#9912=CARTESIAN_POINT('Origin',(120.5,-4.9,-70.5));
#9913=CARTESIAN_POINT('',(118.3,0.0999999999999995,-70.5));
#9914=CARTESIAN_POINT('',(118.3,-4.9,-70.5));
#9915=CARTESIAN_POINT('Origin',(120.5,0.0999999999999995,-70.5));
#9916=CARTESIAN_POINT('Origin',(120.5,0.0999999999999995,-70.5));
#9917=CARTESIAN_POINT('Origin',(120.5,-4.9,70.5));
#9918=CARTESIAN_POINT('',(118.3,-4.9,70.5));
#9919=CARTESIAN_POINT('Origin',(120.5,-4.9,70.5));
#9920=CARTESIAN_POINT('',(118.3,0.0999999999999995,70.5));
#9921=CARTESIAN_POINT('',(118.3,-4.9,70.5));
#9922=CARTESIAN_POINT('Origin',(120.5,0.0999999999999995,70.5));
#9923=CARTESIAN_POINT('Origin',(120.5,0.0999999999999995,70.5));
#9924=CARTESIAN_POINT('Origin',(-120.5,-4.9,-70.5));
#9925=CARTESIAN_POINT('',(-122.7,-4.9,-70.5));
#9926=CARTESIAN_POINT('Origin',(-120.5,-4.9,-70.5));
#9927=CARTESIAN_POINT('',(-122.7,0.0999999999999995,-70.5));
#9928=CARTESIAN_POINT('',(-122.7,-4.9,-70.5));
#9929=CARTESIAN_POINT('Origin',(-120.5,0.0999999999999995,-70.5));
#9930=CARTESIAN_POINT('Origin',(-120.5,0.0999999999999995,-70.5));
#9931=CARTESIAN_POINT('Origin',(-120.5,-4.9,70.5));
#9932=CARTESIAN_POINT('',(-122.7,-4.9,70.5));
#9933=CARTESIAN_POINT('Origin',(-120.5,-4.9,70.5));
#9934=CARTESIAN_POINT('',(-122.7,0.0999999999999995,70.5));
#9935=CARTESIAN_POINT('',(-122.7,-4.9,70.5));
#9936=CARTESIAN_POINT('Origin',(-120.5,0.0999999999999995,70.5));
#9937=CARTESIAN_POINT('Origin',(-120.5,0.0999999999999995,70.5));
#9938=CARTESIAN_POINT('Origin',(123.7,-4.9,70.5));
#9939=CARTESIAN_POINT('',(123.7,-4.9,-70.5));
#9940=CARTESIAN_POINT('',(123.7,-4.9,70.5));
#9941=CARTESIAN_POINT('',(123.7,-4.9,35.25));
#9942=CARTESIAN_POINT('',(123.7,-6.5,-70.5));
#9943=CARTESIAN_POINT('',(123.7,-4.9,-70.5));
#9944=CARTESIAN_POINT('',(123.7,-6.5,70.5));
#9945=CARTESIAN_POINT('',(123.7,-6.5,-70.5));
#9946=CARTESIAN_POINT('',(123.7,-4.9,70.5));
#9947=CARTESIAN_POINT('Origin',(120.5,-4.9,70.5));
#9948=CARTESIAN_POINT('',(120.5,-4.9,73.7));
#9949=CARTESIAN_POINT('Origin',(120.5,-4.9,70.5));
#9950=CARTESIAN_POINT('',(120.5,-6.5,73.7));
#9951=CARTESIAN_POINT('Origin',(120.5,-6.5,70.5));
#9952=CARTESIAN_POINT('',(120.5,-4.9,73.7));
#9953=CARTESIAN_POINT('Origin',(-120.5,-4.9,73.7));
#9954=CARTESIAN_POINT('',(-120.5,-4.9,73.7));
#9955=CARTESIAN_POINT('',(-60.25,-4.9,73.7));
#9956=CARTESIAN_POINT('',(-120.5,-6.5,73.7));
#9957=CARTESIAN_POINT('',(120.5,-6.5,73.7));
#9958=CARTESIAN_POINT('',(-120.5,-4.9,73.7));
#9959=CARTESIAN_POINT('Origin',(-120.5,-4.9,70.5));
#9960=CARTESIAN_POINT('',(-123.7,-4.9,70.5));
#9961=CARTESIAN_POINT('Origin',(-120.5,-4.9,70.5));
#9962=CARTESIAN_POINT('',(-123.7,-6.5,70.5));
#9963=CARTESIAN_POINT('Origin',(-120.5,-6.5,70.5));
#9964=CARTESIAN_POINT('',(-123.7,-4.9,70.5));
#9965=CARTESIAN_POINT('Origin',(-123.7,-4.9,-70.5));
#9966=CARTESIAN_POINT('',(-123.7,-4.9,-70.5));
#9967=CARTESIAN_POINT('',(-123.7,-4.9,-35.25));
#9968=CARTESIAN_POINT('',(-123.7,-6.5,-70.5));
#9969=CARTESIAN_POINT('',(-123.7,-6.5,70.5));
#9970=CARTESIAN_POINT('',(-123.7,-4.9,-70.5));
#9971=CARTESIAN_POINT('Origin',(-120.5,-4.9,-70.5));
#9972=CARTESIAN_POINT('',(-120.5,-4.9,-73.7));
#9973=CARTESIAN_POINT('Origin',(-120.5,-4.9,-70.5));
#9974=CARTESIAN_POINT('',(-120.5,-6.5,-73.7));
#9975=CARTESIAN_POINT('Origin',(-120.5,-6.5,-70.5));
#9976=CARTESIAN_POINT('',(-120.5,-4.9,-73.7));
#9977=CARTESIAN_POINT('Origin',(120.5,-4.9,-73.7));
#9978=CARTESIAN_POINT('',(120.5,-4.9,-73.7));
#9979=CARTESIAN_POINT('',(60.25,-4.9,-73.7));
#9980=CARTESIAN_POINT('',(120.5,-6.5,-73.7));
#9981=CARTESIAN_POINT('',(-120.5,-6.5,-73.7));
#9982=CARTESIAN_POINT('',(120.5,-4.9,-73.7));
#9983=CARTESIAN_POINT('Origin',(120.5,-4.9,-70.5));
#9984=CARTESIAN_POINT('Origin',(120.5,-4.9,-70.5));
#9985=CARTESIAN_POINT('Origin',(120.5,-6.5,-70.5));
#9986=CARTESIAN_POINT('Origin',(0.,-6.5,8.88178419700125E-15));
#9987=CARTESIAN_POINT('',(-121.5,-6.5,-76.));
#9988=CARTESIAN_POINT('',(121.5,-6.5,-76.));
#9989=CARTESIAN_POINT('',(-121.5,-6.5,-76.));
#9990=CARTESIAN_POINT('',(126.5,-6.5,-71.));
#9991=CARTESIAN_POINT('Origin',(121.5,-6.5,-71.));
#9992=CARTESIAN_POINT('',(126.5,-6.5,71.));
#9993=CARTESIAN_POINT('',(126.5,-6.5,-71.));
#9994=CARTESIAN_POINT('',(121.5,-6.5,76.));
#9995=CARTESIAN_POINT('Origin',(121.5,-6.5,71.));
#9996=CARTESIAN_POINT('',(-121.5,-6.5,76.));
#9997=CARTESIAN_POINT('',(121.5,-6.5,76.));
#9998=CARTESIAN_POINT('',(-126.5,-6.5,71.));
#9999=CARTESIAN_POINT('Origin',(-121.5,-6.5,71.));
#10000=CARTESIAN_POINT('',(-126.5,-6.5,-71.));
#10001=CARTESIAN_POINT('',(-126.5,-6.5,71.));
#10002=CARTESIAN_POINT('Origin',(-121.5,-6.5,-71.));
#10003=CARTESIAN_POINT('Origin',(7.50000000000002,2.,71.7));
#10004=CARTESIAN_POINT('',(7.50000000000002,2.,71.8));
#10005=CARTESIAN_POINT('',(7.50000000000002,2.,71.7));
#10006=CARTESIAN_POINT('',(7.50000000000002,2.,71.8));
#10007=CARTESIAN_POINT('',(7.50000000000002,-4.9,71.8));
#10008=CARTESIAN_POINT('',(7.50000000000002,2.,71.8));
#10009=CARTESIAN_POINT('',(7.50000000000002,-4.9,71.7));
#10010=CARTESIAN_POINT('',(7.50000000000002,-4.9,71.8));
#10011=CARTESIAN_POINT('',(7.50000000000002,2.,71.7));
#10012=CARTESIAN_POINT('Origin',(-117.7,2.,71.7));
#10013=CARTESIAN_POINT('',(-117.7,2.,71.7));
#10014=CARTESIAN_POINT('',(-117.7,2.,71.7));
#10015=CARTESIAN_POINT('',(-117.7,-4.9,71.7));
#10016=CARTESIAN_POINT('',(-117.7,-4.9,71.7));
#10017=CARTESIAN_POINT('',(-117.7,2.,71.7));
#10018=CARTESIAN_POINT('Origin',(-117.7,2.,-71.7));
#10019=CARTESIAN_POINT('',(-117.7,2.,-71.7));
#10020=CARTESIAN_POINT('',(-117.7,2.,-71.7));
#10021=CARTESIAN_POINT('',(-117.7,-4.9,-71.7));
#10022=CARTESIAN_POINT('',(-117.7,-4.9,-71.7));
#10023=CARTESIAN_POINT('',(-117.7,2.,-71.7));
#10024=CARTESIAN_POINT('Origin',(117.7,2.,-71.7));
#10025=CARTESIAN_POINT('',(117.7,2.,-71.7));
#10026=CARTESIAN_POINT('',(117.7,2.,-71.7));
#10027=CARTESIAN_POINT('',(117.7,-4.9,-71.7));
#10028=CARTESIAN_POINT('',(117.7,-4.9,-71.7));
#10029=CARTESIAN_POINT('',(117.7,2.,-71.7));
#10030=CARTESIAN_POINT('Origin',(117.7,2.,71.7));
#10031=CARTESIAN_POINT('',(117.7,2.,71.7));
#10032=CARTESIAN_POINT('',(117.7,2.,71.7));
#10033=CARTESIAN_POINT('',(117.7,-4.9,71.7));
#10034=CARTESIAN_POINT('',(117.7,-4.9,71.7));
#10035=CARTESIAN_POINT('',(117.7,2.,71.7));
#10036=CARTESIAN_POINT('Origin',(57.5,2.,71.7));
#10037=CARTESIAN_POINT('',(57.5,2.,71.7));
#10038=CARTESIAN_POINT('',(40.7,2.,71.7));
#10039=CARTESIAN_POINT('',(57.5,-4.9,71.7));
#10040=CARTESIAN_POINT('',(40.7,-4.9,71.7));
#10041=CARTESIAN_POINT('',(57.5,2.,71.7));
#10042=CARTESIAN_POINT('Origin',(57.5,2.,71.8));
#10043=CARTESIAN_POINT('',(57.5,2.,71.8));
#10044=CARTESIAN_POINT('',(57.5,2.,71.5));
#10045=CARTESIAN_POINT('',(57.5,-4.9,71.8));
#10046=CARTESIAN_POINT('',(57.5,-4.9,71.5));
#10047=CARTESIAN_POINT('',(57.5,2.,71.8));
#10048=CARTESIAN_POINT('Origin',(56.5,2.,72.8));
#10049=CARTESIAN_POINT('',(56.5,2.,72.8));
#10050=CARTESIAN_POINT('',(56.5,2.,72.8));
#10051=CARTESIAN_POINT('',(56.5,-4.9,72.8));
#10052=CARTESIAN_POINT('',(56.5,-4.9,72.8));
#10053=CARTESIAN_POINT('',(56.5,2.,72.8));
#10054=CARTESIAN_POINT('Origin',(8.50000000000001,2.,72.8));
#10055=CARTESIAN_POINT('',(8.50000000000002,2.,72.8));
#10056=CARTESIAN_POINT('',(56.5,2.,72.8));
#10057=CARTESIAN_POINT('',(8.50000000000002,-4.9,72.8));
#10058=CARTESIAN_POINT('',(56.5,-4.9,72.8));
#10059=CARTESIAN_POINT('',(8.50000000000002,2.,72.8));
#10060=CARTESIAN_POINT('Origin',(7.50000000000002,2.,71.8));
#10061=CARTESIAN_POINT('',(7.50000000000002,2.,71.8));
#10062=CARTESIAN_POINT('',(7.50000000000002,-4.9,71.8));
#10063=CARTESIAN_POINT('Origin',(-121.5,2.,-76.));
#10064=CARTESIAN_POINT('',(121.5,2.,-76.));
#10065=CARTESIAN_POINT('',(-121.5,2.,-76.));
#10066=CARTESIAN_POINT('',(121.5,2.,-76.));
#10067=CARTESIAN_POINT('',(121.5,2.,-76.));
#10068=CARTESIAN_POINT('',(-121.5,2.,-76.));
#10069=CARTESIAN_POINT('Origin',(-121.5,2.,-71.));
#10070=CARTESIAN_POINT('',(-126.5,2.,-71.));
#10071=CARTESIAN_POINT('Origin',(-121.5,2.,-71.));
#10072=CARTESIAN_POINT('',(-126.5,2.,-71.));
#10073=CARTESIAN_POINT('Origin',(-126.5,2.,71.));
#10074=CARTESIAN_POINT('',(-126.5,2.,71.));
#10075=CARTESIAN_POINT('',(-126.5,2.,-71.));
#10076=CARTESIAN_POINT('',(-126.5,2.,71.));
#10077=CARTESIAN_POINT('Origin',(-121.5,2.,71.));
#10078=CARTESIAN_POINT('',(-121.5,2.,76.));
#10079=CARTESIAN_POINT('Origin',(-121.5,2.,71.));
#10080=CARTESIAN_POINT('',(-121.5,2.,76.));
#10081=CARTESIAN_POINT('Origin',(121.5,2.,76.));
#10082=CARTESIAN_POINT('',(121.5,2.,76.));
#10083=CARTESIAN_POINT('',(-121.5,2.,76.));
#10084=CARTESIAN_POINT('',(121.5,2.,76.));
#10085=CARTESIAN_POINT('Origin',(121.5,2.,71.));
#10086=CARTESIAN_POINT('',(126.5,2.,71.));
#10087=CARTESIAN_POINT('Origin',(121.5,2.,71.));
#10088=CARTESIAN_POINT('',(126.5,2.,71.));
#10089=CARTESIAN_POINT('Origin',(126.5,2.,-71.));
#10090=CARTESIAN_POINT('',(126.5,2.,-71.));
#10091=CARTESIAN_POINT('',(126.5,2.,71.));
#10092=CARTESIAN_POINT('',(126.5,2.,-71.));
#10093=CARTESIAN_POINT('Origin',(121.5,2.,-71.));
#10094=CARTESIAN_POINT('Origin',(121.5,2.,-71.));
#10095=CARTESIAN_POINT('Origin',(-1.77635683940025E-14,2.,8.88178419700125E-15));
#10096=CARTESIAN_POINT('Origin',(-1.77635683940025E-14,-4.9,8.88178419700125E-15));
#10097=CARTESIAN_POINT('Origin',(-122.958817411758,-6.5,24.3921598870098));
#10098=CARTESIAN_POINT('',(-122.958817411758,-6.5,24.3921598870098));
#10099=CARTESIAN_POINT('',(-122.958817411758,-6.5,40.4655371096098));
#10100=CARTESIAN_POINT('',(-122.958817411758,-6.5,24.3921598870098));
#10101=CARTESIAN_POINT('',(-122.958817411758,-9.7,40.4655371096098));
#10102=CARTESIAN_POINT('',(-122.958817411758,-6.5,40.4655371096098));
#10103=CARTESIAN_POINT('',(-122.958817411758,-9.7,24.3921598870098));
#10104=CARTESIAN_POINT('',(-122.958817411758,-9.7,24.3921598870098));
#10105=CARTESIAN_POINT('',(-122.958817411758,-6.5,24.3921598870098));
#10106=CARTESIAN_POINT('Origin',(-112.958619651106,-6.5,24.3921598870098));
#10107=CARTESIAN_POINT('',(-112.958619651106,-6.5,24.3921598870098));
#10108=CARTESIAN_POINT('',(-112.958619651106,-6.5,24.3921598870098));
#10109=CARTESIAN_POINT('',(-112.958619651106,-9.7,24.3921598870098));
#10110=CARTESIAN_POINT('',(-112.958619651106,-9.7,24.3921598870098));
#10111=CARTESIAN_POINT('',(-112.958619651106,-6.5,24.3921598870098));
#10112=CARTESIAN_POINT('Origin',(-112.958619651106,-6.5,40.4655371096098));
#10113=CARTESIAN_POINT('',(-112.958619651106,-6.5,40.4655371096098));
#10114=CARTESIAN_POINT('',(-112.958619651106,-6.5,40.4655371096098));
#10115=CARTESIAN_POINT('',(-112.958619651106,-9.7,40.4655371096098));
#10116=CARTESIAN_POINT('',(-112.958619651106,-9.7,40.4655371096098));
#10117=CARTESIAN_POINT('',(-112.958619651106,-6.5,40.4655371096098));
#10118=CARTESIAN_POINT('Origin',(-122.958817411758,-6.5,40.4655371096098));
#10119=CARTESIAN_POINT('',(-122.958817411758,-6.5,40.4655371096098));
#10120=CARTESIAN_POINT('',(-122.958817411758,-9.7,40.4655371096098));
#10121=CARTESIAN_POINT('Origin',(-120.5,-6.5,70.5));
#10122=CARTESIAN_POINT('',(-122.25,-9.7,70.5));
#10123=CARTESIAN_POINT('Origin',(-120.5,-9.7,70.5));
#10124=CARTESIAN_POINT('',(-122.25,-6.5,70.5));
#10125=CARTESIAN_POINT('',(-122.25,-6.5,70.5));
#10126=CARTESIAN_POINT('Origin',(-120.5,-6.5,70.5));
#10127=CARTESIAN_POINT('Origin',(73.6567064757621,-6.5,-62.2600583155262));
#10128=CARTESIAN_POINT('',(73.6567064757621,-6.5,-62.2600583155262));
#10129=CARTESIAN_POINT('',(53.4739161352156,-6.5,-62.2600583155262));
#10130=CARTESIAN_POINT('',(53.4739161352156,-6.5,-62.2600583155262));
#10131=CARTESIAN_POINT('',(53.4739161352156,-9.7,-62.2600583155262));
#10132=CARTESIAN_POINT('',(53.4739161352156,-6.5,-62.2600583155262));
#10133=CARTESIAN_POINT('',(73.6567064757621,-9.7,-62.2600583155262));
#10134=CARTESIAN_POINT('',(53.4739161352156,-9.7,-62.2600583155262));
#10135=CARTESIAN_POINT('',(73.6567064757621,-6.5,-62.2600583155262));
#10136=CARTESIAN_POINT('Origin',(73.6567064757621,-6.5,-51.7201566932408));
#10137=CARTESIAN_POINT('',(73.6567064757621,-6.5,-51.7201566932408));
#10138=CARTESIAN_POINT('',(73.6567064757621,-6.5,-62.2600583155262));
#10139=CARTESIAN_POINT('',(73.6567064757621,-9.7,-51.7201566932408));
#10140=CARTESIAN_POINT('',(73.6567064757621,-9.7,-62.2600583155262));
#10141=CARTESIAN_POINT('',(73.6567064757621,-6.5,-51.7201566932408));
#10142=CARTESIAN_POINT('Origin',(53.4739161352156,-6.5,-51.7201566932408));
#10143=CARTESIAN_POINT('',(53.4739161352156,-6.5,-51.7201566932408));
#10144=CARTESIAN_POINT('',(73.6567064757621,-6.5,-51.7201566932408));
#10145=CARTESIAN_POINT('',(53.4739161352156,-9.7,-51.7201566932408));
#10146=CARTESIAN_POINT('',(73.6567064757621,-9.7,-51.7201566932408));
#10147=CARTESIAN_POINT('',(53.4739161352156,-6.5,-51.7201566932408));
#10148=CARTESIAN_POINT('Origin',(53.4739161352156,-6.5,-62.2600583155262));
#10149=CARTESIAN_POINT('',(53.4739161352156,-6.5,-51.7201566932408));
#10150=CARTESIAN_POINT('',(53.4739161352156,-9.7,-51.7201566932408));
#10151=CARTESIAN_POINT('Origin',(-13.4743194854687,-6.5,9.41739345464786));
#10152=CARTESIAN_POINT('',(-13.4743194854687,-6.5,9.41739345464786));
#10153=CARTESIAN_POINT('',(-13.4743194854687,-6.5,39.2473933508099));
#10154=CARTESIAN_POINT('',(-13.4743194854687,-6.5,9.41739345464786));
#10155=CARTESIAN_POINT('',(-13.4743194854687,-9.7,39.2473933508098));
#10156=CARTESIAN_POINT('',(-13.4743194854687,-6.5,39.2473933508099));
#10157=CARTESIAN_POINT('',(-13.4743194854687,-9.7,9.41739345464786));
#10158=CARTESIAN_POINT('',(-13.4743194854687,-9.7,9.41739345464786));
#10159=CARTESIAN_POINT('',(-13.4743194854687,-6.5,9.41739345464786));
#10160=CARTESIAN_POINT('Origin',(11.0813905739805,-6.5,9.41739345464786));
#10161=CARTESIAN_POINT('',(11.0813905739805,-6.5,9.41739345464786));
#10162=CARTESIAN_POINT('',(11.0813905739805,-6.5,9.41739345464786));
#10163=CARTESIAN_POINT('',(11.0813905739805,-9.7,9.41739345464786));
#10164=CARTESIAN_POINT('',(11.0813905739805,-9.7,9.41739345464786));
#10165=CARTESIAN_POINT('',(11.0813905739805,-6.5,9.41739345464786));
#10166=CARTESIAN_POINT('Origin',(11.0813905739805,-6.5,39.2473933508099));
#10167=CARTESIAN_POINT('',(11.0813905739805,-6.5,39.2473933508099));
#10168=CARTESIAN_POINT('',(11.0813905739805,-6.5,39.2473933508099));
#10169=CARTESIAN_POINT('',(11.0813905739805,-9.7,39.2473933508098));
#10170=CARTESIAN_POINT('',(11.0813905739805,-9.7,39.2473933508099));
#10171=CARTESIAN_POINT('',(11.0813905739805,-6.5,39.2473933508099));
#10172=CARTESIAN_POINT('Origin',(-13.4743194854687,-6.5,39.2473933508099));
#10173=CARTESIAN_POINT('',(-13.4743194854687,-6.5,39.2473933508099));
#10174=CARTESIAN_POINT('',(-13.4743194854687,-9.7,39.2473933508099));
#10175=CARTESIAN_POINT('Origin',(2.75874278556031,-6.5,2.03605076729881));
#10176=CARTESIAN_POINT('',(2.75874278556031,-6.5,2.03605076729881));
#10177=CARTESIAN_POINT('',(72.0043493300241,-6.5,2.03605076729881));
#10178=CARTESIAN_POINT('',(2.75874278556031,-6.5,2.03605076729881));
#10179=CARTESIAN_POINT('',(72.0043493300241,-9.7,2.03605076729881));
#10180=CARTESIAN_POINT('',(72.0043493300241,-6.5,2.03605076729881));
#10181=CARTESIAN_POINT('',(2.75874278556032,-9.7,2.03605076729881));
#10182=CARTESIAN_POINT('',(2.75874278556031,-9.7,2.03605076729881));
#10183=CARTESIAN_POINT('',(2.75874278556031,-6.5,2.03605076729881));
#10184=CARTESIAN_POINT('Origin',(2.75874278556031,-6.5,-36.3212047774407));
#10185=CARTESIAN_POINT('',(2.75874278556031,-6.5,-36.3212047774407));
#10186=CARTESIAN_POINT('',(2.75874278556031,-6.5,-36.3212047774407));
#10187=CARTESIAN_POINT('',(2.75874278556032,-9.7,-36.3212047774407));
#10188=CARTESIAN_POINT('',(2.75874278556031,-9.7,-36.3212047774407));
#10189=CARTESIAN_POINT('',(2.75874278556031,-6.5,-36.3212047774407));
#10190=CARTESIAN_POINT('Origin',(17.1448935222319,-6.5,-36.3212047774407));
#10191=CARTESIAN_POINT('',(17.1448935222319,-6.5,-36.3212047774407));
#10192=CARTESIAN_POINT('',(72.0043493300241,-6.5,-36.3212047774407));
#10193=CARTESIAN_POINT('',(17.1448935222319,-9.7,-36.3212047774407));
#10194=CARTESIAN_POINT('',(72.0043493300241,-9.7,-36.3212047774407));
#10195=CARTESIAN_POINT('',(17.1448935222319,-6.5,-36.3212047774407));
#10196=CARTESIAN_POINT('Origin',(17.1448935222319,-6.5,-65.3996034796112));
#10197=CARTESIAN_POINT('',(17.1448935222319,-6.5,-65.3996034796112));
#10198=CARTESIAN_POINT('',(17.1448935222319,-6.5,-65.3996034796112));
#10199=CARTESIAN_POINT('',(17.1448935222319,-9.7,-65.3996034796112));
#10200=CARTESIAN_POINT('',(17.1448935222319,-9.7,-65.3996034796112));
#10201=CARTESIAN_POINT('',(17.1448935222319,-6.5,-65.3996034796112));
#10202=CARTESIAN_POINT('Origin',(41.3642419308877,-6.5,-65.3996034796112));
#10203=CARTESIAN_POINT('',(41.3642419308877,-6.5,-65.3996034796112));
#10204=CARTESIAN_POINT('',(41.3642419308877,-6.5,-65.3996034796112));
#10205=CARTESIAN_POINT('',(41.3642419308877,-9.7,-65.3996034796112));
#10206=CARTESIAN_POINT('',(41.3642419308877,-9.7,-65.3996034796112));
#10207=CARTESIAN_POINT('',(41.3642419308877,-6.5,-65.3996034796112));
#10208=CARTESIAN_POINT('Origin',(41.3642419308877,-6.5,-36.3212047774407));
#10209=CARTESIAN_POINT('',(41.3642419308877,-6.5,-36.3212047774407));
#10210=CARTESIAN_POINT('',(41.3642419308877,-6.5,-34.602160441444));
#10211=CARTESIAN_POINT('',(41.3642419308877,-9.7,-36.3212047774407));
#10212=CARTESIAN_POINT('',(41.3642419308877,-9.7,-34.602160441444));
#10213=CARTESIAN_POINT('',(41.3642419308877,-6.5,-36.3212047774407));
#10214=CARTESIAN_POINT('Origin',(72.0043493300241,-6.5,-36.3212047774407));
#10215=CARTESIAN_POINT('',(72.0043493300241,-6.5,-36.3212047774407));
#10216=CARTESIAN_POINT('',(72.0043493300241,-6.5,-36.3212047774407));
#10217=CARTESIAN_POINT('',(72.0043493300241,-9.7,-36.3212047774407));
#10218=CARTESIAN_POINT('',(72.0043493300241,-9.7,-36.3212047774407));
#10219=CARTESIAN_POINT('',(72.0043493300241,-6.5,-36.3212047774407));
#10220=CARTESIAN_POINT('Origin',(72.0043493300241,-6.5,2.03605076729881));
#10221=CARTESIAN_POINT('',(72.0043493300241,-6.5,2.03605076729881));
#10222=CARTESIAN_POINT('',(72.0043493300241,-9.7,2.03605076729881));
#10223=CARTESIAN_POINT('Origin',(-85.4540961371068,-6.5,-13.585807230503));
#10224=CARTESIAN_POINT('',(-85.4540961371068,-6.5,-13.585807230503));
#10225=CARTESIAN_POINT('',(-85.4540961371068,-6.5,3.01247579827286));
#10226=CARTESIAN_POINT('',(-85.4540961371068,-6.5,3.01247579827286));
#10227=CARTESIAN_POINT('',(-85.4540961371069,-9.7,3.01247579827286));
#10228=CARTESIAN_POINT('',(-85.4540961371068,-6.5,3.01247579827286));
#10229=CARTESIAN_POINT('',(-85.4540961371069,-9.7,-13.585807230503));
#10230=CARTESIAN_POINT('',(-85.4540961371068,-9.7,3.01247579827286));
#10231=CARTESIAN_POINT('',(-85.4540961371068,-6.5,-13.585807230503));
#10232=CARTESIAN_POINT('Origin',(-71.0937838537839,-6.5,-13.585807230503));
#10233=CARTESIAN_POINT('',(-71.0937838537839,-6.5,-13.585807230503));
#10234=CARTESIAN_POINT('',(-85.4540961371068,-6.5,-13.585807230503));
#10235=CARTESIAN_POINT('',(-71.0937838537839,-9.7,-13.585807230503));
#10236=CARTESIAN_POINT('',(-85.4540961371068,-9.7,-13.585807230503));
#10237=CARTESIAN_POINT('',(-71.0937838537839,-6.5,-13.585807230503));
#10238=CARTESIAN_POINT('Origin',(-71.0937838537839,-6.5,-0.75477495657291));
#10239=CARTESIAN_POINT('',(-71.0937838537839,-6.5,-0.75477495657291));
#10240=CARTESIAN_POINT('',(-71.0937838537839,-6.5,-13.585807230503));
#10241=CARTESIAN_POINT('',(-71.0937838537839,-9.7,-0.754774956572906));
#10242=CARTESIAN_POINT('',(-71.0937838537839,-9.7,-13.585807230503));
#10243=CARTESIAN_POINT('',(-71.0937838537839,-6.5,-0.75477495657291));
#10244=CARTESIAN_POINT('Origin',(-59.344437440156,-6.5,-0.75477495657291));
#10245=CARTESIAN_POINT('',(-59.344437440156,-6.5,-0.75477495657291));
#10246=CARTESIAN_POINT('',(-59.344437440156,-6.5,-0.75477495657291));
#10247=CARTESIAN_POINT('',(-59.344437440156,-9.7,-0.754774956572906));
#10248=CARTESIAN_POINT('',(-59.344437440156,-9.7,-0.75477495657291));
#10249=CARTESIAN_POINT('',(-59.344437440156,-6.5,-0.75477495657291));
#10250=CARTESIAN_POINT('Origin',(-59.344437440156,-6.5,25.9330261829533));
#10251=CARTESIAN_POINT('',(-59.344437440156,-6.5,25.9330261829533));
#10252=CARTESIAN_POINT('',(-59.344437440156,-6.5,25.9330261829533));
#10253=CARTESIAN_POINT('',(-59.344437440156,-9.7,25.9330261829533));
#10254=CARTESIAN_POINT('',(-59.344437440156,-9.7,25.9330261829533));
#10255=CARTESIAN_POINT('',(-59.344437440156,-6.5,25.9330261829533));
#10256=CARTESIAN_POINT('Origin',(-82.6752824615028,-6.5,25.9330261829533));
#10257=CARTESIAN_POINT('',(-82.6752824615028,-6.5,25.9330261829533));
#10258=CARTESIAN_POINT('',(-82.6752824615028,-6.5,25.9330261829533));
#10259=CARTESIAN_POINT('',(-82.6752824615028,-9.7,25.9330261829533));
#10260=CARTESIAN_POINT('',(-82.6752824615028,-9.7,25.9330261829533));
#10261=CARTESIAN_POINT('',(-82.6752824615028,-6.5,25.9330261829533));
#10262=CARTESIAN_POINT('Origin',(-82.6752824615028,-6.5,3.01247579827286));
#10263=CARTESIAN_POINT('',(-82.6752824615028,-6.5,3.01247579827286));
#10264=CARTESIAN_POINT('',(-82.6752824615028,-6.5,-0.75477495657291));
#10265=CARTESIAN_POINT('',(-82.6752824615028,-9.7,3.01247579827286));
#10266=CARTESIAN_POINT('',(-82.6752824615028,-9.7,-0.75477495657291));
#10267=CARTESIAN_POINT('',(-82.6752824615028,-6.5,3.01247579827286));
#10268=CARTESIAN_POINT('Origin',(-85.4540961371068,-6.5,3.01247579827286));
#10269=CARTESIAN_POINT('',(-71.0937838537839,-6.5,3.01247579827286));
#10270=CARTESIAN_POINT('',(-71.0937838537839,-9.7,3.01247579827286));
#10271=CARTESIAN_POINT('Origin',(42.5542020586268,-6.5,50.7470744701998));
#10272=CARTESIAN_POINT('',(42.5542020586268,-6.5,50.7470744701998));
#10273=CARTESIAN_POINT('',(42.5542020586268,-6.5,71.4983787457908));
#10274=CARTESIAN_POINT('',(42.5542020586268,-6.5,50.7470744701998));
#10275=CARTESIAN_POINT('',(42.5542020586268,-9.7,71.4983787457908));
#10276=CARTESIAN_POINT('',(42.5542020586268,-6.5,71.4983787457908));
#10277=CARTESIAN_POINT('',(42.5542020586268,-9.7,50.7470744701998));
#10278=CARTESIAN_POINT('',(42.5542020586268,-9.7,50.7470744701998));
#10279=CARTESIAN_POINT('',(42.5542020586268,-6.5,50.7470744701998));
#10280=CARTESIAN_POINT('Origin',(76.7938541133519,-6.5,50.7470744701998));
#10281=CARTESIAN_POINT('',(76.7938541133519,-6.5,50.7470744701998));
#10282=CARTESIAN_POINT('',(76.7938541133519,-6.5,50.7470744701998));
#10283=CARTESIAN_POINT('',(76.7938541133519,-9.7,50.7470744701998));
#10284=CARTESIAN_POINT('',(76.7938541133519,-9.7,50.7470744701998));
#10285=CARTESIAN_POINT('',(76.7938541133519,-6.5,50.7470744701998));
#10286=CARTESIAN_POINT('Origin',(76.7938541133519,-6.5,71.4983787457908));
#10287=CARTESIAN_POINT('',(76.7938541133519,-6.5,71.4983787457908));
#10288=CARTESIAN_POINT('',(76.7938541133519,-6.5,71.4983787457908));
#10289=CARTESIAN_POINT('',(76.7938541133519,-9.7,71.4983787457908));
#10290=CARTESIAN_POINT('',(76.7938541133519,-9.7,71.4983787457908));
#10291=CARTESIAN_POINT('',(76.7938541133519,-6.5,71.4983787457908));
#10292=CARTESIAN_POINT('Origin',(42.5542020586268,-6.5,71.4983787457908));
#10293=CARTESIAN_POINT('',(42.5542020586268,-6.5,71.4983787457908));
#10294=CARTESIAN_POINT('',(42.5542020586268,-9.7,71.4983787457908));
#10295=CARTESIAN_POINT('Origin',(-59.1941639682313,-6.5,58.4636290883924));
#10296=CARTESIAN_POINT('',(-59.1941639682313,-6.5,58.4636290883924));
#10297=CARTESIAN_POINT('',(-59.1941639682313,-6.5,66.4447087542412));
#10298=CARTESIAN_POINT('',(-59.1941639682313,-6.5,58.4636290883924));
#10299=CARTESIAN_POINT('',(-59.1941639682313,-9.7,66.4447087542412));
#10300=CARTESIAN_POINT('',(-59.1941639682313,-6.5,66.4447087542412));
#10301=CARTESIAN_POINT('',(-59.1941639682313,-9.7,58.4636290883924));
#10302=CARTESIAN_POINT('',(-59.1941639682313,-9.7,58.4636290883924));
#10303=CARTESIAN_POINT('',(-59.1941639682313,-6.5,58.4636290883924));
#10304=CARTESIAN_POINT('Origin',(-36.7020303644754,-6.5,58.4636290883924));
#10305=CARTESIAN_POINT('',(-36.7020303644754,-6.5,58.4636290883924));
#10306=CARTESIAN_POINT('',(-36.7020303644754,-6.5,58.4636290883924));
#10307=CARTESIAN_POINT('',(-36.7020303644754,-9.7,58.4636290883924));
#10308=CARTESIAN_POINT('',(-36.7020303644754,-9.7,58.4636290883924));
#10309=CARTESIAN_POINT('',(-36.7020303644754,-6.5,58.4636290883924));
#10310=CARTESIAN_POINT('Origin',(-36.7020303644754,-6.5,66.4447087542412));
#10311=CARTESIAN_POINT('',(-36.7020303644754,-6.5,66.4447087542412));
#10312=CARTESIAN_POINT('',(-36.7020303644754,-6.5,66.4447087542412));
#10313=CARTESIAN_POINT('',(-36.7020303644754,-9.7,66.4447087542412));
#10314=CARTESIAN_POINT('',(-36.7020303644754,-9.7,66.4447087542412));
#10315=CARTESIAN_POINT('',(-36.7020303644754,-6.5,66.4447087542412));
#10316=CARTESIAN_POINT('Origin',(-59.1941639682313,-6.5,66.4447087542412));
#10317=CARTESIAN_POINT('',(-59.1941639682313,-6.5,66.4447087542412));
#10318=CARTESIAN_POINT('',(-59.1941639682313,-9.7,66.4447087542412));
#10319=CARTESIAN_POINT('Origin',(-86.3865839477122,-6.5,-27.6663731706444));
#10320=CARTESIAN_POINT('',(-86.3865839477122,-6.5,-27.6663731706444));
#10321=CARTESIAN_POINT('',(-101.026642574217,-6.5,-27.6663731706444));
#10322=CARTESIAN_POINT('',(-101.026642574217,-6.5,-27.6663731706444));
#10323=CARTESIAN_POINT('',(-101.026642574217,-9.7,-27.6663731706444));
#10324=CARTESIAN_POINT('',(-101.026642574217,-6.5,-27.6663731706444));
#10325=CARTESIAN_POINT('',(-86.3865839477122,-9.7,-27.6663731706444));
#10326=CARTESIAN_POINT('',(-101.026642574217,-9.7,-27.6663731706444));
#10327=CARTESIAN_POINT('',(-86.3865839477122,-6.5,-27.6663731706444));
#10328=CARTESIAN_POINT('Origin',(-86.3865839477122,-6.5,-5.75290962141779));
#10329=CARTESIAN_POINT('',(-86.3865839477122,-6.5,-5.75290962141779));
#10330=CARTESIAN_POINT('',(-86.3865839477122,-6.5,-27.6663731706444));
#10331=CARTESIAN_POINT('',(-86.3865839477122,-9.7,-5.75290962141779));
#10332=CARTESIAN_POINT('',(-86.3865839477122,-9.7,-27.6663731706444));
#10333=CARTESIAN_POINT('',(-86.3865839477122,-6.5,-5.75290962141779));
#10334=CARTESIAN_POINT('Origin',(-101.026642574217,-6.5,-5.75290962141779));
#10335=CARTESIAN_POINT('',(-101.026642574217,-6.5,-5.75290962141779));
#10336=CARTESIAN_POINT('',(-86.3865839477122,-6.5,-5.75290962141779));
#10337=CARTESIAN_POINT('',(-101.026642574217,-9.7,-5.75290962141779));
#10338=CARTESIAN_POINT('',(-86.3865839477122,-9.7,-5.75290962141779));
#10339=CARTESIAN_POINT('',(-101.026642574217,-6.5,-5.75290962141779));
#10340=CARTESIAN_POINT('Origin',(-101.026642574217,-6.5,-27.6663731706444));
#10341=CARTESIAN_POINT('',(-101.026642574217,-6.5,-5.75290962141779));
#10342=CARTESIAN_POINT('',(-101.026642574217,-9.7,-5.75290962141779));
#10343=CARTESIAN_POINT('Origin',(12.29188332339,-6.5,6.65055288456907));
#10344=CARTESIAN_POINT('',(12.29188332339,-6.5,6.65055288456907));
#10345=CARTESIAN_POINT('',(12.29188332339,-6.5,36.4805527807311));
#10346=CARTESIAN_POINT('',(12.29188332339,-6.5,6.65055288456907));
#10347=CARTESIAN_POINT('',(12.29188332339,-9.7,36.4805527807311));
#10348=CARTESIAN_POINT('',(12.29188332339,-6.5,36.4805527807311));
#10349=CARTESIAN_POINT('',(12.29188332339,-9.7,6.65055288456907));
#10350=CARTESIAN_POINT('',(12.29188332339,-9.7,6.65055288456907));
#10351=CARTESIAN_POINT('',(12.29188332339,-6.5,6.65055288456907));
#10352=CARTESIAN_POINT('Origin',(42.5542020586268,-6.5,6.65055288456907));
#10353=CARTESIAN_POINT('',(42.5542020586268,-6.5,6.65055288456907));
#10354=CARTESIAN_POINT('',(42.5542020586268,-6.5,6.65055288456907));
#10355=CARTESIAN_POINT('',(42.5542020586268,-9.7,6.65055288456907));
#10356=CARTESIAN_POINT('',(42.5542020586268,-9.7,6.65055288456907));
#10357=CARTESIAN_POINT('',(42.5542020586268,-6.5,6.65055288456907));
#10358=CARTESIAN_POINT('Origin',(42.5542020586268,-6.5,36.4805527807311));
#10359=CARTESIAN_POINT('',(42.5542020586268,-6.5,36.4805527807311));
#10360=CARTESIAN_POINT('',(42.5542020586268,-6.5,36.4805527807311));
#10361=CARTESIAN_POINT('',(42.5542020586268,-9.7,36.4805527807311));
#10362=CARTESIAN_POINT('',(42.5542020586268,-9.7,36.4805527807311));
#10363=CARTESIAN_POINT('',(42.5542020586268,-6.5,36.4805527807311));
#10364=CARTESIAN_POINT('Origin',(12.29188332339,-6.5,36.4805527807311));
#10365=CARTESIAN_POINT('',(12.29188332339,-6.5,36.4805527807311));
#10366=CARTESIAN_POINT('',(12.29188332339,-9.7,36.4805527807311));
#10367=CARTESIAN_POINT('Origin',(120.5,-6.5,-70.5));
#10368=CARTESIAN_POINT('',(118.75,-9.7,-70.5));
#10369=CARTESIAN_POINT('Origin',(120.5,-9.7,-70.5));
#10370=CARTESIAN_POINT('',(118.75,-6.5,-70.5));
#10371=CARTESIAN_POINT('',(118.75,-6.5,-70.5));
#10372=CARTESIAN_POINT('Origin',(120.5,-6.5,-70.5));
#10373=CARTESIAN_POINT('Origin',(-120.5,-6.5,-70.5));
#10374=CARTESIAN_POINT('',(-122.25,-9.7,-70.5));
#10375=CARTESIAN_POINT('Origin',(-120.5,-9.7,-70.5));
#10376=CARTESIAN_POINT('',(-122.25,-6.5,-70.5));
#10377=CARTESIAN_POINT('',(-122.25,-6.5,-70.5));
#10378=CARTESIAN_POINT('Origin',(-120.5,-6.5,-70.5));
#10379=CARTESIAN_POINT('Origin',(75.9578442567723,-6.5,-63.9155859478519));
#10380=CARTESIAN_POINT('',(75.9578442567723,-6.5,-63.9155859478519));
#10381=CARTESIAN_POINT('',(90.8596523319784,-6.5,-63.9155859478519));
#10382=CARTESIAN_POINT('',(90.8596523319784,-6.5,-63.9155859478519));
#10383=CARTESIAN_POINT('',(90.8596523319784,-9.7,-63.9155859478519));
#10384=CARTESIAN_POINT('',(90.8596523319784,-6.5,-63.9155859478519));
#10385=CARTESIAN_POINT('',(75.9578442567723,-9.7,-63.9155859478519));
#10386=CARTESIAN_POINT('',(90.8596523319784,-9.7,-63.9155859478519));
#10387=CARTESIAN_POINT('',(75.9578442567723,-6.5,-63.9155859478519));
#10388=CARTESIAN_POINT('Origin',(75.9578442567723,-6.5,-72.7690130984155));
#10389=CARTESIAN_POINT('',(75.9578442567723,-6.5,-72.7690130984155));
#10390=CARTESIAN_POINT('',(75.9578442567723,-6.5,-63.9155859478519));
#10391=CARTESIAN_POINT('',(75.9578442567723,-9.7,-72.7690130984155));
#10392=CARTESIAN_POINT('',(75.9578442567723,-9.7,-63.9155859478519));
#10393=CARTESIAN_POINT('',(75.9578442567723,-6.5,-72.7690130984155));
#10394=CARTESIAN_POINT('Origin',(90.8596523319784,-6.5,-72.7690130984155));
#10395=CARTESIAN_POINT('',(90.8596523319784,-6.5,-72.7690130984155));
#10396=CARTESIAN_POINT('',(75.9578442567723,-6.5,-72.7690130984155));
#10397=CARTESIAN_POINT('',(90.8596523319784,-9.7,-72.7690130984155));
#10398=CARTESIAN_POINT('',(75.9578442567723,-9.7,-72.7690130984155));
#10399=CARTESIAN_POINT('',(90.8596523319784,-6.5,-72.7690130984155));
#10400=CARTESIAN_POINT('Origin',(90.8596523319784,-6.5,-63.9155859478519));
#10401=CARTESIAN_POINT('',(90.8596523319784,-6.5,-72.7690130984155));
#10402=CARTESIAN_POINT('',(90.8596523319784,-9.7,-72.7690130984155));
#10403=CARTESIAN_POINT('Origin',(-86.5697290314914,-6.5,61.));
#10404=CARTESIAN_POINT('',(-84.8445434675598,-6.5,56.3070547872362));
#10405=CARTESIAN_POINT('',(-81.5697290314914,-6.5,61.));
#10406=CARTESIAN_POINT('Origin',(-86.5697290314914,-6.5,61.));
#10407=CARTESIAN_POINT('',(-84.8445434675598,-9.7,56.3070547872363));
#10408=CARTESIAN_POINT('',(-84.8445434675598,-6.5,56.3070547872362));
#10409=CARTESIAN_POINT('',(-81.5697290314914,-9.7,61.));
#10410=CARTESIAN_POINT('Origin',(-86.5697290314914,-9.7,61.));
#10411=CARTESIAN_POINT('',(-81.5697290314914,-6.5,61.));
#10412=CARTESIAN_POINT('Origin',(-81.5697290314914,-6.5,76.));
#10413=CARTESIAN_POINT('',(-81.5697290314914,-6.5,76.));
#10414=CARTESIAN_POINT('',(-81.5697290314914,-6.5,61.));
#10415=CARTESIAN_POINT('',(-81.5697290314914,-9.7,76.));
#10416=CARTESIAN_POINT('',(-81.5697290314914,-9.7,61.));
#10417=CARTESIAN_POINT('',(-81.5697290314914,-6.5,76.));
#10418=CARTESIAN_POINT('Origin',(-32.5786291082858,-6.5,76.));
#10419=CARTESIAN_POINT('',(-32.5786291082858,-6.5,76.));
#10420=CARTESIAN_POINT('',(121.5,-6.5,76.));
#10421=CARTESIAN_POINT('',(-32.5786291082858,-9.7,76.));
#10422=CARTESIAN_POINT('',(121.5,-9.7,76.));
#10423=CARTESIAN_POINT('',(-32.5786291082858,-6.5,76.));
#10424=CARTESIAN_POINT('Origin',(-32.5786291082858,-6.5,61.));
#10425=CARTESIAN_POINT('',(-32.5786291082858,-6.5,61.));
#10426=CARTESIAN_POINT('',(-32.5786291082858,-6.5,76.));
#10427=CARTESIAN_POINT('',(-32.5786291082858,-9.7,61.));
#10428=CARTESIAN_POINT('',(-32.5786291082858,-9.7,76.));
#10429=CARTESIAN_POINT('',(-32.5786291082858,-6.5,61.));
#10430=CARTESIAN_POINT('Origin',(-22.5786291082858,-6.5,61.));
#10431=CARTESIAN_POINT('',(-22.5786291082858,-6.5,51.));
#10432=CARTESIAN_POINT('Origin',(-22.5786291082858,-6.5,61.));
#10433=CARTESIAN_POINT('',(-22.5786291082858,-9.7,51.));
#10434=CARTESIAN_POINT('Origin',(-22.5786291082858,-9.7,61.));
#10435=CARTESIAN_POINT('',(-22.5786291082858,-6.5,51.));
#10436=CARTESIAN_POINT('Origin',(22.4213708917142,-6.5,51.));
#10437=CARTESIAN_POINT('',(22.4213708917142,-6.5,51.));
#10438=CARTESIAN_POINT('',(-22.5786291082858,-6.5,51.));
#10439=CARTESIAN_POINT('',(22.4213708917142,-9.7,51.));
#10440=CARTESIAN_POINT('',(-22.5786291082858,-9.7,51.));
#10441=CARTESIAN_POINT('',(22.4213708917142,-6.5,51.));
#10442=CARTESIAN_POINT('Origin',(22.4213708917142,-6.5,61.));
#10443=CARTESIAN_POINT('',(32.4213708917142,-6.5,61.));
#10444=CARTESIAN_POINT('Origin',(22.4213708917142,-6.5,61.));
#10445=CARTESIAN_POINT('',(32.4213708917142,-9.7,61.));
#10446=CARTESIAN_POINT('Origin',(22.4213708917142,-9.7,61.));
#10447=CARTESIAN_POINT('',(32.4213708917142,-6.5,61.));
#10448=CARTESIAN_POINT('Origin',(32.4213708917142,-6.5,76.));
#10449=CARTESIAN_POINT('',(32.4213708917142,-6.5,76.));
#10450=CARTESIAN_POINT('',(32.4213708917142,-6.5,61.));
#10451=CARTESIAN_POINT('',(32.4213708917142,-9.7,76.));
#10452=CARTESIAN_POINT('',(32.4213708917142,-9.7,61.));
#10453=CARTESIAN_POINT('',(32.4213708917142,-6.5,76.));
#10454=CARTESIAN_POINT('Origin',(78.982292371683,-6.5,76.));
#10455=CARTESIAN_POINT('',(78.982292371683,-6.5,76.));
#10456=CARTESIAN_POINT('',(121.5,-6.5,76.));
#10457=CARTESIAN_POINT('',(78.982292371683,-9.7,76.));
#10458=CARTESIAN_POINT('',(121.5,-9.7,76.));
#10459=CARTESIAN_POINT('',(78.982292371683,-6.5,76.));
#10460=CARTESIAN_POINT('Origin',(78.982292371683,-6.5,60.0764026037507));
#10461=CARTESIAN_POINT('',(78.982292371683,-6.5,60.0764026037507));
#10462=CARTESIAN_POINT('',(78.982292371683,-6.5,32.0913556596859));
#10463=CARTESIAN_POINT('',(78.982292371683,-9.7,60.0764026037507));
#10464=CARTESIAN_POINT('',(78.982292371683,-9.7,32.0913556596859));
#10465=CARTESIAN_POINT('',(78.982292371683,-6.5,60.0764026037507));
#10466=CARTESIAN_POINT('Origin',(86.1245608566179,-6.5,60.0764026037507));
#10467=CARTESIAN_POINT('',(86.1245608566179,-6.5,60.0764026037507));
#10468=CARTESIAN_POINT('',(86.1245608566179,-6.5,60.0764026037507));
#10469=CARTESIAN_POINT('',(86.1245608566179,-9.7,60.0764026037507));
#10470=CARTESIAN_POINT('',(86.1245608566179,-9.7,60.0764026037507));
#10471=CARTESIAN_POINT('',(86.1245608566179,-6.5,60.0764026037507));
#10472=CARTESIAN_POINT('Origin',(86.1245608566179,-6.5,55.0764026037507));
#10473=CARTESIAN_POINT('',(91.1245608566179,-6.5,55.0764026037507));
#10474=CARTESIAN_POINT('Origin',(86.1245608566179,-6.5,55.0764026037507));
#10475=CARTESIAN_POINT('',(91.1245608566179,-9.7,55.0764026037507));
#10476=CARTESIAN_POINT('Origin',(86.1245608566179,-9.7,55.0764026037507));
#10477=CARTESIAN_POINT('',(91.1245608566179,-6.5,55.0764026037507));
#10478=CARTESIAN_POINT('Origin',(91.1245608566179,-6.5,53.7436145803561));
#10479=CARTESIAN_POINT('',(91.1245608566179,-6.5,53.7436145803561));
#10480=CARTESIAN_POINT('',(91.1245608566179,-6.5,53.7436145803561));
#10481=CARTESIAN_POINT('',(91.1245608566179,-9.7,53.7436145803561));
#10482=CARTESIAN_POINT('',(91.1245608566179,-9.7,53.7436145803561));
#10483=CARTESIAN_POINT('',(91.1245608566179,-6.5,53.7436145803561));
#10484=CARTESIAN_POINT('Origin',(96.1245608566179,-6.5,53.7436145803561));
#10485=CARTESIAN_POINT('',(96.1245608566179,-6.5,48.7436145803561));
#10486=CARTESIAN_POINT('Origin',(96.1245608566179,-6.5,53.7436145803561));
#10487=CARTESIAN_POINT('',(96.1245608566179,-9.7,48.7436145803561));
#10488=CARTESIAN_POINT('Origin',(96.1245608566179,-9.7,53.7436145803561));
#10489=CARTESIAN_POINT('',(96.1245608566179,-6.5,48.7436145803561));
#10490=CARTESIAN_POINT('Origin',(107.171167185779,-6.5,48.7436145803561));
#10491=CARTESIAN_POINT('',(107.171167185779,-6.5,48.7436145803561));
#10492=CARTESIAN_POINT('',(96.1245608566179,-6.5,48.7436145803561));
#10493=CARTESIAN_POINT('',(107.171167185779,-9.7,48.7436145803561));
#10494=CARTESIAN_POINT('',(96.1245608566179,-9.7,48.7436145803561));
#10495=CARTESIAN_POINT('',(107.171167185779,-6.5,48.7436145803561));
#10496=CARTESIAN_POINT('Origin',(107.171167185779,-6.5,43.7436145803561));
#10497=CARTESIAN_POINT('',(112.171167185779,-6.5,43.7436145803561));
#10498=CARTESIAN_POINT('Origin',(107.171167185779,-6.5,43.7436145803561));
#10499=CARTESIAN_POINT('',(112.171167185779,-9.7,43.7436145803561));
#10500=CARTESIAN_POINT('Origin',(107.171167185779,-9.7,43.7436145803561));
#10501=CARTESIAN_POINT('',(112.171167185779,-6.5,43.7436145803561));
#10502=CARTESIAN_POINT('Origin',(112.171167185779,-6.5,37.0913556596859));
#10503=CARTESIAN_POINT('',(112.171167185779,-6.5,37.0913556596859));
#10504=CARTESIAN_POINT('',(112.171167185779,-6.5,43.7436145803561));
#10505=CARTESIAN_POINT('',(112.171167185779,-9.7,37.0913556596859));
#10506=CARTESIAN_POINT('',(112.171167185779,-9.7,43.7436145803561));
#10507=CARTESIAN_POINT('',(112.171167185779,-6.5,37.0913556596859));
#10508=CARTESIAN_POINT('Origin',(117.171167185779,-6.5,37.0913556596859));
#10509=CARTESIAN_POINT('',(117.171167185779,-6.5,32.0913556596859));
#10510=CARTESIAN_POINT('Origin',(117.171167185779,-6.5,37.0913556596859));
#10511=CARTESIAN_POINT('',(117.171167185779,-9.7,32.0913556596859));
#10512=CARTESIAN_POINT('Origin',(117.171167185779,-9.7,37.0913556596859));
#10513=CARTESIAN_POINT('',(117.171167185779,-6.5,32.0913556596859));
#10514=CARTESIAN_POINT('Origin',(126.5,-6.5,32.0913556596859));
#10515=CARTESIAN_POINT('',(126.5,-6.5,32.0913556596859));
#10516=CARTESIAN_POINT('',(131.48316750047,-6.5,32.0913556596859));
#10517=CARTESIAN_POINT('',(126.5,-9.7,32.0913556596859));
#10518=CARTESIAN_POINT('',(131.48316750047,-9.7,32.0913556596859));
#10519=CARTESIAN_POINT('',(126.5,-6.5,32.0913556596859));
#10520=CARTESIAN_POINT('Origin',(126.5,-6.5,-38.4073988087117));
#10521=CARTESIAN_POINT('',(126.5,-6.5,-38.4073988087117));
#10522=CARTESIAN_POINT('',(126.5,-6.5,-71.));
#10523=CARTESIAN_POINT('',(126.5,-9.7,-38.4073988087117));
#10524=CARTESIAN_POINT('',(126.5,-9.7,-71.));
#10525=CARTESIAN_POINT('',(126.5,-6.5,-38.4073988087117));
#10526=CARTESIAN_POINT('Origin',(116.137944416749,-6.5,-38.4073988087117));
#10527=CARTESIAN_POINT('',(116.137944416749,-6.5,-38.4073988087117));
#10528=CARTESIAN_POINT('',(126.5,-6.5,-38.4073988087117));
#10529=CARTESIAN_POINT('',(116.137944416749,-9.7,-38.4073988087117));
#10530=CARTESIAN_POINT('',(126.5,-9.7,-38.4073988087117));
#10531=CARTESIAN_POINT('',(116.137944416749,-6.5,-38.4073988087117));
#10532=CARTESIAN_POINT('Origin',(116.137944416749,-6.5,-33.6358532905838));
#10533=CARTESIAN_POINT('',(116.137944416749,-6.5,-33.6358532905838));
#10534=CARTESIAN_POINT('',(116.137944416749,-6.5,-38.7364480654467));
#10535=CARTESIAN_POINT('',(116.137944416749,-9.7,-33.6358532905838));
#10536=CARTESIAN_POINT('',(116.137944416749,-9.7,-38.7364480654467));
#10537=CARTESIAN_POINT('',(116.137944416749,-6.5,-33.6358532905838));
#10538=CARTESIAN_POINT('Origin',(104.661606173307,-6.5,-33.6358532905838));
#10539=CARTESIAN_POINT('',(104.661606173307,-6.5,-33.6358532905838));
#10540=CARTESIAN_POINT('',(116.137944416749,-6.5,-33.6358532905838));
#10541=CARTESIAN_POINT('',(104.661606173307,-9.7,-33.6358532905838));
#10542=CARTESIAN_POINT('',(116.137944416749,-9.7,-33.6358532905838));
#10543=CARTESIAN_POINT('',(104.661606173307,-6.5,-33.6358532905838));
#10544=CARTESIAN_POINT('Origin',(104.661606173307,-6.5,-37.6669545301936));
#10545=CARTESIAN_POINT('',(104.661606173307,-6.5,-37.6669545301936));
#10546=CARTESIAN_POINT('',(104.661606173307,-6.5,-33.6358532905838));
#10547=CARTESIAN_POINT('',(104.661606173307,-9.7,-37.6669545301936));
#10548=CARTESIAN_POINT('',(104.661606173307,-9.7,-33.6358532905838));
#10549=CARTESIAN_POINT('',(104.661606173307,-6.5,-37.6669545301936));
#10550=CARTESIAN_POINT('Origin',(95.8577758503632,-6.5,-37.6669545301936));
#10551=CARTESIAN_POINT('',(95.8577758503632,-6.5,-37.6669545301936));
#10552=CARTESIAN_POINT('',(107.219939301337,-6.5,-37.6669545301936));
#10553=CARTESIAN_POINT('',(95.8577758503632,-9.7,-37.6669545301936));
#10554=CARTESIAN_POINT('',(107.219939301337,-9.7,-37.6669545301936));
#10555=CARTESIAN_POINT('',(95.8577758503632,-6.5,-37.6669545301936));
#10556=CARTESIAN_POINT('Origin',(95.8577758503632,-6.5,-34.3779072154379));
#10557=CARTESIAN_POINT('',(95.8577758503632,-6.5,-34.3779072154379));
#10558=CARTESIAN_POINT('',(95.8577758503632,-6.5,-34.3779072154379));
#10559=CARTESIAN_POINT('',(95.8577758503632,-9.7,-34.3779072154379));
#10560=CARTESIAN_POINT('',(95.8577758503632,-9.7,-34.3779072154379));
#10561=CARTESIAN_POINT('',(95.8577758503632,-6.5,-34.3779072154379));
#10562=CARTESIAN_POINT('Origin',(75.0769769071338,-6.5,-34.3779072154379));
#10563=CARTESIAN_POINT('',(75.0769769071338,-6.5,-34.3779072154379));
#10564=CARTESIAN_POINT('',(75.0769769071338,-6.5,-34.3779072154379));
#10565=CARTESIAN_POINT('',(75.0769769071338,-9.7,-34.3779072154379));
#10566=CARTESIAN_POINT('',(75.0769769071338,-9.7,-34.3779072154379));
#10567=CARTESIAN_POINT('',(75.0769769071338,-6.5,-34.3779072154379));
#10568=CARTESIAN_POINT('Origin',(75.0769769071338,-6.5,-61.2135432608312));
#10569=CARTESIAN_POINT('',(75.0769769071338,-6.5,-61.2135432608312));
#10570=CARTESIAN_POINT('',(75.0769769071338,-6.5,-61.2135432608312));
#10571=CARTESIAN_POINT('',(75.0769769071338,-9.7,-61.2135432608312));
#10572=CARTESIAN_POINT('',(75.0769769071338,-9.7,-61.2135432608312));
#10573=CARTESIAN_POINT('',(75.0769769071338,-6.5,-61.2135432608312));
#10574=CARTESIAN_POINT('Origin',(95.8577758503632,-6.5,-61.2135432608312));
#10575=CARTESIAN_POINT('',(95.8577758503632,-6.5,-61.2135432608312));
#10576=CARTESIAN_POINT('',(95.8577758503632,-6.5,-61.2135432608312));
#10577=CARTESIAN_POINT('',(95.8577758503632,-9.7,-61.2135432608312));
#10578=CARTESIAN_POINT('',(95.8577758503632,-9.7,-61.2135432608312));
#10579=CARTESIAN_POINT('',(95.8577758503632,-6.5,-61.2135432608312));
#10580=CARTESIAN_POINT('Origin',(95.8577758503632,-6.5,-45.5905685157415));
#10581=CARTESIAN_POINT('',(95.8577758503632,-6.5,-45.5905685157415));
#10582=CARTESIAN_POINT('',(95.8577758503632,-6.5,-34.3779072154379));
#10583=CARTESIAN_POINT('',(95.8577758503632,-9.7,-45.5905685157415));
#10584=CARTESIAN_POINT('',(95.8577758503632,-9.7,-34.3779072154379));
#10585=CARTESIAN_POINT('',(95.8577758503632,-6.5,-45.5905685157415));
#10586=CARTESIAN_POINT('Origin',(103.810836773696,-6.5,-45.5905685157415));
#10587=CARTESIAN_POINT('',(103.810836773696,-6.5,-45.5905685157415));
#10588=CARTESIAN_POINT('',(92.7182306862781,-6.5,-45.5905685157415));
#10589=CARTESIAN_POINT('',(103.810836773696,-9.7,-45.5905685157415));
#10590=CARTESIAN_POINT('',(92.7182306862781,-9.7,-45.5905685157415));
#10591=CARTESIAN_POINT('',(103.810836773696,-6.5,-45.5905685157415));
#10592=CARTESIAN_POINT('Origin',(103.810836773696,-6.5,-55.4582575930295));
#10593=CARTESIAN_POINT('',(103.810836773696,-6.5,-55.4582575930295));
#10594=CARTESIAN_POINT('',(103.810836773696,-6.5,-38.4073988087117));
#10595=CARTESIAN_POINT('',(103.810836773696,-9.7,-55.4582575930295));
#10596=CARTESIAN_POINT('',(103.810836773696,-9.7,-38.4073988087117));
#10597=CARTESIAN_POINT('',(103.810836773696,-6.5,-55.4582575930295));
#10598=CARTESIAN_POINT('Origin',(126.5,-6.5,-55.4582575930295));
#10599=CARTESIAN_POINT('',(126.5,-6.5,-55.4582575930295));
#10600=CARTESIAN_POINT('',(103.810836773696,-6.5,-55.4582575930295));
#10601=CARTESIAN_POINT('',(126.5,-9.7,-55.4582575930295));
#10602=CARTESIAN_POINT('',(103.810836773696,-9.7,-55.4582575930295));
#10603=CARTESIAN_POINT('',(126.5,-6.5,-55.4582575930295));
#10604=CARTESIAN_POINT('Origin',(126.5,-6.5,-56.6029470282451));
#10605=CARTESIAN_POINT('',(126.5,-6.5,-56.6029470282451));
#10606=CARTESIAN_POINT('',(126.5,-6.5,-71.));
#10607=CARTESIAN_POINT('',(126.5,-9.7,-56.6029470282451));
#10608=CARTESIAN_POINT('',(126.5,-9.7,-71.));
#10609=CARTESIAN_POINT('',(126.5,-6.5,-56.6029470282451));
#10610=CARTESIAN_POINT('Origin',(114.66309834579,-6.5,-56.6029470282451));
#10611=CARTESIAN_POINT('',(114.66309834579,-6.5,-56.6029470282451));
#10612=CARTESIAN_POINT('',(126.5,-6.5,-56.6029470282451));
#10613=CARTESIAN_POINT('',(114.66309834579,-9.7,-56.6029470282451));
#10614=CARTESIAN_POINT('',(126.5,-9.7,-56.6029470282451));
#10615=CARTESIAN_POINT('',(114.66309834579,-6.5,-56.6029470282451));
#10616=CARTESIAN_POINT('Origin',(114.66309834579,-6.5,-58.6029470282451));
#10617=CARTESIAN_POINT('',(112.66309834579,-6.5,-58.6029470282451));
#10618=CARTESIAN_POINT('Origin',(114.66309834579,-6.5,-58.6029470282451));
#10619=CARTESIAN_POINT('',(112.66309834579,-9.7,-58.6029470282451));
#10620=CARTESIAN_POINT('Origin',(114.66309834579,-9.7,-58.6029470282451));
#10621=CARTESIAN_POINT('',(112.66309834579,-6.5,-58.6029470282451));
#10622=CARTESIAN_POINT('Origin',(112.66309834579,-6.5,-64.310045573372));
#10623=CARTESIAN_POINT('',(112.66309834579,-6.5,-64.310045573372));
#10624=CARTESIAN_POINT('',(112.66309834579,-6.5,-58.6029470282451));
#10625=CARTESIAN_POINT('',(112.66309834579,-9.7,-64.310045573372));
#10626=CARTESIAN_POINT('',(112.66309834579,-9.7,-58.6029470282451));
#10627=CARTESIAN_POINT('',(112.66309834579,-6.5,-64.310045573372));
#10628=CARTESIAN_POINT('Origin',(98.0475832859014,-6.5,-64.310045573372));
#10629=CARTESIAN_POINT('',(98.0475832859014,-6.5,-64.310045573372));
#10630=CARTESIAN_POINT('',(98.0475832859014,-6.5,-64.310045573372));
#10631=CARTESIAN_POINT('',(98.0475832859014,-9.7,-64.310045573372));
#10632=CARTESIAN_POINT('',(98.0475832859014,-9.7,-64.310045573372));
#10633=CARTESIAN_POINT('',(98.0475832859014,-6.5,-64.310045573372));
#10634=CARTESIAN_POINT('Origin',(98.0475832859014,-6.5,-72.3307246256153));
#10635=CARTESIAN_POINT('',(98.0475832859014,-6.5,-72.3307246256153));
#10636=CARTESIAN_POINT('',(98.0475832859014,-6.5,-72.3307246256153));
#10637=CARTESIAN_POINT('',(98.0475832859014,-9.7,-72.3307246256153));
#10638=CARTESIAN_POINT('',(98.0475832859014,-9.7,-72.3307246256153));
#10639=CARTESIAN_POINT('',(98.0475832859014,-6.5,-72.3307246256153));
#10640=CARTESIAN_POINT('Origin',(112.774075971987,-6.5,-72.3307246256153));
#10641=CARTESIAN_POINT('',(112.774075971987,-6.5,-72.3307246256153));
#10642=CARTESIAN_POINT('',(112.774075971987,-6.5,-72.3307246256153));
#10643=CARTESIAN_POINT('',(112.774075971987,-9.7,-72.3307246256153));
#10644=CARTESIAN_POINT('',(112.774075971987,-9.7,-72.3307246256153));
#10645=CARTESIAN_POINT('',(112.774075971987,-6.5,-72.3307246256153));
#10646=CARTESIAN_POINT('Origin',(112.774075971987,-6.5,-65.8759836710836));
#10647=CARTESIAN_POINT('',(112.774075971987,-6.5,-65.8759836710836));
#10648=CARTESIAN_POINT('',(112.774075971987,-6.5,-64.310045573372));
#10649=CARTESIAN_POINT('',(112.774075971987,-9.7,-65.8759836710836));
#10650=CARTESIAN_POINT('',(112.774075971987,-9.7,-64.310045573372));
#10651=CARTESIAN_POINT('',(112.774075971987,-6.5,-65.8759836710836));
#10652=CARTESIAN_POINT('Origin',(114.66309834579,-6.5,-65.2190251706656));
#10653=CARTESIAN_POINT('',(114.66309834579,-6.5,-67.2190251706656));
#10654=CARTESIAN_POINT('Origin',(114.66309834579,-6.5,-65.2190251706656));
#10655=CARTESIAN_POINT('',(114.66309834579,-9.7,-67.2190251706656));
#10656=CARTESIAN_POINT('Origin',(114.66309834579,-9.7,-65.2190251706656));
#10657=CARTESIAN_POINT('',(114.66309834579,-6.5,-67.2190251706656));
#10658=CARTESIAN_POINT('Origin',(126.5,-6.5,-67.2190251706656));
#10659=CARTESIAN_POINT('',(126.5,-6.5,-67.2190251706656));
#10660=CARTESIAN_POINT('',(114.66309834579,-6.5,-67.2190251706656));
#10661=CARTESIAN_POINT('',(126.5,-9.7,-67.2190251706656));
#10662=CARTESIAN_POINT('',(114.66309834579,-9.7,-67.2190251706656));
#10663=CARTESIAN_POINT('',(126.5,-6.5,-67.2190251706656));
#10664=CARTESIAN_POINT('Origin',(126.5,-6.5,-71.));
#10665=CARTESIAN_POINT('',(126.5,-6.5,-71.));
#10666=CARTESIAN_POINT('',(126.5,-6.5,-71.));
#10667=CARTESIAN_POINT('',(126.5,-9.7,-71.));
#10668=CARTESIAN_POINT('',(126.5,-9.7,-71.));
#10669=CARTESIAN_POINT('',(126.5,-6.5,-71.));
#10670=CARTESIAN_POINT('Origin',(121.5,-6.5,-71.));
#10671=CARTESIAN_POINT('',(121.5,-6.5,-76.));
#10672=CARTESIAN_POINT('Origin',(121.5,-6.5,-71.));
#10673=CARTESIAN_POINT('',(121.5,-9.7,-76.));
#10674=CARTESIAN_POINT('Origin',(121.5,-9.7,-71.));
#10675=CARTESIAN_POINT('',(121.5,-6.5,-76.));
#10676=CARTESIAN_POINT('Origin',(11.090056420068,-6.5,-76.));
#10677=CARTESIAN_POINT('',(11.090056420068,-6.5,-76.));
#10678=CARTESIAN_POINT('',(-121.5,-6.5,-76.));
#10679=CARTESIAN_POINT('',(11.090056420068,-9.7,-76.));
#10680=CARTESIAN_POINT('',(-121.5,-9.7,-76.));
#10681=CARTESIAN_POINT('',(11.090056420068,-6.5,-76.));
#10682=CARTESIAN_POINT('Origin',(11.090056420068,-6.5,-64.6437706787887));
#10683=CARTESIAN_POINT('',(11.090056420068,-6.5,-64.6437706787887));
#10684=CARTESIAN_POINT('',(11.090056420068,-6.5,-64.6437706787887));
#10685=CARTESIAN_POINT('',(11.090056420068,-9.7,-64.6437706787887));
#10686=CARTESIAN_POINT('',(11.090056420068,-9.7,-64.6437706787887));
#10687=CARTESIAN_POINT('',(11.090056420068,-6.5,-64.6437706787887));
#10688=CARTESIAN_POINT('Origin',(6.09005642006801,-6.5,-64.6437706787887));
#10689=CARTESIAN_POINT('',(6.09005642006801,-6.5,-59.6437706787887));
#10690=CARTESIAN_POINT('Origin',(6.09005642006801,-6.5,-64.6437706787887));
#10691=CARTESIAN_POINT('',(6.09005642006801,-9.7,-59.6437706787887));
#10692=CARTESIAN_POINT('Origin',(6.09005642006801,-9.7,-64.6437706787887));
#10693=CARTESIAN_POINT('',(6.09005642006801,-6.5,-59.6437706787887));
#10694=CARTESIAN_POINT('Origin',(2.75874278556031,-6.5,-59.6437706787887));
#10695=CARTESIAN_POINT('',(2.75874278556031,-6.5,-59.6437706787887));
#10696=CARTESIAN_POINT('',(-6.03626187919776,-6.5,-59.6437706787887));
#10697=CARTESIAN_POINT('',(2.75874278556032,-9.7,-59.6437706787887));
#10698=CARTESIAN_POINT('',(-6.03626187919776,-9.7,-59.6437706787887));
#10699=CARTESIAN_POINT('',(2.75874278556031,-6.5,-59.6437706787887));
#10700=CARTESIAN_POINT('Origin',(2.75874278556031,-6.5,-51.7201566932408));
#10701=CARTESIAN_POINT('',(2.75874278556031,-6.5,-51.7201566932408));
#10702=CARTESIAN_POINT('',(2.75874278556031,-6.5,-67.5673846643365));
#10703=CARTESIAN_POINT('',(2.75874278556032,-9.7,-51.7201566932408));
#10704=CARTESIAN_POINT('',(2.75874278556031,-9.7,-67.5673846643365));
#10705=CARTESIAN_POINT('',(2.75874278556031,-6.5,-51.7201566932408));
#10706=CARTESIAN_POINT('Origin',(-35.778867815201,-6.5,-51.7201566932408));
#10707=CARTESIAN_POINT('',(-35.778867815201,-6.5,-51.7201566932408));
#10708=CARTESIAN_POINT('',(2.75874278556031,-6.5,-51.7201566932408));
#10709=CARTESIAN_POINT('',(-35.778867815201,-9.7,-51.7201566932408));
#10710=CARTESIAN_POINT('',(2.75874278556031,-9.7,-51.7201566932408));
#10711=CARTESIAN_POINT('',(-35.778867815201,-6.5,-51.7201566932408));
#10712=CARTESIAN_POINT('Origin',(-35.778867815201,-6.5,-67.5673846643365));
#10713=CARTESIAN_POINT('',(-35.778867815201,-6.5,-67.5673846643365));
#10714=CARTESIAN_POINT('',(-35.778867815201,-6.5,-51.7201566932408));
#10715=CARTESIAN_POINT('',(-35.778867815201,-9.7,-67.5673846643365));
#10716=CARTESIAN_POINT('',(-35.778867815201,-9.7,-51.7201566932408));
#10717=CARTESIAN_POINT('',(-35.778867815201,-6.5,-67.5673846643365));
#10718=CARTESIAN_POINT('Origin',(-11.0362618791978,-6.5,-67.5673846643365));
#10719=CARTESIAN_POINT('',(-11.0362618791978,-6.5,-67.5673846643365));
#10720=CARTESIAN_POINT('',(-35.778867815201,-6.5,-67.5673846643365));
#10721=CARTESIAN_POINT('',(-11.0362618791978,-9.7,-67.5673846643365));
#10722=CARTESIAN_POINT('',(-35.778867815201,-9.7,-67.5673846643365));
#10723=CARTESIAN_POINT('',(-11.0362618791978,-6.5,-67.5673846643365));
#10724=CARTESIAN_POINT('Origin',(-11.0362618791978,-6.5,-76.));
#10725=CARTESIAN_POINT('',(-11.0362618791978,-6.5,-76.));
#10726=CARTESIAN_POINT('',(-11.0362618791978,-6.5,-70.1836723010741));
#10727=CARTESIAN_POINT('',(-11.0362618791978,-9.7,-76.));
#10728=CARTESIAN_POINT('',(-11.0362618791978,-9.7,-70.1836723010741));
#10729=CARTESIAN_POINT('',(-11.0362618791978,-6.5,-76.));
#10730=CARTESIAN_POINT('Origin',(-81.1763949143605,-6.5,-76.));
#10731=CARTESIAN_POINT('',(-81.1763949143605,-6.5,-76.));
#10732=CARTESIAN_POINT('',(-121.5,-6.5,-76.));
#10733=CARTESIAN_POINT('',(-81.1763949143605,-9.7,-76.));
#10734=CARTESIAN_POINT('',(-121.5,-9.7,-76.));
#10735=CARTESIAN_POINT('',(-81.1763949143605,-6.5,-76.));
#10736=CARTESIAN_POINT('Origin',(-81.1763949143605,-6.5,-48.7));
#10737=CARTESIAN_POINT('',(-81.1763949143605,-6.5,-48.7));
#10738=CARTESIAN_POINT('',(-81.1763949143605,-6.5,-48.7));
#10739=CARTESIAN_POINT('',(-81.1763949143605,-9.7,-48.7));
#10740=CARTESIAN_POINT('',(-81.1763949143605,-9.7,-48.7));
#10741=CARTESIAN_POINT('',(-81.1763949143605,-6.5,-48.7));
#10742=CARTESIAN_POINT('Origin',(-113.17639491436,-6.5,-48.7));
#10743=CARTESIAN_POINT('',(-113.17639491436,-6.5,-48.7));
#10744=CARTESIAN_POINT('',(-113.17639491436,-6.5,-48.7));
#10745=CARTESIAN_POINT('',(-113.17639491436,-9.7,-48.7));
#10746=CARTESIAN_POINT('',(-113.17639491436,-9.7,-48.7));
#10747=CARTESIAN_POINT('',(-113.17639491436,-6.5,-48.7));
#10748=CARTESIAN_POINT('Origin',(-113.17639491436,-6.5,-76.));
#10749=CARTESIAN_POINT('',(-113.17639491436,-6.5,-76.));
#10750=CARTESIAN_POINT('',(-113.17639491436,-6.5,-73.7));
#10751=CARTESIAN_POINT('',(-113.17639491436,-9.7,-76.));
#10752=CARTESIAN_POINT('',(-113.17639491436,-9.7,-73.7));
#10753=CARTESIAN_POINT('',(-113.17639491436,-6.5,-76.));
#10754=CARTESIAN_POINT('Origin',(-121.5,-6.5,-76.));
#10755=CARTESIAN_POINT('',(-121.5,-6.5,-76.));
#10756=CARTESIAN_POINT('',(-121.5,-6.5,-76.));
#10757=CARTESIAN_POINT('',(-121.5,-9.7,-76.));
#10758=CARTESIAN_POINT('',(-121.5,-9.7,-76.));
#10759=CARTESIAN_POINT('',(-121.5,-6.5,-76.));
#10760=CARTESIAN_POINT('Origin',(-121.5,-6.5,-71.));
#10761=CARTESIAN_POINT('',(-126.5,-6.5,-71.));
#10762=CARTESIAN_POINT('Origin',(-121.5,-6.5,-71.));
#10763=CARTESIAN_POINT('',(-126.5,-9.7,-71.));
#10764=CARTESIAN_POINT('Origin',(-121.5,-9.7,-71.));
#10765=CARTESIAN_POINT('',(-126.5,-6.5,-71.));
#10766=CARTESIAN_POINT('Origin',(-126.5,-6.5,-36.5680607228621));
#10767=CARTESIAN_POINT('',(-126.5,-6.5,-36.5680607228622));
#10768=CARTESIAN_POINT('',(-126.5,-6.5,71.));
#10769=CARTESIAN_POINT('',(-126.5,-9.7,-36.5680607228622));
#10770=CARTESIAN_POINT('',(-126.5,-9.7,71.));
#10771=CARTESIAN_POINT('',(-126.5,-6.5,-36.5680607228622));
#10772=CARTESIAN_POINT('Origin',(-112.952245545704,-6.5,-36.5680607228621));
#10773=CARTESIAN_POINT('',(-112.952245545704,-6.5,-36.5680607228621));
#10774=CARTESIAN_POINT('',(-123.7,-6.5,-36.5680607228622));
#10775=CARTESIAN_POINT('',(-112.952245545704,-9.7,-36.5680607228621));
#10776=CARTESIAN_POINT('',(-123.7,-9.7,-36.5680607228622));
#10777=CARTESIAN_POINT('',(-112.952245545704,-6.5,-36.5680607228621));
#10778=CARTESIAN_POINT('Origin',(-112.952245545704,-6.5,-31.5680607228621));
#10779=CARTESIAN_POINT('',(-107.952245545704,-6.5,-31.5680607228622));
#10780=CARTESIAN_POINT('Origin',(-112.952245545704,-6.5,-31.5680607228621));
#10781=CARTESIAN_POINT('',(-107.952245545704,-9.7,-31.5680607228622));
#10782=CARTESIAN_POINT('Origin',(-112.952245545704,-9.7,-31.5680607228621));
#10783=CARTESIAN_POINT('',(-107.952245545704,-6.5,-31.5680607228622));
#10784=CARTESIAN_POINT('Origin',(-107.952245545704,-6.5,-22.7026852676942));
#10785=CARTESIAN_POINT('',(-107.952245545704,-6.5,-22.7026852676942));
#10786=CARTESIAN_POINT('',(-107.952245545704,-6.5,-31.5680607228622));
#10787=CARTESIAN_POINT('',(-107.952245545704,-9.7,-22.7026852676942));
#10788=CARTESIAN_POINT('',(-107.952245545704,-9.7,-31.5680607228622));
#10789=CARTESIAN_POINT('',(-107.952245545704,-6.5,-22.7026852676942));
#10790=CARTESIAN_POINT('Origin',(-112.952245545704,-6.5,-22.7026852676942));
#10791=CARTESIAN_POINT('',(-110.190360119899,-6.5,-18.5347134713974));
#10792=CARTESIAN_POINT('Origin',(-112.952245545704,-6.5,-22.7026852676942));
#10793=CARTESIAN_POINT('',(-110.190360119899,-9.7,-18.5347134713974));
#10794=CARTESIAN_POINT('Origin',(-112.952245545704,-9.7,-22.7026852676942));
#10795=CARTESIAN_POINT('',(-110.190360119899,-6.5,-18.5347134713974));
#10796=CARTESIAN_POINT('Origin',(-113.700028105067,-6.5,-14.973501510016));
#10797=CARTESIAN_POINT('',(-108.700028105067,-6.5,-14.973501510016));
#10798=CARTESIAN_POINT('Origin',(-113.700028105067,-6.5,-14.973501510016));
#10799=CARTESIAN_POINT('',(-108.700028105067,-9.7,-14.973501510016));
#10800=CARTESIAN_POINT('Origin',(-113.700028105067,-9.7,-14.973501510016));
#10801=CARTESIAN_POINT('',(-108.700028105067,-6.5,-14.973501510016));
#10802=CARTESIAN_POINT('Origin',(-108.700028105067,-6.5,15.026498489984));
#10803=CARTESIAN_POINT('',(-108.700028105067,-6.5,15.026498489984));
#10804=CARTESIAN_POINT('',(-108.700028105067,-6.5,-14.973501510016));
#10805=CARTESIAN_POINT('',(-108.700028105067,-9.7,15.026498489984));
#10806=CARTESIAN_POINT('',(-108.700028105067,-9.7,-14.973501510016));
#10807=CARTESIAN_POINT('',(-108.700028105067,-6.5,15.026498489984));
#10808=CARTESIAN_POINT('Origin',(-113.700028105067,-6.5,15.026498489984));
#10809=CARTESIAN_POINT('',(-113.700028105067,-6.5,20.026498489984));
#10810=CARTESIAN_POINT('Origin',(-113.700028105067,-6.5,15.026498489984));
#10811=CARTESIAN_POINT('',(-113.700028105067,-9.7,20.026498489984));
#10812=CARTESIAN_POINT('Origin',(-113.700028105067,-9.7,15.026498489984));
#10813=CARTESIAN_POINT('',(-113.700028105067,-6.5,20.026498489984));
#10814=CARTESIAN_POINT('Origin',(-126.5,-6.5,20.026498489984));
#10815=CARTESIAN_POINT('',(-126.5,-6.5,20.026498489984));
#10816=CARTESIAN_POINT('',(-113.700028105067,-6.5,20.026498489984));
#10817=CARTESIAN_POINT('',(-126.5,-9.7,20.026498489984));
#10818=CARTESIAN_POINT('',(-113.700028105067,-9.7,20.026498489984));
#10819=CARTESIAN_POINT('',(-126.5,-6.5,20.026498489984));
#10820=CARTESIAN_POINT('Origin',(-126.5,-6.5,71.));
#10821=CARTESIAN_POINT('',(-126.5,-6.5,71.));
#10822=CARTESIAN_POINT('',(-126.5,-6.5,71.));
#10823=CARTESIAN_POINT('',(-126.5,-9.7,71.));
#10824=CARTESIAN_POINT('',(-126.5,-9.7,71.));
#10825=CARTESIAN_POINT('',(-126.5,-6.5,71.));
#10826=CARTESIAN_POINT('Origin',(-121.5,-6.5,71.));
#10827=CARTESIAN_POINT('',(-121.5,-6.5,76.));
#10828=CARTESIAN_POINT('Origin',(-121.5,-6.5,71.));
#10829=CARTESIAN_POINT('',(-121.5,-9.7,76.));
#10830=CARTESIAN_POINT('Origin',(-121.5,-9.7,71.));
#10831=CARTESIAN_POINT('',(-121.5,-6.5,76.));
#10832=CARTESIAN_POINT('Origin',(-116.569729031491,-6.5,76.));
#10833=CARTESIAN_POINT('',(-116.569729031491,-6.5,76.));
#10834=CARTESIAN_POINT('',(121.5,-6.5,76.));
#10835=CARTESIAN_POINT('',(-116.569729031491,-9.7,76.));
#10836=CARTESIAN_POINT('',(121.5,-9.7,76.));
#10837=CARTESIAN_POINT('',(-116.569729031491,-6.5,76.));
#10838=CARTESIAN_POINT('Origin',(-116.569729031491,-6.5,61.));
#10839=CARTESIAN_POINT('',(-116.569729031491,-6.5,61.));
#10840=CARTESIAN_POINT('',(-116.569729031491,-6.5,76.));
#10841=CARTESIAN_POINT('',(-116.569729031491,-9.7,61.));
#10842=CARTESIAN_POINT('',(-116.569729031491,-9.7,76.));
#10843=CARTESIAN_POINT('',(-116.569729031491,-6.5,61.));
#10844=CARTESIAN_POINT('Origin',(-111.569729031491,-6.5,61.));
#10845=CARTESIAN_POINT('',(-111.569729031491,-6.5,56.));
#10846=CARTESIAN_POINT('Origin',(-111.569729031491,-6.5,61.));
#10847=CARTESIAN_POINT('',(-111.569729031491,-9.7,56.));
#10848=CARTESIAN_POINT('Origin',(-111.569729031491,-9.7,61.));
#10849=CARTESIAN_POINT('',(-111.569729031491,-6.5,56.));
#10850=CARTESIAN_POINT('Origin',(-107.441863973634,-6.5,56.));
#10851=CARTESIAN_POINT('',(-107.441863973634,-6.5,56.));
#10852=CARTESIAN_POINT('',(-111.569729031491,-6.5,56.));
#10853=CARTESIAN_POINT('',(-107.441863973634,-9.7,56.));
#10854=CARTESIAN_POINT('',(-111.569729031491,-9.7,56.));
#10855=CARTESIAN_POINT('',(-107.441863973634,-6.5,56.));
#10856=CARTESIAN_POINT('Origin',(-107.441863973634,-6.5,34.8289598961287));
#10857=CARTESIAN_POINT('',(-107.441863973634,-6.5,34.8289598961287));
#10858=CARTESIAN_POINT('',(-107.441863973634,-6.5,31.2202320690858));
#10859=CARTESIAN_POINT('',(-107.441863973634,-9.7,34.8289598961287));
#10860=CARTESIAN_POINT('',(-107.441863973634,-9.7,31.2202320690858));
#10861=CARTESIAN_POINT('',(-107.441863973634,-6.5,34.8289598961287));
#10862=CARTESIAN_POINT('Origin',(-109.614855309892,-6.5,34.8289598961287));
#10863=CARTESIAN_POINT('',(-109.614855309892,-6.5,34.8289598961287));
#10864=CARTESIAN_POINT('',(-109.614855309892,-6.5,34.8289598961287));
#10865=CARTESIAN_POINT('',(-109.614855309892,-9.7,34.8289598961287));
#10866=CARTESIAN_POINT('',(-109.614855309892,-9.7,34.8289598961287));
#10867=CARTESIAN_POINT('',(-109.614855309892,-6.5,34.8289598961287));
#10868=CARTESIAN_POINT('Origin',(-109.614855309892,-6.5,24.338472026818));
#10869=CARTESIAN_POINT('',(-109.614855309892,-6.5,24.338472026818));
#10870=CARTESIAN_POINT('',(-109.614855309892,-6.5,24.338472026818));
#10871=CARTESIAN_POINT('',(-109.614855309892,-9.7,24.338472026818));
#10872=CARTESIAN_POINT('',(-109.614855309892,-9.7,24.338472026818));
#10873=CARTESIAN_POINT('',(-109.614855309892,-6.5,24.338472026818));
#10874=CARTESIAN_POINT('Origin',(-101.222465014444,-6.5,24.338472026818));
#10875=CARTESIAN_POINT('',(-101.222465014444,-6.5,24.338472026818));
#10876=CARTESIAN_POINT('',(-101.222465014444,-6.5,24.338472026818));
#10877=CARTESIAN_POINT('',(-101.222465014444,-9.7,24.338472026818));
#10878=CARTESIAN_POINT('',(-101.222465014444,-9.7,24.338472026818));
#10879=CARTESIAN_POINT('',(-101.222465014444,-6.5,24.338472026818));
#10880=CARTESIAN_POINT('Origin',(-101.222465014444,-6.5,31.2202320690858));
#10881=CARTESIAN_POINT('',(-101.222465014444,-6.5,31.2202320690858));
#10882=CARTESIAN_POINT('',(-101.222465014444,-6.5,34.8289598961287));
#10883=CARTESIAN_POINT('',(-101.222465014444,-9.7,31.2202320690858));
#10884=CARTESIAN_POINT('',(-101.222465014444,-9.7,34.8289598961287));
#10885=CARTESIAN_POINT('',(-101.222465014444,-6.5,31.2202320690858));
#10886=CARTESIAN_POINT('Origin',(-80.4093370817317,-6.5,31.2202320690858));
#10887=CARTESIAN_POINT('',(-80.4093370817317,-6.5,31.2202320690858));
#10888=CARTESIAN_POINT('',(-80.4093370817317,-6.5,31.2202320690858));
#10889=CARTESIAN_POINT('',(-80.4093370817317,-9.7,31.2202320690858));
#10890=CARTESIAN_POINT('',(-80.4093370817317,-9.7,31.2202320690858));
#10891=CARTESIAN_POINT('',(-80.4093370817317,-6.5,31.2202320690858));
#10892=CARTESIAN_POINT('Origin',(-80.4093370817317,-6.5,56.3070547872362));
#10893=CARTESIAN_POINT('',(-80.4093370817317,-6.5,56.3070547872362));
#10894=CARTESIAN_POINT('',(-80.4093370817317,-6.5,56.3070547872362));
#10895=CARTESIAN_POINT('',(-80.4093370817317,-9.7,56.3070547872363));
#10896=CARTESIAN_POINT('',(-80.4093370817317,-9.7,56.3070547872362));
#10897=CARTESIAN_POINT('',(-80.4093370817317,-6.5,56.3070547872362));
#10898=CARTESIAN_POINT('Origin',(-84.8445434675598,-6.5,56.3070547872362));
#10899=CARTESIAN_POINT('',(-107.441863973634,-6.5,56.3070547872362));
#10900=CARTESIAN_POINT('',(-107.441863973634,-9.7,56.3070547872362));
#10901=CARTESIAN_POINT('Origin',(-1.77635683940025E-14,-9.7,0.));
#10902=CARTESIAN_POINT('Origin',(-1.77635683940025E-14,-6.5,0.));
#10903=CARTESIAN_POINT('Origin',(-50.,-14.7,42.5));
#10904=CARTESIAN_POINT('',(-52.2,-14.7,42.5));
#10905=CARTESIAN_POINT('Origin',(-50.,-14.7,42.5));
#10906=CARTESIAN_POINT('',(-52.2,-9.7,42.5));
#10907=CARTESIAN_POINT('',(-52.2,-14.7,42.5));
#10908=CARTESIAN_POINT('Origin',(-50.,-9.7,42.5));
#10909=CARTESIAN_POINT('Origin',(-50.,-14.7,-42.5));
#10910=CARTESIAN_POINT('',(-52.2,-14.7,-42.5));
#10911=CARTESIAN_POINT('Origin',(-50.,-14.7,-42.5));
#10912=CARTESIAN_POINT('',(-52.2,-9.7,-42.5));
#10913=CARTESIAN_POINT('',(-52.2,-14.7,-42.5));
#10914=CARTESIAN_POINT('Origin',(-50.,-9.7,-42.5));
#10915=CARTESIAN_POINT('Origin',(50.,-14.7,42.5));
#10916=CARTESIAN_POINT('',(47.8,-14.7,42.5));
#10917=CARTESIAN_POINT('Origin',(50.,-14.7,42.5));
#10918=CARTESIAN_POINT('',(47.8,-9.7,42.5));
#10919=CARTESIAN_POINT('',(47.8,-14.7,42.5));
#10920=CARTESIAN_POINT('Origin',(50.,-9.7,42.5));
#10921=CARTESIAN_POINT('Origin',(50.,-14.7,-42.5));
#10922=CARTESIAN_POINT('',(47.8,-14.7,-42.5));
#10923=CARTESIAN_POINT('Origin',(50.,-14.7,-42.5));
#10924=CARTESIAN_POINT('',(47.8,-9.7,-42.5));
#10925=CARTESIAN_POINT('',(47.8,-14.7,-42.5));
#10926=CARTESIAN_POINT('Origin',(50.,-9.7,-42.5));
#10927=CARTESIAN_POINT('Origin',(120.5,-14.7,-70.5));
#10928=CARTESIAN_POINT('',(117.5,-14.7,-70.5));
#10929=CARTESIAN_POINT('Origin',(120.5,-14.7,-70.5));
#10930=CARTESIAN_POINT('',(117.5,-10.7,-70.5));
#10931=CARTESIAN_POINT('',(117.5,-14.7,-70.5));
#10932=CARTESIAN_POINT('Origin',(120.5,-10.7,-70.5));
#10933=CARTESIAN_POINT('Origin',(120.5,-10.7,-70.5));
#10934=CARTESIAN_POINT('',(118.75,-10.7,-70.5));
#10935=CARTESIAN_POINT('Origin',(120.5,-10.7,-70.5));
#10936=CARTESIAN_POINT('Origin',(120.5,-14.7,70.5));
#10937=CARTESIAN_POINT('',(117.5,-14.7,70.5));
#10938=CARTESIAN_POINT('Origin',(120.5,-14.7,70.5));
#10939=CARTESIAN_POINT('',(117.5,-10.7,70.5));
#10940=CARTESIAN_POINT('',(117.5,-14.7,70.5));
#10941=CARTESIAN_POINT('Origin',(120.5,-10.7,70.5));
#10942=CARTESIAN_POINT('Origin',(120.5,-10.7,70.5));
#10943=CARTESIAN_POINT('',(118.75,-10.7,70.5));
#10944=CARTESIAN_POINT('Origin',(120.5,-10.7,70.5));
#10945=CARTESIAN_POINT('Origin',(-120.5,-14.7,-70.5));
#10946=CARTESIAN_POINT('',(-123.5,-14.7,-70.5));
#10947=CARTESIAN_POINT('Origin',(-120.5,-14.7,-70.5));
#10948=CARTESIAN_POINT('',(-123.5,-10.7,-70.5));
#10949=CARTESIAN_POINT('',(-123.5,-14.7,-70.5));
#10950=CARTESIAN_POINT('Origin',(-120.5,-10.7,-70.5));
#10951=CARTESIAN_POINT('Origin',(-120.5,-10.7,-70.5));
#10952=CARTESIAN_POINT('',(-122.25,-10.7,-70.5));
#10953=CARTESIAN_POINT('Origin',(-120.5,-10.7,-70.5));
#10954=CARTESIAN_POINT('Origin',(-120.5,-14.7,70.5));
#10955=CARTESIAN_POINT('',(-123.5,-14.7,70.5));
#10956=CARTESIAN_POINT('Origin',(-120.5,-14.7,70.5));
#10957=CARTESIAN_POINT('',(-123.5,-10.7,70.5));
#10958=CARTESIAN_POINT('',(-123.5,-14.7,70.5));
#10959=CARTESIAN_POINT('Origin',(-120.5,-10.7,70.5));
#10960=CARTESIAN_POINT('Origin',(-120.5,-10.7,70.5));
#10961=CARTESIAN_POINT('',(-122.25,-10.7,70.5));
#10962=CARTESIAN_POINT('Origin',(-120.5,-10.7,70.5));
#10963=CARTESIAN_POINT('Origin',(114.722703856611,-6.5,67.5243843459888));
#10964=CARTESIAN_POINT('',(126.5,-6.5,67.5243843459888));
#10965=CARTESIAN_POINT('',(114.722703856611,-6.5,67.5243843459888));
#10966=CARTESIAN_POINT('',(126.5,-6.5,67.5243843459888));
#10967=CARTESIAN_POINT('',(126.5,-9.7,67.5243843459888));
#10968=CARTESIAN_POINT('',(126.5,-6.5,67.5243843459888));
#10969=CARTESIAN_POINT('',(114.722703856611,-9.7,67.5243843459888));
#10970=CARTESIAN_POINT('',(57.3613519283056,-9.7,67.5243843459888));
#10971=CARTESIAN_POINT('',(114.722703856611,-6.5,67.5243843459888));
#10972=CARTESIAN_POINT('Origin',(119.5,-6.5,69.));
#10973=CARTESIAN_POINT('',(114.5,-6.5,69.));
#10974=CARTESIAN_POINT('Origin',(119.5,-6.5,69.));
#10975=CARTESIAN_POINT('',(114.5,-9.7,69.));
#10976=CARTESIAN_POINT('Origin',(119.5,-9.7,69.));
#10977=CARTESIAN_POINT('',(114.5,-6.5,69.));
#10978=CARTESIAN_POINT('Origin',(114.5,-6.5,76.));
#10979=CARTESIAN_POINT('',(114.5,-6.5,76.));
#10980=CARTESIAN_POINT('',(114.5,-6.5,76.));
#10981=CARTESIAN_POINT('',(114.5,-9.7,76.));
#10982=CARTESIAN_POINT('',(114.5,-9.7,38.));
#10983=CARTESIAN_POINT('',(114.5,-6.5,76.));
#10984=CARTESIAN_POINT('Origin',(120.5,-6.5,71.7621921729944));
#10985=CARTESIAN_POINT('',(126.5,-6.5,71.));
#10986=CARTESIAN_POINT('',(121.5,-6.5,76.));
#10987=CARTESIAN_POINT('Origin',(121.5,-6.5,71.));
#10988=CARTESIAN_POINT('',(126.5,-6.5,64.));
#10989=CARTESIAN_POINT('',(126.5,-6.5,76.));
#10990=CARTESIAN_POINT('',(118.75,-6.5,70.5));
#10991=CARTESIAN_POINT('Origin',(120.5,-6.5,70.5));
#10992=CARTESIAN_POINT('Origin',(0.,-9.7,8.88178419700125E-15));
#10993=CARTESIAN_POINT('',(126.5,-9.7,67.0913556596859));
#10994=CARTESIAN_POINT('',(126.5,-9.7,-71.));
#10995=CARTESIAN_POINT('',(117.171167185779,-9.7,67.0913556596859));
#10996=CARTESIAN_POINT('',(117.171167185779,-9.7,67.0913556596859));
#10997=CARTESIAN_POINT('',(112.171167185779,-9.7,62.0913556596859));
#10998=CARTESIAN_POINT('Origin',(117.171167185779,-9.7,62.0913556596859));
#10999=CARTESIAN_POINT('',(112.171167185779,-9.7,37.0913556596859));
#11000=CARTESIAN_POINT('',(112.171167185779,-9.7,37.0913556596859));
#11001=CARTESIAN_POINT('',(117.171167185779,-9.7,32.0913556596859));
#11002=CARTESIAN_POINT('Origin',(117.171167185779,-9.7,37.0913556596859));
#11003=CARTESIAN_POINT('',(126.5,-9.7,32.0913556596859));
#11004=CARTESIAN_POINT('',(126.5,-9.7,32.0913556596859));
#11005=CARTESIAN_POINT('',(126.5,-9.7,-38.4073988087117));
#11006=CARTESIAN_POINT('',(126.5,-9.7,-71.));
#11007=CARTESIAN_POINT('',(123.7,-9.7,-38.4073988087117));
#11008=CARTESIAN_POINT('',(126.5,-9.7,-38.4073988087117));
#11009=CARTESIAN_POINT('',(123.7,-9.7,-55.4582575930295));
#11010=CARTESIAN_POINT('',(123.7,-9.7,70.5));
#11011=CARTESIAN_POINT('',(126.5,-9.7,-55.4582575930295));
#11012=CARTESIAN_POINT('',(108.810836773696,-9.7,-55.4582575930295));
#11013=CARTESIAN_POINT('',(126.5,-9.7,-56.6029470282451));
#11014=CARTESIAN_POINT('',(126.5,-9.7,-71.));
#11015=CARTESIAN_POINT('',(123.7,-9.7,-56.6029470282451));
#11016=CARTESIAN_POINT('',(114.66309834579,-9.7,-56.6029470282451));
#11017=CARTESIAN_POINT('',(123.7,-9.7,-67.2190251706656));
#11018=CARTESIAN_POINT('',(123.7,-9.7,70.5));
#11019=CARTESIAN_POINT('',(126.5,-9.7,-67.2190251706656));
#11020=CARTESIAN_POINT('',(126.5,-9.7,-67.2190251706656));
#11021=CARTESIAN_POINT('',(126.5,-9.7,-71.));
#11022=CARTESIAN_POINT('',(126.5,-9.7,-71.));
#11023=CARTESIAN_POINT('',(121.5,-9.7,-76.));
#11024=CARTESIAN_POINT('Origin',(121.5,-9.7,-71.));
#11025=CARTESIAN_POINT('',(11.090056420068,-9.7,-76.));
#11026=CARTESIAN_POINT('',(-121.5,-9.7,-76.));
#11027=CARTESIAN_POINT('',(11.090056420068,-9.7,-64.6437706787887));
#11028=CARTESIAN_POINT('',(11.090056420068,-9.7,-59.6437706787887));
#11029=CARTESIAN_POINT('',(6.090056420068,-9.7,-59.6437706787887));
#11030=CARTESIAN_POINT('Origin',(6.090056420068,-9.7,-64.6437706787887));
#11031=CARTESIAN_POINT('',(-6.03626187919776,-9.7,-59.6437706787887));
#11032=CARTESIAN_POINT('',(-6.03626187919776,-9.7,-59.6437706787887));
#11033=CARTESIAN_POINT('',(-11.0362618791978,-9.7,-64.6437706787887));
#11034=CARTESIAN_POINT('Origin',(-6.03626187919777,-9.7,-64.6437706787887));
#11035=CARTESIAN_POINT('',(-11.0362618791978,-9.7,-76.));
#11036=CARTESIAN_POINT('',(-11.0362618791978,-9.7,-76.));
#11037=CARTESIAN_POINT('',(-86.1763949143605,-9.7,-76.));
#11038=CARTESIAN_POINT('',(-121.5,-9.7,-76.));
#11039=CARTESIAN_POINT('',(-86.1763949143605,-9.7,-53.7));
#11040=CARTESIAN_POINT('',(-86.1763949143605,-9.7,-76.));
#11041=CARTESIAN_POINT('',(-91.1763949143605,-9.7,-48.7));
#11042=CARTESIAN_POINT('Origin',(-91.1763949143605,-9.7,-53.7));
#11043=CARTESIAN_POINT('',(-108.17639491436,-9.7,-48.7));
#11044=CARTESIAN_POINT('',(-91.1763949143605,-9.7,-48.7));
#11045=CARTESIAN_POINT('',(-113.17639491436,-9.7,-53.7));
#11046=CARTESIAN_POINT('Origin',(-108.17639491436,-9.7,-53.7));
#11047=CARTESIAN_POINT('',(-113.17639491436,-9.7,-76.));
#11048=CARTESIAN_POINT('',(-113.17639491436,-9.7,-53.7));
#11049=CARTESIAN_POINT('',(-121.5,-9.7,-76.));
#11050=CARTESIAN_POINT('',(-121.5,-9.7,-76.));
#11051=CARTESIAN_POINT('',(-126.5,-9.7,-71.));
#11052=CARTESIAN_POINT('Origin',(-121.5,-9.7,-71.));
#11053=CARTESIAN_POINT('',(-126.5,-9.7,-36.5680607228621));
#11054=CARTESIAN_POINT('',(-126.5,-9.7,71.));
#11055=CARTESIAN_POINT('',(-112.952245545704,-9.7,-36.5680607228621));
#11056=CARTESIAN_POINT('',(-112.952245545704,-9.7,-36.5680607228621));
#11057=CARTESIAN_POINT('',(-107.952245545704,-9.7,-31.5680607228621));
#11058=CARTESIAN_POINT('Origin',(-112.952245545704,-9.7,-31.5680607228621));
#11059=CARTESIAN_POINT('',(-107.952245545704,-9.7,-22.7026852676942));
#11060=CARTESIAN_POINT('',(-107.952245545704,-9.7,-22.7026852676942));
#11061=CARTESIAN_POINT('',(-110.190360119899,-9.7,-18.5347134713974));
#11062=CARTESIAN_POINT('Origin',(-112.952245545704,-9.7,-22.7026852676943));
#11063=CARTESIAN_POINT('',(-108.700028105067,-9.7,-14.973501510016));
#11064=CARTESIAN_POINT('Origin',(-113.700028105067,-9.7,-14.973501510016));
#11065=CARTESIAN_POINT('',(-108.700028105067,-9.7,15.026498489984));
#11066=CARTESIAN_POINT('',(-108.700028105067,-9.7,15.026498489984));
#11067=CARTESIAN_POINT('',(-113.700028105067,-9.7,20.026498489984));
#11068=CARTESIAN_POINT('Origin',(-113.700028105067,-9.7,15.026498489984));
#11069=CARTESIAN_POINT('',(-126.5,-9.7,20.026498489984));
#11070=CARTESIAN_POINT('',(-126.5,-9.7,20.026498489984));
#11071=CARTESIAN_POINT('',(-126.5,-9.7,71.));
#11072=CARTESIAN_POINT('',(-126.5,-9.7,71.));
#11073=CARTESIAN_POINT('',(-121.5,-9.7,76.));
#11074=CARTESIAN_POINT('Origin',(-121.5,-9.7,71.));
#11075=CARTESIAN_POINT('',(-116.569729031491,-9.7,76.));
#11076=CARTESIAN_POINT('',(121.5,-9.7,76.));
#11077=CARTESIAN_POINT('',(-116.569729031491,-9.7,61.));
#11078=CARTESIAN_POINT('',(-116.569729031491,-9.7,61.));
#11079=CARTESIAN_POINT('',(-111.569729031491,-9.7,56.));
#11080=CARTESIAN_POINT('Origin',(-111.569729031491,-9.7,61.));
#11081=CARTESIAN_POINT('',(-107.441863973634,-9.7,56.));
#11082=CARTESIAN_POINT('',(-107.441863973634,-9.7,56.));
#11083=CARTESIAN_POINT('',(-84.8445434675598,-9.7,56.3070547872362));
#11084=CARTESIAN_POINT('',(-84.8445434675598,-9.7,56.3070547872362));
#11085=CARTESIAN_POINT('',(-81.5697290314914,-9.7,61.));
#11086=CARTESIAN_POINT('Origin',(-86.5697290314914,-9.7,61.));
#11087=CARTESIAN_POINT('',(-81.5697290314914,-9.7,76.));
#11088=CARTESIAN_POINT('',(-81.5697290314914,-9.7,76.));
#11089=CARTESIAN_POINT('',(-32.5786291082858,-9.7,76.));
#11090=CARTESIAN_POINT('',(121.5,-9.7,76.));
#11091=CARTESIAN_POINT('',(-32.5786291082858,-9.7,61.));
#11092=CARTESIAN_POINT('',(-32.5786291082858,-9.7,61.));
#11093=CARTESIAN_POINT('',(-22.5786291082858,-9.7,51.));
#11094=CARTESIAN_POINT('Origin',(-22.5786291082858,-9.7,61.));
#11095=CARTESIAN_POINT('',(22.4213708917142,-9.7,51.));
#11096=CARTESIAN_POINT('',(22.4213708917142,-9.7,51.));
#11097=CARTESIAN_POINT('',(32.4213708917142,-9.7,61.));
#11098=CARTESIAN_POINT('Origin',(22.4213708917142,-9.7,61.));
#11099=CARTESIAN_POINT('',(32.4213708917142,-9.7,76.));
#11100=CARTESIAN_POINT('',(32.4213708917142,-9.7,76.));
#11101=CARTESIAN_POINT('',(78.982292371683,-9.7,76.));
#11102=CARTESIAN_POINT('',(121.5,-9.7,76.));
#11103=CARTESIAN_POINT('',(78.982292371683,-9.7,65.0764026037507));
#11104=CARTESIAN_POINT('',(78.982292371683,-9.7,80.0764026037507));
#11105=CARTESIAN_POINT('',(83.9822923716829,-9.7,60.0764026037507));
#11106=CARTESIAN_POINT('Origin',(83.982292371683,-9.7,65.0764026037507));
#11107=CARTESIAN_POINT('',(91.9822923716829,-9.7,60.0764026037507));
#11108=CARTESIAN_POINT('',(83.982292371683,-9.7,60.0764026037507));
#11109=CARTESIAN_POINT('',(96.9822923716829,-9.7,65.0764026037507));
#11110=CARTESIAN_POINT('Origin',(91.9822923716829,-9.7,65.0764026037507));
#11111=CARTESIAN_POINT('',(96.9822923716829,-9.7,76.));
#11112=CARTESIAN_POINT('',(96.9822923716829,-9.7,65.0764026037507));
#11113=CARTESIAN_POINT('',(121.5,-9.7,76.));
#11114=CARTESIAN_POINT('',(110.774075971987,-9.7,-64.310045573372));
#11115=CARTESIAN_POINT('',(112.774075971987,-9.7,-66.310045573372));
#11116=CARTESIAN_POINT('Origin',(110.774075971987,-9.7,-66.310045573372));
#11117=CARTESIAN_POINT('',(100.047583285901,-9.7,-64.310045573372));
#11118=CARTESIAN_POINT('',(100.047583285901,-9.7,-64.310045573372));
#11119=CARTESIAN_POINT('',(98.0475832859014,-9.7,-66.310045573372));
#11120=CARTESIAN_POINT('Origin',(100.047583285901,-9.7,-66.310045573372));
#11121=CARTESIAN_POINT('',(98.0475832859014,-9.7,-70.3307246256153));
#11122=CARTESIAN_POINT('',(98.0475832859014,-9.7,-70.3307246256153));
#11123=CARTESIAN_POINT('',(100.047583285901,-9.7,-72.3307246256153));
#11124=CARTESIAN_POINT('Origin',(100.047583285901,-9.7,-70.3307246256153));
#11125=CARTESIAN_POINT('',(110.774075971987,-9.7,-72.3307246256153));
#11126=CARTESIAN_POINT('',(110.774075971987,-9.7,-72.3307246256153));
#11127=CARTESIAN_POINT('',(112.774075971987,-9.7,-70.3307246256153));
#11128=CARTESIAN_POINT('Origin',(110.774075971987,-9.7,-70.3307246256153));
#11129=CARTESIAN_POINT('',(112.774075971987,-9.7,-66.310045573372));
#11130=CARTESIAN_POINT('',(118.75,-9.7,-70.5));
#11131=CARTESIAN_POINT('Origin',(120.5,-9.7,-70.5));
#11132=CARTESIAN_POINT('',(-114.958619651106,-9.7,40.4655371096098));
#11133=CARTESIAN_POINT('',(-112.958619651106,-9.7,38.4655371096098));
#11134=CARTESIAN_POINT('Origin',(-114.958619651106,-9.7,38.4655371096098));
#11135=CARTESIAN_POINT('',(-120.958817411758,-9.7,40.4655371096098));
#11136=CARTESIAN_POINT('',(-120.958817411758,-9.7,40.4655371096098));
#11137=CARTESIAN_POINT('',(-122.958817411758,-9.7,38.4655371096098));
#11138=CARTESIAN_POINT('Origin',(-120.958817411758,-9.7,38.4655371096098));
#11139=CARTESIAN_POINT('',(-122.958817411758,-9.7,26.3921598870098));
#11140=CARTESIAN_POINT('',(-122.958817411758,-9.7,26.3921598870098));
#11141=CARTESIAN_POINT('',(-120.958817411758,-9.7,24.3921598870098));
#11142=CARTESIAN_POINT('Origin',(-120.958817411758,-9.7,26.3921598870098));
#11143=CARTESIAN_POINT('',(-114.958619651106,-9.7,24.3921598870098));
#11144=CARTESIAN_POINT('',(-114.958619651106,-9.7,24.3921598870098));
#11145=CARTESIAN_POINT('',(-112.958619651106,-9.7,26.3921598870098));
#11146=CARTESIAN_POINT('Origin',(-114.958619651106,-9.7,26.3921598870098));
#11147=CARTESIAN_POINT('',(-112.958619651106,-9.7,38.4655371096098));
#11148=CARTESIAN_POINT('',(-122.25,-9.7,70.5));
#11149=CARTESIAN_POINT('Origin',(-120.5,-9.7,70.5));
#11150=CARTESIAN_POINT('',(88.8596523319784,-9.7,-63.9155859478519));
#11151=CARTESIAN_POINT('',(90.8596523319784,-9.7,-65.9155859478519));
#11152=CARTESIAN_POINT('Origin',(88.8596523319784,-9.7,-65.9155859478519));
#11153=CARTESIAN_POINT('',(77.9578442567723,-9.7,-63.9155859478519));
#11154=CARTESIAN_POINT('',(77.9578442567723,-9.7,-63.9155859478519));
#11155=CARTESIAN_POINT('',(75.9578442567723,-9.7,-65.9155859478519));
#11156=CARTESIAN_POINT('Origin',(77.9578442567723,-9.7,-65.9155859478519));
#11157=CARTESIAN_POINT('',(75.9578442567723,-9.7,-70.7690130984155));
#11158=CARTESIAN_POINT('',(75.9578442567723,-9.7,-70.7690130984155));
#11159=CARTESIAN_POINT('',(77.9578442567723,-9.7,-72.7690130984155));
#11160=CARTESIAN_POINT('Origin',(77.9578442567723,-9.7,-70.7690130984155));
#11161=CARTESIAN_POINT('',(88.8596523319784,-9.7,-72.7690130984155));
#11162=CARTESIAN_POINT('',(88.8596523319784,-9.7,-72.7690130984155));
#11163=CARTESIAN_POINT('',(90.8596523319784,-9.7,-70.7690130984155));
#11164=CARTESIAN_POINT('Origin',(88.8596523319784,-9.7,-70.7690130984155));
#11165=CARTESIAN_POINT('',(90.8596523319784,-9.7,-65.9155859478519));
#11166=CARTESIAN_POINT('',(-122.25,-9.7,-70.5));
#11167=CARTESIAN_POINT('Origin',(-120.5,-9.7,-70.5));
#11168=CARTESIAN_POINT('Origin',(-120.5,-9.7,-70.5));
#11169=CARTESIAN_POINT('',(-122.25,-9.7,-70.5));
#11170=CARTESIAN_POINT('Origin',(77.9578442567723,-9.7,-63.9155859478519));
#11171=CARTESIAN_POINT('',(88.8596523319784,-14.7,-63.9155859478519));
#11172=CARTESIAN_POINT('',(88.8596523319784,-9.7,-63.9155859478519));
#11173=CARTESIAN_POINT('',(77.9578442567723,-14.7,-63.9155859478519));
#11174=CARTESIAN_POINT('',(77.9578442567723,-14.7,-63.9155859478519));
#11175=CARTESIAN_POINT('',(77.9578442567723,-9.7,-63.9155859478519));
#11176=CARTESIAN_POINT('Origin',(77.9578442567723,-9.7,-65.9155859478519));
#11177=CARTESIAN_POINT('',(75.9578442567723,-14.7,-65.9155859478519));
#11178=CARTESIAN_POINT('Origin',(77.9578442567723,-14.7,-65.9155859478519));
#11179=CARTESIAN_POINT('',(75.9578442567723,-9.7,-65.9155859478519));
#11180=CARTESIAN_POINT('Origin',(75.9578442567723,-9.7,-70.7690130984155));
#11181=CARTESIAN_POINT('',(75.9578442567723,-14.7,-70.7690130984155));
#11182=CARTESIAN_POINT('',(75.9578442567723,-14.7,-70.7690130984155));
#11183=CARTESIAN_POINT('',(75.9578442567723,-9.7,-70.7690130984155));
#11184=CARTESIAN_POINT('Origin',(77.9578442567723,-9.7,-70.7690130984155));
#11185=CARTESIAN_POINT('',(77.9578442567723,-14.7,-72.7690130984155));
#11186=CARTESIAN_POINT('Origin',(77.9578442567723,-14.7,-70.7690130984155));
#11187=CARTESIAN_POINT('',(77.9578442567723,-9.7,-72.7690130984155));
#11188=CARTESIAN_POINT('Origin',(88.8596523319784,-9.7,-72.7690130984155));
#11189=CARTESIAN_POINT('',(88.8596523319784,-14.7,-72.7690130984155));
#11190=CARTESIAN_POINT('',(88.8596523319784,-14.7,-72.7690130984155));
#11191=CARTESIAN_POINT('',(88.8596523319784,-9.7,-72.7690130984155));
#11192=CARTESIAN_POINT('Origin',(88.8596523319784,-9.7,-70.7690130984155));
#11193=CARTESIAN_POINT('',(90.8596523319784,-14.7,-70.7690130984155));
#11194=CARTESIAN_POINT('Origin',(88.8596523319784,-14.7,-70.7690130984155));
#11195=CARTESIAN_POINT('',(90.8596523319784,-9.7,-70.7690130984155));
#11196=CARTESIAN_POINT('Origin',(90.8596523319784,-9.7,-65.9155859478519));
#11197=CARTESIAN_POINT('',(90.8596523319784,-14.7,-65.9155859478519));
#11198=CARTESIAN_POINT('',(90.8596523319784,-14.7,-65.9155859478519));
#11199=CARTESIAN_POINT('',(90.8596523319784,-9.7,-65.9155859478519));
#11200=CARTESIAN_POINT('Origin',(88.8596523319784,-9.7,-65.9155859478519));
#11201=CARTESIAN_POINT('Origin',(88.8596523319784,-14.7,-65.9155859478519));
#11202=CARTESIAN_POINT('Origin',(-120.5,-9.7,70.5));
#11203=CARTESIAN_POINT('',(-122.25,-9.7,70.5));
#11204=CARTESIAN_POINT('Origin',(-120.958817411758,-9.7,40.4655371096098));
#11205=CARTESIAN_POINT('',(-114.958619651106,-14.7,40.4655371096098));
#11206=CARTESIAN_POINT('',(-114.958619651106,-9.7,40.4655371096098));
#11207=CARTESIAN_POINT('',(-120.958817411758,-14.7,40.4655371096098));
#11208=CARTESIAN_POINT('',(-120.958817411758,-14.7,40.4655371096098));
#11209=CARTESIAN_POINT('',(-120.958817411758,-9.7,40.4655371096098));
#11210=CARTESIAN_POINT('Origin',(-120.958817411758,-9.7,38.4655371096098));
#11211=CARTESIAN_POINT('',(-122.958817411758,-14.7,38.4655371096098));
#11212=CARTESIAN_POINT('Origin',(-120.958817411758,-14.7,38.4655371096098));
#11213=CARTESIAN_POINT('',(-122.958817411758,-9.7,38.4655371096098));
#11214=CARTESIAN_POINT('Origin',(-122.958817411758,-9.7,26.3921598870098));
#11215=CARTESIAN_POINT('',(-122.958817411758,-14.7,26.3921598870098));
#11216=CARTESIAN_POINT('',(-122.958817411758,-14.7,26.3921598870098));
#11217=CARTESIAN_POINT('',(-122.958817411758,-9.7,26.3921598870098));
#11218=CARTESIAN_POINT('Origin',(-120.958817411758,-9.7,26.3921598870098));
#11219=CARTESIAN_POINT('',(-120.958817411758,-14.7,24.3921598870098));
#11220=CARTESIAN_POINT('Origin',(-120.958817411758,-14.7,26.3921598870098));
#11221=CARTESIAN_POINT('',(-120.958817411758,-9.7,24.3921598870098));
#11222=CARTESIAN_POINT('Origin',(-114.958619651106,-9.7,24.3921598870098));
#11223=CARTESIAN_POINT('',(-114.958619651106,-14.7,24.3921598870098));
#11224=CARTESIAN_POINT('',(-114.958619651106,-14.7,24.3921598870098));
#11225=CARTESIAN_POINT('',(-114.958619651106,-9.7,24.3921598870098));
#11226=CARTESIAN_POINT('Origin',(-114.958619651106,-9.7,26.3921598870098));
#11227=CARTESIAN_POINT('',(-112.958619651106,-14.7,26.3921598870098));
#11228=CARTESIAN_POINT('Origin',(-114.958619651106,-14.7,26.3921598870098));
#11229=CARTESIAN_POINT('',(-112.958619651106,-9.7,26.3921598870098));
#11230=CARTESIAN_POINT('Origin',(-112.958619651106,-9.7,38.4655371096098));
#11231=CARTESIAN_POINT('',(-112.958619651106,-14.7,38.4655371096098));
#11232=CARTESIAN_POINT('',(-112.958619651106,-14.7,38.4655371096098));
#11233=CARTESIAN_POINT('',(-112.958619651106,-9.7,38.4655371096098));
#11234=CARTESIAN_POINT('Origin',(-114.958619651106,-9.7,38.4655371096098));
#11235=CARTESIAN_POINT('Origin',(-114.958619651106,-14.7,38.4655371096098));
#11236=CARTESIAN_POINT('Origin',(120.5,-9.7,70.5));
#11237=CARTESIAN_POINT('',(118.75,-9.7,70.5));
#11238=CARTESIAN_POINT('Origin',(120.5,-9.7,-70.5));
#11239=CARTESIAN_POINT('',(118.75,-9.7,-70.5));
#11240=CARTESIAN_POINT('Origin',(100.047583285901,-9.7,-64.310045573372));
#11241=CARTESIAN_POINT('',(110.774075971987,-14.7,-64.310045573372));
#11242=CARTESIAN_POINT('',(110.774075971987,-9.7,-64.310045573372));
#11243=CARTESIAN_POINT('',(100.047583285901,-14.7,-64.310045573372));
#11244=CARTESIAN_POINT('',(100.047583285901,-14.7,-64.310045573372));
#11245=CARTESIAN_POINT('',(100.047583285901,-9.7,-64.310045573372));
#11246=CARTESIAN_POINT('Origin',(100.047583285901,-9.7,-66.310045573372));
#11247=CARTESIAN_POINT('',(98.0475832859014,-14.7,-66.310045573372));
#11248=CARTESIAN_POINT('Origin',(100.047583285901,-14.7,-66.310045573372));
#11249=CARTESIAN_POINT('',(98.0475832859014,-9.7,-66.310045573372));
#11250=CARTESIAN_POINT('Origin',(98.0475832859014,-9.7,-70.3307246256153));
#11251=CARTESIAN_POINT('',(98.0475832859014,-14.7,-70.3307246256153));
#11252=CARTESIAN_POINT('',(98.0475832859014,-14.7,-70.3307246256153));
#11253=CARTESIAN_POINT('',(98.0475832859014,-9.7,-70.3307246256153));
#11254=CARTESIAN_POINT('Origin',(100.047583285901,-9.7,-70.3307246256153));
#11255=CARTESIAN_POINT('',(100.047583285901,-14.7,-72.3307246256153));
#11256=CARTESIAN_POINT('Origin',(100.047583285901,-14.7,-70.3307246256153));
#11257=CARTESIAN_POINT('',(100.047583285901,-9.7,-72.3307246256153));
#11258=CARTESIAN_POINT('Origin',(110.774075971987,-9.7,-72.3307246256153));
#11259=CARTESIAN_POINT('',(110.774075971987,-14.7,-72.3307246256153));
#11260=CARTESIAN_POINT('',(110.774075971987,-14.7,-72.3307246256153));
#11261=CARTESIAN_POINT('',(110.774075971987,-9.7,-72.3307246256153));
#11262=CARTESIAN_POINT('Origin',(110.774075971987,-9.7,-70.3307246256153));
#11263=CARTESIAN_POINT('',(112.774075971987,-14.7,-70.3307246256153));
#11264=CARTESIAN_POINT('Origin',(110.774075971987,-14.7,-70.3307246256153));
#11265=CARTESIAN_POINT('',(112.774075971987,-9.7,-70.3307246256153));
#11266=CARTESIAN_POINT('Origin',(112.774075971987,-9.7,-66.310045573372));
#11267=CARTESIAN_POINT('',(112.774075971987,-14.7,-66.310045573372));
#11268=CARTESIAN_POINT('',(112.774075971987,-14.7,-66.310045573372));
#11269=CARTESIAN_POINT('',(112.774075971987,-9.7,-66.310045573372));
#11270=CARTESIAN_POINT('Origin',(110.774075971987,-9.7,-66.310045573372));
#11271=CARTESIAN_POINT('Origin',(110.774075971987,-14.7,-66.310045573372));
#11272=CARTESIAN_POINT('Origin',(-22.5786291082858,-9.7,61.));
#11273=CARTESIAN_POINT('',(-32.5786291082858,-14.7,61.));
#11274=CARTESIAN_POINT('',(-32.5786291082858,-9.7,61.));
#11275=CARTESIAN_POINT('',(-22.5786291082858,-14.7,51.));
#11276=CARTESIAN_POINT('Origin',(-22.5786291082858,-14.7,61.));
#11277=CARTESIAN_POINT('',(-22.5786291082858,-9.7,51.));
#11278=CARTESIAN_POINT('Origin',(22.4213708917142,-9.7,51.));
#11279=CARTESIAN_POINT('',(22.4213708917142,-14.7,51.));
#11280=CARTESIAN_POINT('',(22.4213708917142,-14.7,51.));
#11281=CARTESIAN_POINT('',(22.4213708917142,-9.7,51.));
#11282=CARTESIAN_POINT('Origin',(22.4213708917142,-9.7,61.));
#11283=CARTESIAN_POINT('',(32.4213708917142,-14.7,61.));
#11284=CARTESIAN_POINT('Origin',(22.4213708917142,-14.7,61.));
#11285=CARTESIAN_POINT('',(32.4213708917142,-9.7,61.));
#11286=CARTESIAN_POINT('Origin',(32.4213708917142,-9.7,76.));
#11287=CARTESIAN_POINT('',(32.4213708917142,-14.7,76.));
#11288=CARTESIAN_POINT('',(32.4213708917142,-14.7,76.));
#11289=CARTESIAN_POINT('',(32.4213708917142,-9.7,76.));
#11290=CARTESIAN_POINT('Origin',(78.982292371683,-9.7,76.));
#11291=CARTESIAN_POINT('',(78.982292371683,-14.7,76.));
#11292=CARTESIAN_POINT('',(121.5,-14.7,76.));
#11293=CARTESIAN_POINT('',(78.982292371683,-9.7,76.));
#11294=CARTESIAN_POINT('Origin',(78.982292371683,-9.7,65.0764026037507));
#11295=CARTESIAN_POINT('',(78.982292371683,-14.7,65.0764026037507));
#11296=CARTESIAN_POINT('',(78.982292371683,-14.7,80.0764026037507));
#11297=CARTESIAN_POINT('',(78.982292371683,-9.7,65.0764026037507));
#11298=CARTESIAN_POINT('Origin',(83.982292371683,-9.7,65.0764026037507));
#11299=CARTESIAN_POINT('',(83.9822923716829,-14.7,60.0764026037507));
#11300=CARTESIAN_POINT('Origin',(83.982292371683,-14.7,65.0764026037507));
#11301=CARTESIAN_POINT('',(83.9822923716829,-9.7,60.0764026037507));
#11302=CARTESIAN_POINT('Origin',(91.9822923716829,-9.7,60.0764026037507));
#11303=CARTESIAN_POINT('',(91.9822923716829,-14.7,60.0764026037507));
#11304=CARTESIAN_POINT('',(83.982292371683,-14.7,60.0764026037507));
#11305=CARTESIAN_POINT('',(91.9822923716829,-9.7,60.0764026037507));
#11306=CARTESIAN_POINT('Origin',(91.9822923716829,-9.7,65.0764026037507));
#11307=CARTESIAN_POINT('',(96.9822923716829,-14.7,65.0764026037507));
#11308=CARTESIAN_POINT('Origin',(91.9822923716829,-14.7,65.0764026037507));
#11309=CARTESIAN_POINT('',(96.9822923716829,-9.7,65.0764026037507));
#11310=CARTESIAN_POINT('Origin',(96.9822923716829,-9.7,76.));
#11311=CARTESIAN_POINT('',(96.9822923716829,-14.7,76.));
#11312=CARTESIAN_POINT('',(96.9822923716829,-14.7,65.0764026037507));
#11313=CARTESIAN_POINT('',(96.9822923716829,-9.7,76.));
#11314=CARTESIAN_POINT('Origin',(121.5,-9.7,76.));
#11315=CARTESIAN_POINT('',(121.5,-14.7,76.));
#11316=CARTESIAN_POINT('',(121.5,-14.7,76.));
#11317=CARTESIAN_POINT('',(121.5,-9.7,76.));
#11318=CARTESIAN_POINT('Origin',(121.5,-9.7,71.));
#11319=CARTESIAN_POINT('',(126.5,-14.7,71.));
#11320=CARTESIAN_POINT('Origin',(121.5,-14.7,71.));
#11321=CARTESIAN_POINT('',(126.5,-9.7,71.));
#11322=CARTESIAN_POINT('Origin',(126.5,-9.7,67.0913556596859));
#11323=CARTESIAN_POINT('',(126.5,-14.7,67.0913556596859));
#11324=CARTESIAN_POINT('',(126.5,-14.7,-71.));
#11325=CARTESIAN_POINT('',(126.5,-9.7,67.0913556596859));
#11326=CARTESIAN_POINT('Origin',(117.171167185779,-9.7,67.0913556596859));
#11327=CARTESIAN_POINT('',(117.171167185779,-14.7,67.0913556596859));
#11328=CARTESIAN_POINT('',(117.171167185779,-14.7,67.0913556596859));
#11329=CARTESIAN_POINT('',(117.171167185779,-9.7,67.0913556596859));
#11330=CARTESIAN_POINT('Origin',(117.171167185779,-9.7,62.0913556596859));
#11331=CARTESIAN_POINT('',(112.171167185779,-14.7,62.0913556596859));
#11332=CARTESIAN_POINT('Origin',(117.171167185779,-14.7,62.0913556596859));
#11333=CARTESIAN_POINT('',(112.171167185779,-9.7,62.0913556596859));
#11334=CARTESIAN_POINT('Origin',(112.171167185779,-9.7,37.0913556596859));
#11335=CARTESIAN_POINT('',(112.171167185779,-14.7,37.0913556596859));
#11336=CARTESIAN_POINT('',(112.171167185779,-14.7,37.0913556596859));
#11337=CARTESIAN_POINT('',(112.171167185779,-9.7,37.0913556596859));
#11338=CARTESIAN_POINT('Origin',(117.171167185779,-9.7,37.0913556596859));
#11339=CARTESIAN_POINT('',(117.171167185779,-14.7,32.0913556596859));
#11340=CARTESIAN_POINT('Origin',(117.171167185779,-14.7,37.0913556596859));
#11341=CARTESIAN_POINT('',(117.171167185779,-9.7,32.0913556596859));
#11342=CARTESIAN_POINT('Origin',(126.5,-9.7,32.0913556596859));
#11343=CARTESIAN_POINT('',(126.5,-14.7,32.0913556596859));
#11344=CARTESIAN_POINT('',(126.5,-14.7,32.0913556596859));
#11345=CARTESIAN_POINT('',(126.5,-9.7,32.0913556596859));
#11346=CARTESIAN_POINT('Origin',(126.5,-9.7,-38.4073988087117));
#11347=CARTESIAN_POINT('',(126.5,-14.7,-38.4073988087117));
#11348=CARTESIAN_POINT('',(126.5,-14.7,-71.));
#11349=CARTESIAN_POINT('',(126.5,-9.7,-38.4073988087117));
#11350=CARTESIAN_POINT('Origin',(123.7,-9.7,-38.4073988087117));
#11351=CARTESIAN_POINT('',(123.7,-14.7,-38.4073988087117));
#11352=CARTESIAN_POINT('',(126.5,-14.7,-38.4073988087117));
#11353=CARTESIAN_POINT('',(123.7,-9.7,-38.4073988087117));
#11354=CARTESIAN_POINT('Origin',(123.7,-9.7,-55.4582575930295));
#11355=CARTESIAN_POINT('',(123.7,-14.7,-55.4582575930295));
#11356=CARTESIAN_POINT('',(123.7,-14.7,70.5));
#11357=CARTESIAN_POINT('',(123.7,-9.7,-55.4582575930295));
#11358=CARTESIAN_POINT('Origin',(126.5,-9.7,-55.4582575930295));
#11359=CARTESIAN_POINT('',(126.5,-14.7,-55.4582575930295));
#11360=CARTESIAN_POINT('',(108.810836773696,-14.7,-55.4582575930295));
#11361=CARTESIAN_POINT('',(126.5,-9.7,-55.4582575930295));
#11362=CARTESIAN_POINT('Origin',(126.5,-9.7,-56.6029470282451));
#11363=CARTESIAN_POINT('',(126.5,-14.7,-56.6029470282451));
#11364=CARTESIAN_POINT('',(126.5,-14.7,-71.));
#11365=CARTESIAN_POINT('',(126.5,-9.7,-56.6029470282451));
#11366=CARTESIAN_POINT('Origin',(123.7,-9.7,-56.6029470282451));
#11367=CARTESIAN_POINT('',(123.7,-14.7,-56.6029470282451));
#11368=CARTESIAN_POINT('',(114.66309834579,-14.7,-56.6029470282451));
#11369=CARTESIAN_POINT('',(123.7,-9.7,-56.6029470282451));
#11370=CARTESIAN_POINT('Origin',(123.7,-9.7,-67.2190251706656));
#11371=CARTESIAN_POINT('',(123.7,-14.7,-67.2190251706656));
#11372=CARTESIAN_POINT('',(123.7,-14.7,70.5));
#11373=CARTESIAN_POINT('',(123.7,-9.7,-67.2190251706656));
#11374=CARTESIAN_POINT('Origin',(126.5,-9.7,-67.2190251706656));
#11375=CARTESIAN_POINT('',(126.5,-14.7,-67.2190251706656));
#11376=CARTESIAN_POINT('',(126.5,-14.7,-67.2190251706656));
#11377=CARTESIAN_POINT('',(126.5,-9.7,-67.2190251706656));
#11378=CARTESIAN_POINT('Origin',(126.5,-9.7,-71.));
#11379=CARTESIAN_POINT('',(126.5,-14.7,-71.));
#11380=CARTESIAN_POINT('',(126.5,-14.7,-71.));
#11381=CARTESIAN_POINT('',(126.5,-9.7,-71.));
#11382=CARTESIAN_POINT('Origin',(121.5,-9.7,-71.));
#11383=CARTESIAN_POINT('',(121.5,-14.7,-76.));
#11384=CARTESIAN_POINT('Origin',(121.5,-14.7,-71.));
#11385=CARTESIAN_POINT('',(121.5,-9.7,-76.));
#11386=CARTESIAN_POINT('Origin',(11.090056420068,-9.7,-76.));
#11387=CARTESIAN_POINT('',(11.090056420068,-14.7,-76.));
#11388=CARTESIAN_POINT('',(-121.5,-14.7,-76.));
#11389=CARTESIAN_POINT('',(11.090056420068,-9.7,-76.));
#11390=CARTESIAN_POINT('Origin',(11.090056420068,-9.7,-64.6437706787887));
#11391=CARTESIAN_POINT('',(11.090056420068,-14.7,-64.6437706787887));
#11392=CARTESIAN_POINT('',(11.090056420068,-14.7,-59.6437706787887));
#11393=CARTESIAN_POINT('',(11.090056420068,-9.7,-64.6437706787887));
#11394=CARTESIAN_POINT('Origin',(6.090056420068,-9.7,-64.6437706787887));
#11395=CARTESIAN_POINT('',(6.090056420068,-14.7,-59.6437706787887));
#11396=CARTESIAN_POINT('Origin',(6.090056420068,-14.7,-64.6437706787887));
#11397=CARTESIAN_POINT('',(6.090056420068,-9.7,-59.6437706787887));
#11398=CARTESIAN_POINT('Origin',(-6.03626187919776,-9.7,-59.6437706787887));
#11399=CARTESIAN_POINT('',(-6.03626187919776,-14.7,-59.6437706787887));
#11400=CARTESIAN_POINT('',(-6.03626187919776,-14.7,-59.6437706787887));
#11401=CARTESIAN_POINT('',(-6.03626187919776,-9.7,-59.6437706787887));
#11402=CARTESIAN_POINT('Origin',(-6.03626187919777,-9.7,-64.6437706787887));
#11403=CARTESIAN_POINT('',(-11.0362618791978,-14.7,-64.6437706787887));
#11404=CARTESIAN_POINT('Origin',(-6.03626187919777,-14.7,-64.6437706787887));
#11405=CARTESIAN_POINT('',(-11.0362618791978,-9.7,-64.6437706787887));
#11406=CARTESIAN_POINT('Origin',(-11.0362618791978,-9.7,-76.));
#11407=CARTESIAN_POINT('',(-11.0362618791978,-14.7,-76.));
#11408=CARTESIAN_POINT('',(-11.0362618791978,-14.7,-76.));
#11409=CARTESIAN_POINT('',(-11.0362618791978,-9.7,-76.));
#11410=CARTESIAN_POINT('Origin',(-86.1763949143605,-9.7,-76.));
#11411=CARTESIAN_POINT('',(-86.1763949143605,-14.7,-76.));
#11412=CARTESIAN_POINT('',(-121.5,-14.7,-76.));
#11413=CARTESIAN_POINT('',(-86.1763949143605,-9.7,-76.));
#11414=CARTESIAN_POINT('Origin',(-86.1763949143605,-9.7,-53.7));
#11415=CARTESIAN_POINT('',(-86.1763949143605,-14.7,-53.7));
#11416=CARTESIAN_POINT('',(-86.1763949143605,-14.7,-76.));
#11417=CARTESIAN_POINT('',(-86.1763949143605,-9.7,-53.7));
#11418=CARTESIAN_POINT('Origin',(-91.1763949143605,-9.7,-53.7));
#11419=CARTESIAN_POINT('',(-91.1763949143605,-14.7,-48.7));
#11420=CARTESIAN_POINT('Origin',(-91.1763949143605,-14.7,-53.7));
#11421=CARTESIAN_POINT('',(-91.1763949143605,-9.7,-48.7));
#11422=CARTESIAN_POINT('Origin',(-108.17639491436,-9.7,-48.7));
#11423=CARTESIAN_POINT('',(-108.17639491436,-14.7,-48.7));
#11424=CARTESIAN_POINT('',(-91.1763949143605,-14.7,-48.7));
#11425=CARTESIAN_POINT('',(-108.17639491436,-9.7,-48.7));
#11426=CARTESIAN_POINT('Origin',(-108.17639491436,-9.7,-53.7));
#11427=CARTESIAN_POINT('',(-113.17639491436,-14.7,-53.7));
#11428=CARTESIAN_POINT('Origin',(-108.17639491436,-14.7,-53.7));
#11429=CARTESIAN_POINT('',(-113.17639491436,-9.7,-53.7));
#11430=CARTESIAN_POINT('Origin',(-113.17639491436,-9.7,-76.));
#11431=CARTESIAN_POINT('',(-113.17639491436,-14.7,-76.));
#11432=CARTESIAN_POINT('',(-113.17639491436,-14.7,-53.7));
#11433=CARTESIAN_POINT('',(-113.17639491436,-9.7,-76.));
#11434=CARTESIAN_POINT('Origin',(-121.5,-9.7,-76.));
#11435=CARTESIAN_POINT('',(-121.5,-14.7,-76.));
#11436=CARTESIAN_POINT('',(-121.5,-14.7,-76.));
#11437=CARTESIAN_POINT('',(-121.5,-9.7,-76.));
#11438=CARTESIAN_POINT('Origin',(-121.5,-9.7,-71.));
#11439=CARTESIAN_POINT('',(-126.5,-14.7,-71.));
#11440=CARTESIAN_POINT('Origin',(-121.5,-14.7,-71.));
#11441=CARTESIAN_POINT('',(-126.5,-9.7,-71.));
#11442=CARTESIAN_POINT('Origin',(-126.5,-9.7,-36.5680607228621));
#11443=CARTESIAN_POINT('',(-126.5,-14.7,-36.5680607228621));
#11444=CARTESIAN_POINT('',(-126.5,-14.7,71.));
#11445=CARTESIAN_POINT('',(-126.5,-9.7,-36.5680607228621));
#11446=CARTESIAN_POINT('Origin',(-112.952245545704,-9.7,-36.5680607228621));
#11447=CARTESIAN_POINT('',(-112.952245545704,-14.7,-36.5680607228621));
#11448=CARTESIAN_POINT('',(-112.952245545704,-14.7,-36.5680607228621));
#11449=CARTESIAN_POINT('',(-112.952245545704,-9.7,-36.5680607228621));
#11450=CARTESIAN_POINT('Origin',(-112.952245545704,-9.7,-31.5680607228621));
#11451=CARTESIAN_POINT('',(-107.952245545704,-14.7,-31.5680607228621));
#11452=CARTESIAN_POINT('Origin',(-112.952245545704,-14.7,-31.5680607228621));
#11453=CARTESIAN_POINT('',(-107.952245545704,-9.7,-31.5680607228621));
#11454=CARTESIAN_POINT('Origin',(-107.952245545704,-9.7,-22.7026852676942));
#11455=CARTESIAN_POINT('',(-107.952245545704,-14.7,-22.7026852676942));
#11456=CARTESIAN_POINT('',(-107.952245545704,-14.7,-22.7026852676942));
#11457=CARTESIAN_POINT('',(-107.952245545704,-9.7,-22.7026852676942));
#11458=CARTESIAN_POINT('Origin',(-112.952245545704,-9.7,-22.7026852676943));
#11459=CARTESIAN_POINT('',(-110.190360119899,-14.7,-18.5347134713974));
#11460=CARTESIAN_POINT('Origin',(-112.952245545704,-14.7,-22.7026852676943));
#11461=CARTESIAN_POINT('',(-110.190360119899,-9.7,-18.5347134713974));
#11462=CARTESIAN_POINT('Origin',(-113.700028105067,-9.7,-14.973501510016));
#11463=CARTESIAN_POINT('',(-108.700028105067,-14.7,-14.973501510016));
#11464=CARTESIAN_POINT('Origin',(-113.700028105067,-14.7,-14.973501510016));
#11465=CARTESIAN_POINT('',(-108.700028105067,-9.7,-14.973501510016));
#11466=CARTESIAN_POINT('Origin',(-108.700028105067,-9.7,15.026498489984));
#11467=CARTESIAN_POINT('',(-108.700028105067,-14.7,15.026498489984));
#11468=CARTESIAN_POINT('',(-108.700028105067,-14.7,15.026498489984));
#11469=CARTESIAN_POINT('',(-108.700028105067,-9.7,15.026498489984));
#11470=CARTESIAN_POINT('Origin',(-113.700028105067,-9.7,15.026498489984));
#11471=CARTESIAN_POINT('',(-113.700028105067,-14.7,20.026498489984));
#11472=CARTESIAN_POINT('Origin',(-113.700028105067,-14.7,15.026498489984));
#11473=CARTESIAN_POINT('',(-113.700028105067,-9.7,20.026498489984));
#11474=CARTESIAN_POINT('Origin',(-126.5,-9.7,20.026498489984));
#11475=CARTESIAN_POINT('',(-126.5,-14.7,20.026498489984));
#11476=CARTESIAN_POINT('',(-126.5,-14.7,20.026498489984));
#11477=CARTESIAN_POINT('',(-126.5,-9.7,20.026498489984));
#11478=CARTESIAN_POINT('Origin',(-126.5,-9.7,71.));
#11479=CARTESIAN_POINT('',(-126.5,-14.7,71.));
#11480=CARTESIAN_POINT('',(-126.5,-14.7,71.));
#11481=CARTESIAN_POINT('',(-126.5,-9.7,71.));
#11482=CARTESIAN_POINT('Origin',(-121.5,-9.7,71.));
#11483=CARTESIAN_POINT('',(-121.5,-14.7,76.));
#11484=CARTESIAN_POINT('Origin',(-121.5,-14.7,71.));
#11485=CARTESIAN_POINT('',(-121.5,-9.7,76.));
#11486=CARTESIAN_POINT('Origin',(-116.569729031491,-9.7,76.));
#11487=CARTESIAN_POINT('',(-116.569729031491,-14.7,76.));
#11488=CARTESIAN_POINT('',(121.5,-14.7,76.));
#11489=CARTESIAN_POINT('',(-116.569729031491,-9.7,76.));
#11490=CARTESIAN_POINT('Origin',(-116.569729031491,-9.7,61.));
#11491=CARTESIAN_POINT('',(-116.569729031491,-14.7,61.));
#11492=CARTESIAN_POINT('',(-116.569729031491,-14.7,61.));
#11493=CARTESIAN_POINT('',(-116.569729031491,-9.7,61.));
#11494=CARTESIAN_POINT('Origin',(-111.569729031491,-9.7,61.));
#11495=CARTESIAN_POINT('',(-111.569729031491,-14.7,56.));
#11496=CARTESIAN_POINT('Origin',(-111.569729031491,-14.7,61.));
#11497=CARTESIAN_POINT('',(-111.569729031491,-9.7,56.));
#11498=CARTESIAN_POINT('Origin',(-107.441863973634,-9.7,56.));
#11499=CARTESIAN_POINT('',(-107.441863973634,-14.7,56.));
#11500=CARTESIAN_POINT('',(-107.441863973634,-14.7,56.));
#11501=CARTESIAN_POINT('',(-107.441863973634,-9.7,56.));
#11502=CARTESIAN_POINT('Origin',(-84.8445434675598,-9.7,56.3070547872362));
#11503=CARTESIAN_POINT('',(-84.8445434675598,-14.7,56.3070547872362));
#11504=CARTESIAN_POINT('',(-84.8445434675598,-14.7,56.3070547872362));
#11505=CARTESIAN_POINT('',(-84.8445434675598,-9.7,56.3070547872362));
#11506=CARTESIAN_POINT('Origin',(-86.5697290314914,-9.7,61.));
#11507=CARTESIAN_POINT('',(-81.5697290314914,-14.7,61.));
#11508=CARTESIAN_POINT('Origin',(-86.5697290314914,-14.7,61.));
#11509=CARTESIAN_POINT('',(-81.5697290314914,-9.7,61.));
#11510=CARTESIAN_POINT('Origin',(-81.5697290314914,-9.7,76.));
#11511=CARTESIAN_POINT('',(-81.5697290314914,-14.7,76.));
#11512=CARTESIAN_POINT('',(-81.5697290314914,-14.7,76.));
#11513=CARTESIAN_POINT('',(-81.5697290314914,-9.7,76.));
#11514=CARTESIAN_POINT('Origin',(-32.5786291082858,-9.7,76.));
#11515=CARTESIAN_POINT('',(-32.5786291082858,-14.7,76.));
#11516=CARTESIAN_POINT('',(121.5,-14.7,76.));
#11517=CARTESIAN_POINT('',(-32.5786291082858,-9.7,76.));
#11518=CARTESIAN_POINT('Origin',(-32.5786291082858,-9.7,61.));
#11519=CARTESIAN_POINT('',(-32.5786291082858,-14.7,61.));
#11520=CARTESIAN_POINT('Origin',(0.,-14.7,8.88178419700125E-15));
#11521=CARTESIAN_POINT('Origin',(-60.,-14.7,76.));
#11522=CARTESIAN_POINT('',(-60.,-14.7,72.));
#11523=CARTESIAN_POINT('',(-60.,-22.7,72.));
#11524=CARTESIAN_POINT('Origin',(-60.,-18.7,72.));
#11525=CARTESIAN_POINT('',(-60.,-14.7,-42.5));
#11526=CARTESIAN_POINT('',(-60.,-14.7,45.));
#11527=CARTESIAN_POINT('',(-60.,-22.7,-42.5));
#11528=CARTESIAN_POINT('',(-60.,-14.7,-42.5));
#11529=CARTESIAN_POINT('',(-60.,-22.7,45.));
#11530=CARTESIAN_POINT('Origin',(0.,-14.7,11.75));
#11531=CARTESIAN_POINT('',(-40.,-14.7,72.));
#11532=CARTESIAN_POINT('',(-20.,-14.7,72.));
#11533=CARTESIAN_POINT('',(-40.,-14.7,17.35));
#11534=CARTESIAN_POINT('',(-40.,-14.7,-32.5));
#11535=CARTESIAN_POINT('',(-40.,-14.7,-40.5));
#11536=CARTESIAN_POINT('',(-40.,-14.7,-32.5));
#11537=CARTESIAN_POINT('',(40.,-14.7,-40.5));
#11538=CARTESIAN_POINT('',(20.,-14.7,-40.5));
#11539=CARTESIAN_POINT('',(40.,-14.7,17.35));
#11540=CARTESIAN_POINT('',(40.,-14.7,50.));
#11541=CARTESIAN_POINT('',(40.,-14.7,72.));
#11542=CARTESIAN_POINT('',(40.,-14.7,50.));
#11543=CARTESIAN_POINT('',(60.,-14.7,72.));
#11544=CARTESIAN_POINT('',(30.,-14.7,72.));
#11545=CARTESIAN_POINT('',(60.,-14.7,-42.5));
#11546=CARTESIAN_POINT('',(60.,-14.7,-42.5));
#11547=CARTESIAN_POINT('',(50.,-14.7,-52.5));
#11548=CARTESIAN_POINT('Origin',(50.,-14.7,-42.5));
#11549=CARTESIAN_POINT('',(-50.,-14.7,-52.5));
#11550=CARTESIAN_POINT('',(-50.,-14.7,-52.5));
#11551=CARTESIAN_POINT('Origin',(-50.,-14.7,-42.5));
#11552=CARTESIAN_POINT('',(48.25,-14.7,-42.5));
#11553=CARTESIAN_POINT('Origin',(50.,-14.7,-42.5));
#11554=CARTESIAN_POINT('',(-51.75,-14.7,42.5));
#11555=CARTESIAN_POINT('Origin',(-50.,-14.7,42.5));
#11556=CARTESIAN_POINT('',(-51.75,-14.7,-42.5));
#11557=CARTESIAN_POINT('Origin',(-50.,-14.7,-42.5));
#11558=CARTESIAN_POINT('',(48.25,-14.7,42.5));
#11559=CARTESIAN_POINT('Origin',(50.,-14.7,42.5));
#11560=CARTESIAN_POINT('Origin',(-20.,-18.7,72.));
#11561=CARTESIAN_POINT('',(-40.,-22.7,72.));
#11562=CARTESIAN_POINT('',(-20.,-22.7,72.));
#11563=CARTESIAN_POINT('Origin',(-40.,-18.7,72.));
#11564=CARTESIAN_POINT('Origin',(0.,-22.7,11.75));
#11565=CARTESIAN_POINT('',(-50.,-22.7,-52.5));
#11566=CARTESIAN_POINT('Origin',(-50.,-22.7,-42.5));
#11567=CARTESIAN_POINT('',(50.,-22.7,-52.5));
#11568=CARTESIAN_POINT('',(-50.,-22.7,-52.5));
#11569=CARTESIAN_POINT('',(60.,-22.7,-42.5));
#11570=CARTESIAN_POINT('Origin',(50.,-22.7,-42.5));
#11571=CARTESIAN_POINT('',(60.,-22.7,72.));
#11572=CARTESIAN_POINT('',(60.,-22.7,-42.5));
#11573=CARTESIAN_POINT('',(40.,-22.7,72.));
#11574=CARTESIAN_POINT('',(30.,-22.7,72.));
#11575=CARTESIAN_POINT('',(40.,-22.7,17.35));
#11576=CARTESIAN_POINT('',(40.,-22.7,50.));
#11577=CARTESIAN_POINT('',(40.,-22.7,-32.5));
#11578=CARTESIAN_POINT('',(40.,-22.7,50.));
#11579=CARTESIAN_POINT('',(-40.,-22.7,-32.5));
#11580=CARTESIAN_POINT('',(40.,-22.7,-32.5));
#11581=CARTESIAN_POINT('',(-40.,-22.7,17.35));
#11582=CARTESIAN_POINT('',(-40.,-22.7,-32.5));
#11583=CARTESIAN_POINT('',(-40.,-22.7,-32.5));
#11584=CARTESIAN_POINT('',(48.25,-22.7,42.5));
#11585=CARTESIAN_POINT('Origin',(50.,-22.7,42.5));
#11586=CARTESIAN_POINT('',(-51.75,-22.7,-42.5));
#11587=CARTESIAN_POINT('Origin',(-50.,-22.7,-42.5));
#11588=CARTESIAN_POINT('',(-51.75,-22.7,42.5));
#11589=CARTESIAN_POINT('Origin',(-50.,-22.7,42.5));
#11590=CARTESIAN_POINT('',(48.25,-22.7,-42.5));
#11591=CARTESIAN_POINT('Origin',(50.,-22.7,-42.5));
#11592=CARTESIAN_POINT('Origin',(30.,-18.7,72.));
#11593=CARTESIAN_POINT('Origin',(60.,-18.7,72.));
#11594=CARTESIAN_POINT('Origin',(40.,-18.7,72.));
#11595=CARTESIAN_POINT('Origin',(-40.,-18.7,17.35));
#11596=CARTESIAN_POINT('',(-34.2874079730315,-18.7,17.35));
#11597=CARTESIAN_POINT('',(-40.,-14.7,17.35));
#11598=CARTESIAN_POINT('Origin',(-40.,-18.7,17.35));
#11599=CARTESIAN_POINT('Origin',(-40.,-18.7,17.35));
#11600=CARTESIAN_POINT('Origin',(-40.,-18.7,72.));
#11601=CARTESIAN_POINT('',(-34.2874079730315,-18.7,72.));
#11602=CARTESIAN_POINT('',(-40.,-14.7,72.));
#11603=CARTESIAN_POINT('Origin',(-40.,-18.7,72.));
#11604=CARTESIAN_POINT('Origin',(-40.,-14.7,-32.5));
#11605=CARTESIAN_POINT('',(-40.,-18.7,-36.5));
#11606=CARTESIAN_POINT('Origin',(-40.,-14.7,-32.5));
#11607=CARTESIAN_POINT('Origin',(20.,-18.7,-36.5));
#11608=CARTESIAN_POINT('',(40.,-45.825,-9.37500000000001));
#11609=CARTESIAN_POINT('Origin',(40.,-18.7,17.35));
#11610=CARTESIAN_POINT('',(34.2874079730315,-18.7,17.35));
#11611=CARTESIAN_POINT('',(40.,-14.7,17.35));
#11612=CARTESIAN_POINT('Origin',(40.,-18.7,17.35));
#11613=CARTESIAN_POINT('Origin',(40.,-18.7,17.35));
#11614=CARTESIAN_POINT('Origin',(40.,-14.7,76.));
#11615=CARTESIAN_POINT('Origin',(40.,-18.7,72.));
#11616=CARTESIAN_POINT('Origin',(40.,-14.7,76.));
#11617=CARTESIAN_POINT('Origin',(40.,-18.7,72.));
#11618=CARTESIAN_POINT('',(34.2874079730315,-18.7,72.));
#11619=CARTESIAN_POINT('',(40.,-14.7,72.));
#11620=CARTESIAN_POINT('Origin',(50.,-14.7,-42.5));
#11621=CARTESIAN_POINT('',(48.25,-14.7,-42.5));
#11622=CARTESIAN_POINT('Origin',(-50.,-14.7,42.5));
#11623=CARTESIAN_POINT('',(-51.75,-14.7,42.5));
#11624=CARTESIAN_POINT('Origin',(-50.,-14.7,-42.5));
#11625=CARTESIAN_POINT('',(-51.75,-14.7,-42.5));
#11626=CARTESIAN_POINT('Origin',(50.,-14.7,42.5));
#11627=CARTESIAN_POINT('',(48.25,-14.7,42.5));
#11628=CARTESIAN_POINT('Origin',(60.,-14.7,-42.5));
#11629=CARTESIAN_POINT('',(60.,-14.7,-42.5));
#11630=CARTESIAN_POINT('Origin',(50.,-14.7,-42.5));
#11631=CARTESIAN_POINT('',(50.,-14.7,-52.5));
#11632=CARTESIAN_POINT('Origin',(-50.,-14.7,-52.5));
#11633=CARTESIAN_POINT('',(-50.,-14.7,-52.5));
#11634=CARTESIAN_POINT('Origin',(-50.,-14.7,-42.5));
#11635=CARTESIAN_POINT('Origin',(37.0558406516319,-18.7,72.));
#11636=CARTESIAN_POINT('',(39.0198810939453,-22.7,72.));
#11637=CARTESIAN_POINT('',(39.8,-22.7,69.6093488019998));
#11638=CARTESIAN_POINT('Ctrl Pts',(39.0198810939453,-22.7,72.));
#11639=CARTESIAN_POINT('Ctrl Pts',(39.0198810939453,-22.7,70.8957678260884));
#11640=CARTESIAN_POINT('Ctrl Pts',(39.8,-22.7,69.6093488019997));
#11641=CARTESIAN_POINT('',(39.8,-14.7,69.6093488019998));
#11642=CARTESIAN_POINT('Origin',(39.8,-18.7,72.));
#11643=CARTESIAN_POINT('',(39.0198810939453,-14.7,72.));
#11644=CARTESIAN_POINT('Ctrl Pts',(39.8,-14.7,69.6093488019998));
#11645=CARTESIAN_POINT('Ctrl Pts',(39.0198810939453,-14.7,70.8957678260884));
#11646=CARTESIAN_POINT('Ctrl Pts',(39.0198810939453,-14.7,72.));
#11647=CARTESIAN_POINT('',(34.3116813032637,-18.683003631194,72.));
#11648=CARTESIAN_POINT('',(37.0558406516319,-16.361522569418,72.));
#11649=CARTESIAN_POINT('Origin',(34.3116813032637,-18.7,72.));
#11650=CARTESIAN_POINT('Origin',(39.0198810939453,-18.7,72.));
#11651=CARTESIAN_POINT('Origin',(0.,-22.7,0.100000000000007));
#11652=CARTESIAN_POINT('',(-39.0198810939453,-22.7,72.));
#11653=CARTESIAN_POINT('',(19.9,-22.7,72.));
#11654=CARTESIAN_POINT('',(-39.8,-22.7,69.6093488019998));
#11655=CARTESIAN_POINT('Ctrl Pts',(-39.8,-22.7,69.6093488019997));
#11656=CARTESIAN_POINT('Ctrl Pts',(-39.0198810939453,-22.7,70.8957678260884));
#11657=CARTESIAN_POINT('Ctrl Pts',(-39.0198810939453,-22.7,72.));
#11658=CARTESIAN_POINT('',(-39.8,-22.7,21.85));
#11659=CARTESIAN_POINT('',(-39.8,-22.7,76.));
#11660=CARTESIAN_POINT('',(-20.,-22.7,21.85));
#11661=CARTESIAN_POINT('',(-39.8,-22.7,21.85));
#11662=CARTESIAN_POINT('',(-20.,-22.7,-21.5843106933708));
#11663=CARTESIAN_POINT('',(-20.,-22.7,27.1343106933709));
#11664=CARTESIAN_POINT('',(20.,-22.7,-21.5843106933708));
#11665=CARTESIAN_POINT('',(-10.,-22.7,-21.5843106933708));
#11666=CARTESIAN_POINT('',(20.,-22.7,21.85));
#11667=CARTESIAN_POINT('',(20.,-22.7,-29.5843106933708));
#11668=CARTESIAN_POINT('',(39.8,-22.7,21.85));
#11669=CARTESIAN_POINT('',(-39.8,-22.7,21.85));
#11670=CARTESIAN_POINT('',(39.8,-22.7,21.85));
#11671=CARTESIAN_POINT('',(19.,-22.7,42.4156893066292));
#11672=CARTESIAN_POINT('',(-19.,-22.7,42.4156893066292));
#11673=CARTESIAN_POINT('',(-9.49999999999999,-22.7,42.4156893066292));
#11674=CARTESIAN_POINT('',(-19.,-22.7,48.4156893066292));
#11675=CARTESIAN_POINT('',(-19.,-22.7,24.2578446533146));
#11676=CARTESIAN_POINT('',(19.,-22.7,48.4156893066292));
#11677=CARTESIAN_POINT('',(9.50000000000001,-22.7,48.4156893066292));
#11678=CARTESIAN_POINT('',(19.,-22.7,21.2578446533146));
#11679=CARTESIAN_POINT('',(19.,-22.7,14.4156893066292));
#11680=CARTESIAN_POINT('',(-19.,-22.7,14.4156893066292));
#11681=CARTESIAN_POINT('',(-9.49999999999999,-22.7,14.4156893066292));
#11682=CARTESIAN_POINT('',(-19.,-22.7,20.4156893066292));
#11683=CARTESIAN_POINT('',(-19.,-22.7,10.2578446533146));
#11684=CARTESIAN_POINT('',(19.,-22.7,20.4156893066292));
#11685=CARTESIAN_POINT('',(9.50000000000001,-22.7,20.4156893066292));
#11686=CARTESIAN_POINT('',(19.,-22.7,7.25784465331459));
#11687=CARTESIAN_POINT('',(19.,-22.7,-13.5843106933708));
#11688=CARTESIAN_POINT('',(-19.,-22.7,-13.5843106933708));
#11689=CARTESIAN_POINT('',(-9.49999999999999,-22.7,-13.5843106933708));
#11690=CARTESIAN_POINT('',(-19.,-22.7,-7.58431069337083));
#11691=CARTESIAN_POINT('',(-19.,-22.7,-3.74215534668541));
#11692=CARTESIAN_POINT('',(19.,-22.7,-7.58431069337083));
#11693=CARTESIAN_POINT('',(9.50000000000001,-22.7,-7.58431069337083));
#11694=CARTESIAN_POINT('',(19.,-22.7,-6.74215534668541));
#11695=CARTESIAN_POINT('',(19.,-22.7,-6.58431069337083));
#11696=CARTESIAN_POINT('',(-19.,-22.7,-6.58431069337083));
#11697=CARTESIAN_POINT('',(-9.49999999999999,-22.7,-6.58431069337083));
#11698=CARTESIAN_POINT('',(-19.,-22.7,-0.584310693370831));
#11699=CARTESIAN_POINT('',(-19.,-22.7,-0.242155346685412));
#11700=CARTESIAN_POINT('',(19.,-22.7,-0.584310693370835));
#11701=CARTESIAN_POINT('',(9.50000000000001,-22.7,-0.584310693370834));
#11702=CARTESIAN_POINT('',(19.,-22.7,-3.24215534668541));
#11703=CARTESIAN_POINT('',(19.,-22.7,21.4156893066292));
#11704=CARTESIAN_POINT('',(-19.,-22.7,21.4156893066292));
#11705=CARTESIAN_POINT('',(-9.49999999999999,-22.7,21.4156893066292));
#11706=CARTESIAN_POINT('',(-19.,-22.7,27.4156893066292));
#11707=CARTESIAN_POINT('',(-19.,-22.7,13.7578446533146));
#11708=CARTESIAN_POINT('',(19.,-22.7,27.4156893066292));
#11709=CARTESIAN_POINT('',(9.50000000000001,-22.7,27.4156893066292));
#11710=CARTESIAN_POINT('',(19.,-22.7,10.7578446533146));
#11711=CARTESIAN_POINT('',(19.,-22.7,35.4156893066292));
#11712=CARTESIAN_POINT('',(-19.,-22.7,35.4156893066292));
#11713=CARTESIAN_POINT('',(-9.49999999999999,-22.7,35.4156893066292));
#11714=CARTESIAN_POINT('',(-19.,-22.7,41.4156893066292));
#11715=CARTESIAN_POINT('',(-19.,-22.7,20.7578446533146));
#11716=CARTESIAN_POINT('',(19.,-22.7,41.4156893066292));
#11717=CARTESIAN_POINT('',(9.50000000000001,-22.7,41.4156893066292));
#11718=CARTESIAN_POINT('',(19.,-22.7,17.7578446533146));
#11719=CARTESIAN_POINT('',(19.,-22.7,7.41568930662917));
#11720=CARTESIAN_POINT('',(-19.,-22.7,7.41568930662917));
#11721=CARTESIAN_POINT('',(-9.49999999999999,-22.7,7.41568930662917));
#11722=CARTESIAN_POINT('',(-19.,-22.7,13.4156893066292));
#11723=CARTESIAN_POINT('',(-19.,-22.7,6.75784465331459));
#11724=CARTESIAN_POINT('',(19.,-22.7,13.4156893066292));
#11725=CARTESIAN_POINT('',(9.50000000000001,-22.7,13.4156893066292));
#11726=CARTESIAN_POINT('',(19.,-22.7,3.75784465331459));
#11727=CARTESIAN_POINT('',(19.,-22.7,-20.5843106933708));
#11728=CARTESIAN_POINT('',(-19.,-22.7,-20.5843106933708));
#11729=CARTESIAN_POINT('',(-9.49999999999999,-22.7,-20.5843106933708));
#11730=CARTESIAN_POINT('',(-19.,-22.7,-14.5843106933708));
#11731=CARTESIAN_POINT('',(-19.,-22.7,-7.24215534668541));
#11732=CARTESIAN_POINT('',(19.,-22.7,-14.5843106933708));
#11733=CARTESIAN_POINT('',(9.50000000000001,-22.7,-14.5843106933708));
#11734=CARTESIAN_POINT('',(19.,-22.7,-10.2421553466854));
#11735=CARTESIAN_POINT('',(19.,-22.7,0.415689306629168));
#11736=CARTESIAN_POINT('',(-19.,-22.7,0.415689306629168));
#11737=CARTESIAN_POINT('',(-9.49999999999999,-22.7,0.415689306629167));
#11738=CARTESIAN_POINT('',(-19.,-22.7,6.41568930662917));
#11739=CARTESIAN_POINT('',(-19.,-22.7,3.25784465331459));
#11740=CARTESIAN_POINT('',(19.,-22.7,6.41568930662916));
#11741=CARTESIAN_POINT('',(9.50000000000001,-22.7,6.41568930662917));
#11742=CARTESIAN_POINT('',(19.,-22.7,0.257844653314591));
#11743=CARTESIAN_POINT('',(19.,-22.7,28.4156893066292));
#11744=CARTESIAN_POINT('',(-19.,-22.7,28.4156893066292));
#11745=CARTESIAN_POINT('',(-9.49999999999999,-22.7,28.4156893066292));
#11746=CARTESIAN_POINT('',(-19.,-22.7,34.4156893066292));
#11747=CARTESIAN_POINT('',(-19.,-22.7,17.2578446533146));
#11748=CARTESIAN_POINT('',(19.,-22.7,34.4156893066292));
#11749=CARTESIAN_POINT('',(9.50000000000001,-22.7,34.4156893066292));
#11750=CARTESIAN_POINT('',(19.,-22.7,14.2578446533146));
#11751=CARTESIAN_POINT('Origin',(19.9,-18.7,72.));
#11752=CARTESIAN_POINT('',(-39.0198810939453,-14.7,72.));
#11753=CARTESIAN_POINT('',(19.9,-14.7,72.));
#11754=CARTESIAN_POINT('Origin',(-39.0198810939453,-18.7,72.));
#11755=CARTESIAN_POINT('Origin',(40.,-18.7,72.));
#11756=CARTESIAN_POINT('',(34.2874079730315,-18.7,72.));
#11757=CARTESIAN_POINT('',(40.,-14.7,72.));
#11758=CARTESIAN_POINT('Origin',(-37.0558406516319,-18.7,72.));
#11759=CARTESIAN_POINT('',(-39.8,-14.7,69.6093488019998));
#11760=CARTESIAN_POINT('Ctrl Pts',(-39.0198810939453,-14.7,72.));
#11761=CARTESIAN_POINT('Ctrl Pts',(-39.0198810939453,-14.7,70.8957678260884));
#11762=CARTESIAN_POINT('Ctrl Pts',(-39.8,-14.7,69.6093488019997));
#11763=CARTESIAN_POINT('Origin',(-39.8,-18.7,72.));
#11764=CARTESIAN_POINT('',(-34.3116813032637,-18.683003631194,72.));
#11765=CARTESIAN_POINT('',(-37.0558406516319,-16.361522569418,72.));
#11766=CARTESIAN_POINT('Origin',(-34.3116813032637,-18.7,72.));
#11767=CARTESIAN_POINT('Origin',(-40.,-18.7,72.));
#11768=CARTESIAN_POINT('',(-34.2874079730315,-18.7,72.));
#11769=CARTESIAN_POINT('',(-40.,-14.7,72.));
#11770=CARTESIAN_POINT('Origin',(-19.,-22.7,28.4156893066292));
#11771=CARTESIAN_POINT('',(16.,-17.5038475772934,31.4156893066292));
#11772=CARTESIAN_POINT('',(15.2,-16.1182069312383,32.2156893066292));
#11773=CARTESIAN_POINT('',(-16.,-17.5038475772934,31.4156893066292));
#11774=CARTESIAN_POINT('',(1.49587944370547E-14,-17.5038475772934,31.4156893066292));
#11775=CARTESIAN_POINT('',(-18.4,-21.6607695154587,29.0156893066292));
#11776=CARTESIAN_POINT('Origin',(19.,-22.7,28.4156893066292));
#11777=CARTESIAN_POINT('',(18.4,-21.6607695154587,33.8156893066292));
#11778=CARTESIAN_POINT('Origin',(19.,-22.7,34.4156893066292));
#11779=CARTESIAN_POINT('',(-15.2,-16.1182069312383,30.6156893066292));
#11780=CARTESIAN_POINT('Origin',(-19.,-22.7,34.4156893066292));
#11781=CARTESIAN_POINT('Origin',(-19.,-22.7,0.415689306629168));
#11782=CARTESIAN_POINT('',(16.,-17.5038475772934,3.41568930662917));
#11783=CARTESIAN_POINT('',(15.2,-16.1182069312383,4.21568930662918));
#11784=CARTESIAN_POINT('',(-16.,-17.5038475772934,3.41568930662918));
#11785=CARTESIAN_POINT('',(1.49587944370547E-14,-17.5038475772934,3.41568930662917));
#11786=CARTESIAN_POINT('',(-18.4,-21.6607695154587,1.01568930662917));
#11787=CARTESIAN_POINT('Origin',(19.,-22.7,0.415689306629168));
#11788=CARTESIAN_POINT('',(18.4,-21.6607695154587,5.81568930662916));
#11789=CARTESIAN_POINT('Origin',(19.,-22.7,6.41568930662916));
#11790=CARTESIAN_POINT('',(-15.2,-16.1182069312383,2.61568930662917));
#11791=CARTESIAN_POINT('Origin',(-19.,-22.7,6.41568930662917));
#11792=CARTESIAN_POINT('Origin',(-19.,-22.7,-20.5843106933708));
#11793=CARTESIAN_POINT('',(16.,-17.5038475772934,-17.5843106933708));
#11794=CARTESIAN_POINT('',(15.2,-16.1182069312383,-16.7843106933708));
#11795=CARTESIAN_POINT('',(-16.,-17.5038475772934,-17.5843106933708));
#11796=CARTESIAN_POINT('',(1.49587944370547E-14,-17.5038475772934,-17.5843106933708));
#11797=CARTESIAN_POINT('',(-18.4,-21.6607695154587,-19.9843106933708));
#11798=CARTESIAN_POINT('Origin',(19.,-22.7,-20.5843106933708));
#11799=CARTESIAN_POINT('',(18.4,-21.6607695154587,-15.1843106933708));
#11800=CARTESIAN_POINT('Origin',(19.,-22.7,-14.5843106933708));
#11801=CARTESIAN_POINT('',(-15.2,-16.1182069312383,-18.3843106933708));
#11802=CARTESIAN_POINT('Origin',(-19.,-22.7,-14.5843106933708));
#11803=CARTESIAN_POINT('Origin',(-19.,-22.7,7.41568930662917));
#11804=CARTESIAN_POINT('',(16.,-17.5038475772934,10.4156893066292));
#11805=CARTESIAN_POINT('',(15.2,-16.1182069312383,11.2156893066292));
#11806=CARTESIAN_POINT('',(-16.,-17.5038475772934,10.4156893066292));
#11807=CARTESIAN_POINT('',(1.49587944370547E-14,-17.5038475772934,10.4156893066292));
#11808=CARTESIAN_POINT('',(-18.4,-21.6607695154587,8.01568930662917));
#11809=CARTESIAN_POINT('Origin',(19.,-22.7,7.41568930662917));
#11810=CARTESIAN_POINT('',(18.4,-21.6607695154587,12.8156893066292));
#11811=CARTESIAN_POINT('Origin',(19.,-22.7,13.4156893066292));
#11812=CARTESIAN_POINT('',(-15.2,-16.1182069312383,9.61568930662917));
#11813=CARTESIAN_POINT('Origin',(-19.,-22.7,13.4156893066292));
#11814=CARTESIAN_POINT('Origin',(-19.,-22.7,35.4156893066292));
#11815=CARTESIAN_POINT('',(16.,-17.5038475772934,38.4156893066292));
#11816=CARTESIAN_POINT('',(15.2,-16.1182069312383,39.2156893066292));
#11817=CARTESIAN_POINT('',(-16.,-17.5038475772934,38.4156893066292));
#11818=CARTESIAN_POINT('',(1.4432899320127E-14,-17.5038475772934,38.4156893066292));
#11819=CARTESIAN_POINT('',(-18.4,-21.6607695154587,36.0156893066292));
#11820=CARTESIAN_POINT('Origin',(19.,-22.7,35.4156893066292));
#11821=CARTESIAN_POINT('',(18.4,-21.6607695154587,40.8156893066292));
#11822=CARTESIAN_POINT('Origin',(19.,-22.7,41.4156893066292));
#11823=CARTESIAN_POINT('',(-15.2,-16.1182069312383,37.6156893066292));
#11824=CARTESIAN_POINT('Origin',(-19.,-22.7,41.4156893066292));
#11825=CARTESIAN_POINT('Origin',(-19.,-22.7,21.4156893066292));
#11826=CARTESIAN_POINT('',(16.,-17.5038475772934,24.4156893066292));
#11827=CARTESIAN_POINT('',(15.2,-16.1182069312383,25.2156893066292));
#11828=CARTESIAN_POINT('',(-16.,-17.5038475772934,24.4156893066292));
#11829=CARTESIAN_POINT('',(1.49587944370547E-14,-17.5038475772934,24.4156893066292));
#11830=CARTESIAN_POINT('',(-18.4,-21.6607695154587,22.0156893066292));
#11831=CARTESIAN_POINT('Origin',(19.,-22.7,21.4156893066292));
#11832=CARTESIAN_POINT('',(18.4,-21.6607695154587,26.8156893066292));
#11833=CARTESIAN_POINT('Origin',(19.,-22.7,27.4156893066292));
#11834=CARTESIAN_POINT('',(-15.2,-16.1182069312383,23.6156893066292));
#11835=CARTESIAN_POINT('Origin',(-19.,-22.7,27.4156893066292));
#11836=CARTESIAN_POINT('Origin',(-19.,-22.7,-6.58431069337083));
#11837=CARTESIAN_POINT('',(16.,-17.5038475772934,-3.58431069337083));
#11838=CARTESIAN_POINT('',(15.2,-16.1182069312383,-2.78431069337083));
#11839=CARTESIAN_POINT('',(-16.,-17.5038475772934,-3.58431069337083));
#11840=CARTESIAN_POINT('',(1.49587944370547E-14,-17.5038475772934,-3.58431069337083));
#11841=CARTESIAN_POINT('',(-18.4,-21.6607695154587,-5.98431069337083));
#11842=CARTESIAN_POINT('Origin',(19.,-22.7,-6.58431069337083));
#11843=CARTESIAN_POINT('',(18.4,-21.6607695154587,-1.18431069337083));
#11844=CARTESIAN_POINT('Origin',(19.,-22.7,-0.584310693370835));
#11845=CARTESIAN_POINT('',(-15.2,-16.1182069312383,-4.38431069337083));
#11846=CARTESIAN_POINT('Origin',(-19.,-22.7,-0.584310693370831));
#11847=CARTESIAN_POINT('Origin',(-19.,-22.7,-13.5843106933708));
#11848=CARTESIAN_POINT('',(16.,-17.5038475772934,-10.5843106933708));
#11849=CARTESIAN_POINT('',(15.2,-16.1182069312383,-9.78431069337083));
#11850=CARTESIAN_POINT('',(-16.,-17.5038475772934,-10.5843106933708));
#11851=CARTESIAN_POINT('',(1.49587944370547E-14,-17.5038475772934,-10.5843106933708));
#11852=CARTESIAN_POINT('',(-18.4,-21.6607695154587,-12.9843106933708));
#11853=CARTESIAN_POINT('Origin',(19.,-22.7,-13.5843106933708));
#11854=CARTESIAN_POINT('',(18.4,-21.6607695154587,-8.18431069337084));
#11855=CARTESIAN_POINT('Origin',(19.,-22.7,-7.58431069337083));
#11856=CARTESIAN_POINT('',(-15.2,-16.1182069312383,-11.3843106933708));
#11857=CARTESIAN_POINT('Origin',(-19.,-22.7,-7.58431069337083));
#11858=CARTESIAN_POINT('Origin',(-19.,-22.7,14.4156893066292));
#11859=CARTESIAN_POINT('',(16.,-17.5038475772934,17.4156893066292));
#11860=CARTESIAN_POINT('',(15.2,-16.1182069312383,18.2156893066292));
#11861=CARTESIAN_POINT('',(-16.,-17.5038475772934,17.4156893066292));
#11862=CARTESIAN_POINT('',(1.49587944370547E-14,-17.5038475772934,17.4156893066292));
#11863=CARTESIAN_POINT('',(-18.4,-21.6607695154587,15.0156893066292));
#11864=CARTESIAN_POINT('Origin',(19.,-22.7,14.4156893066292));
#11865=CARTESIAN_POINT('',(18.4,-21.6607695154587,19.8156893066292));
#11866=CARTESIAN_POINT('Origin',(19.,-22.7,20.4156893066292));
#11867=CARTESIAN_POINT('',(-15.2,-16.1182069312383,16.6156893066292));
#11868=CARTESIAN_POINT('Origin',(-19.,-22.7,20.4156893066292));
#11869=CARTESIAN_POINT('Origin',(-19.,-22.7,42.4156893066292));
#11870=CARTESIAN_POINT('',(16.,-17.5038475772934,45.4156893066292));
#11871=CARTESIAN_POINT('',(15.2,-16.1182069312383,46.2156893066292));
#11872=CARTESIAN_POINT('',(-16.,-17.5038475772934,45.4156893066292));
#11873=CARTESIAN_POINT('',(1.54846895539824E-14,-17.5038475772934,45.4156893066292));
#11874=CARTESIAN_POINT('',(-18.4,-21.6607695154587,43.0156893066292));
#11875=CARTESIAN_POINT('Origin',(19.,-22.7,42.4156893066292));
#11876=CARTESIAN_POINT('',(18.4,-21.6607695154587,47.8156893066292));
#11877=CARTESIAN_POINT('Origin',(19.,-22.7,48.4156893066292));
#11878=CARTESIAN_POINT('',(-15.2,-16.1182069312383,44.6156893066292));
#11879=CARTESIAN_POINT('Origin',(-19.,-22.7,48.4156893066292));
#11880=CARTESIAN_POINT('Origin',(-10.,-18.7,-25.5843106933708));
#11881=CARTESIAN_POINT('',(20.,-14.7,-29.5843106933708));
#11882=CARTESIAN_POINT('',(20.,-16.7,-27.5843106933708));
#11883=CARTESIAN_POINT('',(-20.,-14.7,-29.5843106933708));
#11884=CARTESIAN_POINT('',(-20.,-29.5585776733427,-14.7257330200281));
#11885=CARTESIAN_POINT('',(-20.,-14.7,-29.5843106933708));
#11886=CARTESIAN_POINT('Origin',(-20.,-14.7,21.85));
#11887=CARTESIAN_POINT('',(-20.,-14.7,21.85));
#11888=CARTESIAN_POINT('',(-20.,-14.7,21.85));
#11889=CARTESIAN_POINT('',(-20.,-14.7,27.1343106933709));
#11890=CARTESIAN_POINT('Origin',(39.8,-14.7,21.85));
#11891=CARTESIAN_POINT('',(39.8,-14.7,21.85));
#11892=CARTESIAN_POINT('',(39.8,-14.7,21.85));
#11893=CARTESIAN_POINT('',(39.8,-14.7,21.85));
#11894=CARTESIAN_POINT('Origin',(-39.8,-14.7,76.));
#11895=CARTESIAN_POINT('',(-39.8,-14.7,21.85));
#11896=CARTESIAN_POINT('',(-39.8,-14.7,76.));
#11897=CARTESIAN_POINT('',(-39.8,-14.7,21.85));
#11898=CARTESIAN_POINT('Origin',(-39.8,-14.7,21.85));
#11899=CARTESIAN_POINT('',(-39.8,-14.7,21.85));
#11900=CARTESIAN_POINT('Origin',(20.,-14.7,21.85));
#11901=CARTESIAN_POINT('',(20.,-14.7,21.85));
#11902=CARTESIAN_POINT('',(-39.8,-14.7,21.85));
#11903=CARTESIAN_POINT('',(20.,-14.7,21.85));
#11904=CARTESIAN_POINT('Origin',(20.,-14.7,-29.5843106933708));
#11905=CARTESIAN_POINT('',(20.,-14.7,-29.5843106933708));
#11906=CARTESIAN_POINT('Origin',(0.,-14.7,0.100000000000007));
#11907=CARTESIAN_POINT('Origin',(37.0558406516319,-18.7,17.35));
#11908=CARTESIAN_POINT('',(39.3745028989928,-18.7,21.65));
#11909=CARTESIAN_POINT('',(39.0331607632871,-14.7,17.65));
#11910=CARTESIAN_POINT('Ctrl Pts',(39.3745028989928,-18.7,21.65));
#11911=CARTESIAN_POINT('Ctrl Pts',(39.3745028989928,-18.1621387949478,21.65));
#11912=CARTESIAN_POINT('Ctrl Pts',(39.365047626388,-17.5912892627125,21.5350176399767));
#11913=CARTESIAN_POINT('Ctrl Pts',(39.3267134080571,-16.5536138282406,21.0728099519081));
#11914=CARTESIAN_POINT('Ctrl Pts',(39.2977993879022,-16.0867854138336,20.7255931734735));
#11915=CARTESIAN_POINT('Ctrl Pts',(39.2317157685199,-15.3808716790545,19.9416833920036));
#11916=CARTESIAN_POINT('Ctrl Pts',(39.1908329760068,-15.0914023366988,19.4607352313087));
#11917=CARTESIAN_POINT('Ctrl Pts',(39.1097731685881,-14.7711024130784,18.522020322945));
#11918=CARTESIAN_POINT('Ctrl Pts',(39.070948966691,-14.7,18.0774337691617));
#11919=CARTESIAN_POINT('Ctrl Pts',(39.0331607632871,-14.7,17.65));
#11920=CARTESIAN_POINT('',(39.0331607632871,-22.7,17.65));
#11921=CARTESIAN_POINT('Ctrl Pts',(39.0331607632871,-22.7,17.65));
#11922=CARTESIAN_POINT('Ctrl Pts',(39.0331703190714,-22.7,17.6501080883591));
#11923=CARTESIAN_POINT('Ctrl Pts',(39.0331798746892,-22.6999999956188,17.6502161751624));
#11924=CARTESIAN_POINT('Ctrl Pts',(39.0775445299439,-22.699959315121,18.1520412092246));
#11925=CARTESIAN_POINT('Ctrl Pts',(39.1241925319565,-22.5997593877657,18.6874310321975));
#11926=CARTESIAN_POINT('Ctrl Pts',(39.2089281303504,-22.1917613267216,19.6728665885098));
#11927=CARTESIAN_POINT('Ctrl Pts',(39.2470530478454,-21.883950423973,20.1229038255194));
#11928=CARTESIAN_POINT('Ctrl Pts',(39.2769468712073,-21.5284271247462,20.4784271247462));
#11929=CARTESIAN_POINT('Ctrl Pts',(39.306777867583,-21.1736510185812,20.8332032309112));
#11930=CARTESIAN_POINT('Ctrl Pts',(39.3323846726577,-20.7240970263555,21.1410657616975));
#11931=CARTESIAN_POINT('Ctrl Pts',(39.3662335443683,-19.7385807000395,21.5494690730925));
#11932=CARTESIAN_POINT('Ctrl Pts',(39.3745028989928,-19.2026152199804,21.65));
#11933=CARTESIAN_POINT('Ctrl Pts',(39.3745028989928,-18.7,21.65));
#11934=CARTESIAN_POINT('',(39.8,-22.7,14.9593488019998));
#11935=CARTESIAN_POINT('Ctrl Pts',(39.0331607632871,-22.7,17.65));
#11936=CARTESIAN_POINT('Ctrl Pts',(38.9231224310995,-22.7,16.4053232267641));
#11937=CARTESIAN_POINT('Ctrl Pts',(39.8,-22.7,14.9593488019998));
#11938=CARTESIAN_POINT('',(39.8,-14.7,14.9593488019998));
#11939=CARTESIAN_POINT('Origin',(39.8,-18.7,17.35));
#11940=CARTESIAN_POINT('',(39.0198810939453,-14.7,17.35));
#11941=CARTESIAN_POINT('Ctrl Pts',(39.8,-14.7,14.9593488019998));
#11942=CARTESIAN_POINT('Ctrl Pts',(39.0198810939453,-14.7,16.2457678260884));
#11943=CARTESIAN_POINT('Ctrl Pts',(39.0198810939453,-14.7,17.35));
#11944=CARTESIAN_POINT('',(34.3116813032637,-18.683003631194,17.35));
#11945=CARTESIAN_POINT('',(37.0558406516319,-16.361522569418,17.35));
#11946=CARTESIAN_POINT('Origin',(34.3116813032637,-18.7,17.35));
#11947=CARTESIAN_POINT('Ctrl Pts',(39.0198810939453,-14.7,17.35));
#11948=CARTESIAN_POINT('Ctrl Pts',(39.0198810939453,-14.7,17.4997896536842));
#11949=CARTESIAN_POINT('Ctrl Pts',(39.0331607632871,-14.7,17.65));
#11950=CARTESIAN_POINT('Origin',(19.9,-18.7,17.65));
#11951=CARTESIAN_POINT('',(20.2,-14.7,17.65));
#11952=CARTESIAN_POINT('',(19.9,-14.7,17.65));
#11953=CARTESIAN_POINT('',(20.2,-22.7,17.65));
#11954=CARTESIAN_POINT('Origin',(20.2,-18.7,17.65));
#11955=CARTESIAN_POINT('',(19.9,-22.7,17.65));
#11956=CARTESIAN_POINT('Origin',(-4.44089209850063E-15,-22.7,-7.32499999999999));
#11957=CARTESIAN_POINT('',(20.2,-22.7,-21.7843106933708));
#11958=CARTESIAN_POINT('',(20.2,-22.7,-21.7843106933708));
#11959=CARTESIAN_POINT('',(-20.2,-22.7,-21.7843106933708));
#11960=CARTESIAN_POINT('',(-20.2,-22.7,-21.7843106933708));
#11961=CARTESIAN_POINT('',(-20.2,-22.7,17.65));
#11962=CARTESIAN_POINT('',(-20.2,-22.7,21.65));
#11963=CARTESIAN_POINT('',(-39.0331607632871,-22.7,17.65));
#11964=CARTESIAN_POINT('',(-10.1,-22.7,17.65));
#11965=CARTESIAN_POINT('',(-39.8,-22.7,14.9593488019998));
#11966=CARTESIAN_POINT('Ctrl Pts',(-39.8,-22.7,14.9593488019998));
#11967=CARTESIAN_POINT('Ctrl Pts',(-38.9231224310995,-22.7,16.4053232267641));
#11968=CARTESIAN_POINT('Ctrl Pts',(-39.0331607632871,-22.7,17.65));
#11969=CARTESIAN_POINT('',(-39.8,-22.7,-32.3));
#11970=CARTESIAN_POINT('',(-39.8,-22.7,17.35));
#11971=CARTESIAN_POINT('',(-15.,-22.7,-32.3));
#11972=CARTESIAN_POINT('',(-19.9,-22.7,-32.3));
#11973=CARTESIAN_POINT('',(-15.,-22.7,-32.3001));
#11974=CARTESIAN_POINT('',(-15.,-22.7,-32.3));
#11975=CARTESIAN_POINT('',(15.,-22.7,-32.3001));
#11976=CARTESIAN_POINT('',(-7.5,-22.7,-32.3001));
#11977=CARTESIAN_POINT('',(15.,-22.7,-32.3));
#11978=CARTESIAN_POINT('',(15.,-22.7,-40.3));
#11979=CARTESIAN_POINT('',(39.8,-22.7,-32.3));
#11980=CARTESIAN_POINT('',(-19.9,-22.7,-32.3));
#11981=CARTESIAN_POINT('',(39.8,-22.7,-40.3));
#11982=CARTESIAN_POINT('Origin',(-20.2,-14.7,-21.7843106933708));
#11983=CARTESIAN_POINT('',(-20.2,-14.7,17.65));
#11984=CARTESIAN_POINT('Origin',(-20.2,-18.7,17.65));
#11985=CARTESIAN_POINT('',(-20.2,-14.7,-29.7843106933708));
#11986=CARTESIAN_POINT('',(-20.2,-18.7,-25.7843106933708));
#11987=CARTESIAN_POINT('',(-20.2,-14.7,21.65));
#11988=CARTESIAN_POINT('Origin',(-10.1,-18.7,17.65));
#11989=CARTESIAN_POINT('',(-39.3745028989928,-18.7,21.65));
#11990=CARTESIAN_POINT('Ctrl Pts',(-39.3745028989928,-18.7,21.65));
#11991=CARTESIAN_POINT('Ctrl Pts',(-39.3745028989928,-19.2378612050522,
21.65));
#11992=CARTESIAN_POINT('Ctrl Pts',(-39.365047626388,-19.8087107372875,21.5350176399767));
#11993=CARTESIAN_POINT('Ctrl Pts',(-39.3267134080571,-20.8463861717594,
21.0728099519081));
#11994=CARTESIAN_POINT('Ctrl Pts',(-39.2977993879022,-21.3132145861664,
20.7255931734735));
#11995=CARTESIAN_POINT('Ctrl Pts',(-39.2317157685199,-22.0191283209455,
19.9416833920036));
#11996=CARTESIAN_POINT('Ctrl Pts',(-39.1908329760068,-22.3085976633012,
19.4607352313087));
#11997=CARTESIAN_POINT('Ctrl Pts',(-39.1097731685881,-22.6288975869216,
18.522020322945));
#11998=CARTESIAN_POINT('Ctrl Pts',(-39.070948966691,-22.7,18.0774337691617));
#11999=CARTESIAN_POINT('Ctrl Pts',(-39.0331607632871,-22.7,17.65));
#12000=CARTESIAN_POINT('',(-39.0331607632871,-14.7,17.65));
#12001=CARTESIAN_POINT('',(-10.1,-14.7,17.65));
#12002=CARTESIAN_POINT('Ctrl Pts',(-39.0331607632871,-14.7,17.65));
#12003=CARTESIAN_POINT('Ctrl Pts',(-39.0331703190714,-14.7,17.6501080883591));
#12004=CARTESIAN_POINT('Ctrl Pts',(-39.0331798746892,-14.7000000043812,
17.6502161751624));
#12005=CARTESIAN_POINT('Ctrl Pts',(-39.0775445299439,-14.700040684879,18.1520412092246));
#12006=CARTESIAN_POINT('Ctrl Pts',(-39.1241925319565,-14.8002406122343,
18.6874310321975));
#12007=CARTESIAN_POINT('Ctrl Pts',(-39.2089281303504,-15.2082386732784,
19.6728665885098));
#12008=CARTESIAN_POINT('Ctrl Pts',(-39.2470530478454,-15.516049576027,20.1229038255194));
#12009=CARTESIAN_POINT('Ctrl Pts',(-39.2769468712073,-15.8715728752538,
20.4784271247462));
#12010=CARTESIAN_POINT('Ctrl Pts',(-39.306777867583,-16.2263489814188,20.8332032309112));
#12011=CARTESIAN_POINT('Ctrl Pts',(-39.3323846726577,-16.6759029736445,
21.1410657616975));
#12012=CARTESIAN_POINT('Ctrl Pts',(-39.3662335443682,-17.6614192999605,
21.5494690730925));
#12013=CARTESIAN_POINT('Ctrl Pts',(-39.3745028989928,-18.1973847800196,
21.65));
#12014=CARTESIAN_POINT('Ctrl Pts',(-39.3745028989928,-18.7,21.65));
#12015=CARTESIAN_POINT('Origin',(-4.44089209850063E-15,-14.7,-7.32499999999999));
#12016=CARTESIAN_POINT('',(39.8,-14.7,-32.3));
#12017=CARTESIAN_POINT('',(39.8,-14.7,-40.3));
#12018=CARTESIAN_POINT('',(15.,-14.7,-32.3));
#12019=CARTESIAN_POINT('',(-19.9,-14.7,-32.3));
#12020=CARTESIAN_POINT('',(15.,-14.7001,-40.3));
#12021=CARTESIAN_POINT('',(15.,-14.7,-40.3));
#12022=CARTESIAN_POINT('',(-15.,-14.7001,-40.3));
#12023=CARTESIAN_POINT('',(-7.5,-14.7001,-40.3));
#12024=CARTESIAN_POINT('',(-15.,-14.7,-32.3));
#12025=CARTESIAN_POINT('',(-15.,-14.7,-32.3));
#12026=CARTESIAN_POINT('',(-39.8,-14.7,-32.3));
#12027=CARTESIAN_POINT('',(-19.9,-14.7,-32.3));
#12028=CARTESIAN_POINT('',(-39.8,-14.7,14.9593488019998));
#12029=CARTESIAN_POINT('',(-39.8,-14.7,17.35));
#12030=CARTESIAN_POINT('',(-39.0198810939453,-14.7,17.35));
#12031=CARTESIAN_POINT('Ctrl Pts',(-39.0198810939453,-14.7,17.35));
#12032=CARTESIAN_POINT('Ctrl Pts',(-39.0198810939453,-14.7,16.2457678260884));
#12033=CARTESIAN_POINT('Ctrl Pts',(-39.8,-14.7,14.9593488019998));
#12034=CARTESIAN_POINT('Ctrl Pts',(-39.0331607632871,-14.7,17.65));
#12035=CARTESIAN_POINT('Ctrl Pts',(-39.0198810939453,-14.7,17.4997896536842));
#12036=CARTESIAN_POINT('Ctrl Pts',(-39.0198810939453,-14.7,17.35));
#12037=CARTESIAN_POINT('',(20.2,-14.7,-29.7843106933708));
#12038=CARTESIAN_POINT('',(10.1,-14.7,-29.7843106933708));
#12039=CARTESIAN_POINT('',(20.2,-14.7,-21.7843106933708));
#12040=CARTESIAN_POINT('Origin',(39.8,-14.7,-36.3));
#12041=CARTESIAN_POINT('',(39.8,-18.7,-36.3));
#12042=CARTESIAN_POINT('',(39.8,-18.7,-36.3));
#12043=CARTESIAN_POINT('',(39.8,-16.7,-34.3));
#12044=CARTESIAN_POINT('Origin',(40.,-18.7,17.35));
#12045=CARTESIAN_POINT('',(34.2874079730315,-18.7,17.35));
#12046=CARTESIAN_POINT('',(40.,-14.7,17.35));
#12047=CARTESIAN_POINT('Origin',(-37.0558406516319,-18.7,17.35));
#12048=CARTESIAN_POINT('',(-34.3116813032637,-18.683003631194,17.35));
#12049=CARTESIAN_POINT('',(-37.0558406516319,-16.361522569418,17.35));
#12050=CARTESIAN_POINT('Origin',(-34.3116813032637,-18.7,17.35));
#12051=CARTESIAN_POINT('Origin',(-39.8,-18.7,17.35));
#12052=CARTESIAN_POINT('Origin',(-39.8,-14.7,21.65));
#12053=CARTESIAN_POINT('',(-39.8,-18.7,-36.3));
#12054=CARTESIAN_POINT('',(-39.8,-2.21250000000001,-19.8125));
#12055=CARTESIAN_POINT('',(-39.8,-33.1875,-21.8125));
#12056=CARTESIAN_POINT('Origin',(-40.,-18.7,17.35));
#12057=CARTESIAN_POINT('',(-34.2874079730315,-18.7,17.35));
#12058=CARTESIAN_POINT('',(-40.,-14.7,17.35));
#12059=CARTESIAN_POINT('Origin',(-7.5,-18.70005,-36.30005));
#12060=CARTESIAN_POINT('',(15.,-16.70005,-38.30005));
#12061=CARTESIAN_POINT('',(-15.,-18.70005,-36.30005));
#12062=CARTESIAN_POINT('Origin',(15.,-14.7,-40.3));
#12063=CARTESIAN_POINT('',(15.,-18.7,-36.3));
#12064=CARTESIAN_POINT('',(15.,-17.7,-35.3));
#12065=CARTESIAN_POINT('',(15.,-17.7,-37.3));
#12066=CARTESIAN_POINT('Origin',(-15.,-14.7,-32.3));
#12067=CARTESIAN_POINT('',(-15.,-18.7,-36.3));
#12068=CARTESIAN_POINT('',(-15.,-19.7,-35.3));
#12069=CARTESIAN_POINT('',(-15.,-15.7,-33.3));
#12070=CARTESIAN_POINT('Origin',(-19.9,-16.7,-34.3));
#12071=CARTESIAN_POINT('',(-19.9,-18.7,-36.3));
#12072=CARTESIAN_POINT('Origin',(-19.9,-20.7,-34.3));
#12073=CARTESIAN_POINT('Origin',(-19.9,-16.7,-34.3));
#12074=CARTESIAN_POINT('',(-19.9,-18.7,-36.3));
#12075=CARTESIAN_POINT('Origin',(-19.9,-20.7,-34.3));
#12076=CARTESIAN_POINT('Origin',(10.1,-18.7,-25.7843106933708));
#12077=CARTESIAN_POINT('',(20.2,-29.5585776733427,-14.9257330200281));
#12078=CARTESIAN_POINT('Origin',(20.2,-14.7,21.65));
#12079=UNCERTAINTY_MEASURE_WITH_UNIT(LENGTH_MEASURE(0.01),#12083,
'DISTANCE_ACCURACY_VALUE',
'Maximum model space distance between geometric entities at asserted c
onnectivities');
#12080=UNCERTAINTY_MEASURE_WITH_UNIT(LENGTH_MEASURE(0.01),#12083,
'DISTANCE_ACCURACY_VALUE',
'Maximum model space distance between geometric entities at asserted c
onnectivities');
#12081=(
GEOMETRIC_REPRESENTATION_CONTEXT(3)
GLOBAL_UNCERTAINTY_ASSIGNED_CONTEXT((#12079))
GLOBAL_UNIT_ASSIGNED_CONTEXT((#12083,#12084,#12085))
REPRESENTATION_CONTEXT('','3D')
);
#12082=(
GEOMETRIC_REPRESENTATION_CONTEXT(3)
GLOBAL_UNCERTAINTY_ASSIGNED_CONTEXT((#12080))
GLOBAL_UNIT_ASSIGNED_CONTEXT((#12083,#12084,#12085))
REPRESENTATION_CONTEXT('','3D')
);
#12083=(
LENGTH_UNIT()
NAMED_UNIT(*)
SI_UNIT(.MILLI.,.METRE.)
);
#12084=(
NAMED_UNIT(*)
PLANE_ANGLE_UNIT()
SI_UNIT($,.RADIAN.)
);
#12085=(
NAMED_UNIT(*)
SI_UNIT($,.STERADIAN.)
SOLID_ANGLE_UNIT()
);
#12086=SHAPE_DEFINITION_REPRESENTATION(#12087,#12088);
#12087=PRODUCT_DEFINITION_SHAPE('',$,#12090);
#12088=SHAPE_REPRESENTATION('',(#7371),#12081);
#12089=PRODUCT_DEFINITION_CONTEXT('part definition',#12094,'design');
#12090=PRODUCT_DEFINITION('2026-08-13-21-16-17-269','ESP32_10_1_Case',#12091,
#12089);
#12091=PRODUCT_DEFINITION_FORMATION('',$,#12096);
#12092=PRODUCT_RELATED_PRODUCT_CATEGORY('ESP32_10_1_Case',
'ESP32_10_1_Case',(#12096));
#12093=APPLICATION_PROTOCOL_DEFINITION('international standard',
'automotive_design',2009,#12094);
#12094=APPLICATION_CONTEXT(
'Core Data for Automotive Mechanical Design Process');
#12095=PRODUCT_CONTEXT('part definition',#12094,'mechanical');
#12096=PRODUCT('2026-08-13-21-16-17-269','ESP32_10_1_Case',$,(#12095));
#12097=PRESENTATION_STYLE_ASSIGNMENT((#12098));
#12098=SURFACE_STYLE_USAGE(.BOTH.,#12099);
#12099=SURFACE_SIDE_STYLE('',(#12100));
#12100=SURFACE_STYLE_FILL_AREA(#12101);
#12101=FILL_AREA_STYLE('Steel - Satin',(#12102));
#12102=FILL_AREA_STYLE_COLOUR('Steel - Satin',#12103);
#12103=COLOUR_RGB('Steel - Satin',0.627450980392157,0.627450980392157,0.627450980392157);
ENDSEC;
END-ISO-10303-21;
