ISO-10303-21;
HEADER;
/* Generated by software containing ST-Developer
 * from STEP Tools, Inc. (www.steptools.com) 
 */

FILE_DESCRIPTION(
/* description */ (''),
/* implementation_level */ '2;1');

FILE_NAME(
/* name */ 'esp32-touch-lcd-4_case.step',
/* time_stamp */ '2026-08-23T16:06:09-05:00',
/* author */ (''),
/* organization */ (''),
/* preprocessor_version */ 'ST-DEVELOPER v20.1',
/* originating_system */ 'Autodesk Translation Framework v15.8.0.0',
/* authorisation */ '');

FILE_SCHEMA (('AUTOMOTIVE_DESIGN { 1 0 10303 214 3 1 1 }'));
ENDSEC;

DATA;
#10=MECHANICAL_DESIGN_GEOMETRIC_PRESENTATION_REPRESENTATION('',(#13),#4197);
#11=SHAPE_REPRESENTATION_RELATIONSHIP('SRR','None',#4203,#12);
#12=ADVANCED_BREP_SHAPE_REPRESENTATION('',(#14),#4196);
#13=STYLED_ITEM('',(#4212),#14);
#14=MANIFOLD_SOLID_BREP('Body1',#2542);
#15=CYLINDRICAL_SURFACE('',#2601,3.4);
#16=CYLINDRICAL_SURFACE('',#2629,3.25);
#17=CYLINDRICAL_SURFACE('',#2630,3.25);
#18=CYLINDRICAL_SURFACE('',#2634,3.25);
#19=CYLINDRICAL_SURFACE('',#2638,3.25);
#20=CYLINDRICAL_SURFACE('',#2673,2.);
#21=CYLINDRICAL_SURFACE('',#2674,2.);
#22=CYLINDRICAL_SURFACE('',#2675,2.);
#23=CYLINDRICAL_SURFACE('',#2676,2.);
#24=CYLINDRICAL_SURFACE('',#2689,2.2);
#25=CYLINDRICAL_SURFACE('',#2690,2.2);
#26=CYLINDRICAL_SURFACE('',#2692,2.2);
#27=CYLINDRICAL_SURFACE('',#2693,1.3);
#28=CYLINDRICAL_SURFACE('',#2694,2.2);
#29=CYLINDRICAL_SURFACE('',#2695,1.3);
#30=CYLINDRICAL_SURFACE('',#2696,1.3);
#31=CYLINDRICAL_SURFACE('',#2697,1.3);
#32=CYLINDRICAL_SURFACE('',#2712,2.95513036410114);
#33=CYLINDRICAL_SURFACE('',#2714,2.96689222739124);
#34=CYLINDRICAL_SURFACE('',#2715,3.08000096455133);
#35=CYLINDRICAL_SURFACE('',#2717,3.04666597453704);
#36=CYLINDRICAL_SURFACE('',#2721,5.5);
#37=CYLINDRICAL_SURFACE('',#2724,5.5);
#38=CYLINDRICAL_SURFACE('',#2729,2.19999999999998);
#39=CYLINDRICAL_SURFACE('',#2732,2.19999999999999);
#40=CYLINDRICAL_SURFACE('',#2735,2.19999999999998);
#41=CYLINDRICAL_SURFACE('',#2737,2.2);
#42=CONICAL_SURFACE('',#2599,4.4,0.785398163397448);
#43=(
BOUNDED_CURVE()
B_SPLINE_CURVE(2,(#3764,#3765,#3766),.UNSPECIFIED.,.F.,.F.)
B_SPLINE_CURVE_WITH_KNOTS((3,3),(0.,0.053929698429273),.UNSPECIFIED.)
CURVE()
GEOMETRIC_REPRESENTATION_ITEM()
RATIONAL_B_SPLINE_CURVE((1.,1.,1.))
REPRESENTATION_ITEM('')
);
#44=(
BOUNDED_CURVE()
B_SPLINE_CURVE(2,(#3773,#3774,#3775),.UNSPECIFIED.,.F.,.F.)
B_SPLINE_CURVE_WITH_KNOTS((3,3),(1.09192297368478,1.11280842078666),
 .UNSPECIFIED.)
CURVE()
GEOMETRIC_REPRESENTATION_ITEM()
RATIONAL_B_SPLINE_CURVE((1.,1.,1.))
REPRESENTATION_ITEM('')
);
#45=B_SPLINE_SURFACE_WITH_KNOTS('',3,3,((#3569,#3570,#3571,#3572),(#3573,
#3574,#3575,#3576),(#3577,#3578,#3579,#3580),(#3581,#3582,#3583,#3584)),
 .UNSPECIFIED.,.F.,.F.,.F.,(4,4),(4,4),(0.,1.),(3.78910792168749,4.7664376765736),
 .UNSPECIFIED.);
#46=FACE_BOUND('',#286,.T.);
#47=FACE_BOUND('',#287,.T.);
#48=FACE_BOUND('',#288,.T.);
#49=FACE_BOUND('',#289,.T.);
#50=FACE_BOUND('',#290,.T.);
#51=FACE_BOUND('',#291,.T.);
#52=FACE_BOUND('',#292,.T.);
#53=FACE_BOUND('',#293,.T.);
#54=FACE_BOUND('',#294,.T.);
#55=FACE_BOUND('',#295,.T.);
#56=FACE_BOUND('',#299,.T.);
#57=FACE_BOUND('',#300,.T.);
#58=FACE_BOUND('',#304,.T.);
#59=FACE_BOUND('',#355,.T.);
#60=FACE_BOUND('',#356,.T.);
#61=FACE_BOUND('',#365,.T.);
#62=FACE_BOUND('',#368,.T.);
#63=FACE_BOUND('',#371,.T.);
#64=FACE_BOUND('',#378,.T.);
#65=FACE_BOUND('',#380,.T.);
#66=FACE_BOUND('',#382,.T.);
#67=FACE_BOUND('',#384,.T.);
#68=FACE_BOUND('',#387,.T.);
#69=FACE_BOUND('',#388,.T.);
#70=FACE_BOUND('',#389,.T.);
#71=FACE_BOUND('',#390,.T.);
#72=FACE_BOUND('',#391,.T.);
#73=FACE_BOUND('',#392,.T.);
#74=FACE_BOUND('',#393,.T.);
#75=FACE_BOUND('',#394,.T.);
#76=CIRCLE('',#2551,2.2);
#77=CIRCLE('',#2552,2.2);
#78=CIRCLE('',#2553,3.25);
#79=CIRCLE('',#2554,3.25);
#80=CIRCLE('',#2555,3.25);
#81=CIRCLE('',#2556,3.25);
#82=CIRCLE('',#2557,5.4);
#83=CIRCLE('',#2558,5.4);
#84=CIRCLE('',#2562,2.2);
#85=CIRCLE('',#2563,2.2);
#86=CIRCLE('',#2566,3.08000096455133);
#87=CIRCLE('',#2567,2.96689222739124);
#88=CIRCLE('',#2568,2.95513036410114);
#89=CIRCLE('',#2569,3.04666597453704);
#90=CIRCLE('',#2600,3.4);
#91=CIRCLE('',#2602,3.4);
#92=CIRCLE('',#2622,3.25);
#93=CIRCLE('',#2623,1.3);
#94=CIRCLE('',#2631,3.25);
#95=CIRCLE('',#2633,1.3);
#96=CIRCLE('',#2635,3.25);
#97=CIRCLE('',#2637,1.3);
#98=CIRCLE('',#2639,3.25);
#99=CIRCLE('',#2641,1.3);
#100=CIRCLE('',#2648,2.);
#101=CIRCLE('',#2649,1.3);
#102=CIRCLE('',#2651,2.);
#103=CIRCLE('',#2652,1.3);
#104=CIRCLE('',#2654,2.);
#105=CIRCLE('',#2655,1.3);
#106=CIRCLE('',#2657,2.);
#107=CIRCLE('',#2658,1.3);
#108=CIRCLE('',#2661,2.19999999999998);
#109=CIRCLE('',#2662,2.20000000000001);
#110=CIRCLE('',#2663,2.19999999999999);
#111=CIRCLE('',#2664,2.19999999999999);
#112=CIRCLE('',#2665,2.);
#113=CIRCLE('',#2666,2.2);
#114=CIRCLE('',#2667,2.2);
#115=CIRCLE('',#2668,2.);
#116=CIRCLE('',#2669,2.2);
#117=CIRCLE('',#2670,2.);
#118=CIRCLE('',#2671,2.);
#119=CIRCLE('',#2672,2.2);
#120=CIRCLE('',#2708,3.08000096455133);
#121=CIRCLE('',#2709,3.04666597453704);
#122=CIRCLE('',#2710,2.95513036410114);
#123=CIRCLE('',#2711,2.96689222739124);
#124=CIRCLE('',#2722,5.5);
#125=CIRCLE('',#2723,5.5);
#126=CIRCLE('',#2725,5.5);
#127=CIRCLE('',#2726,5.5);
#128=CIRCLE('',#2730,2.19999999999998);
#129=CIRCLE('',#2733,2.19999999999999);
#130=CIRCLE('',#2736,2.19999999999998);
#131=CIRCLE('',#2738,2.2);
#132=B_SPLINE_CURVE_WITH_KNOTS('',3,(#3488,#3489,#3490,#3491),
 .UNSPECIFIED.,.F.,.F.,(4,4),(-4.7664376765736,-3.7900783144473),
 .UNSPECIFIED.);
#133=B_SPLINE_CURVE_WITH_KNOTS('',3,(#3586,#3587,#3588,#3589,#3590,#3591,
#3592,#3593,#3594,#3595,#3596,#3597,#3598,#3599,#3600,#3601,#3602,#3603,
#3604,#3605),.UNSPECIFIED.,.F.,.F.,(4,2,2,2,2,2,2,2,2,4),(0.,0.220736044129326,
0.345611230482488,0.415551992201374,0.457622790378308,0.494221687925552,
0.532771291928329,0.537279841916961,0.538691368190883,0.539851502692552),
 .UNSPECIFIED.);
#134=B_SPLINE_CURVE_WITH_KNOTS('',3,(#3607,#3608,#3609,#3610,#3611,#3612,
#3613,#3614,#3615,#3616,#3617,#3618,#3619,#3620,#3621,#3622),
 .UNSPECIFIED.,.F.,.F.,(4,2,2,2,2,2,2,4),(0.,0.00763177030628494,0.0278342995299188,
0.0547394341227443,0.0951891793314925,0.164159520987799,0.284308816559501,
0.403190072343926),.UNSPECIFIED.);
#135=FACE_OUTER_BOUND('',#279,.T.);
#136=FACE_OUTER_BOUND('',#280,.T.);
#137=FACE_OUTER_BOUND('',#281,.T.);
#138=FACE_OUTER_BOUND('',#282,.T.);
#139=FACE_OUTER_BOUND('',#283,.T.);
#140=FACE_OUTER_BOUND('',#284,.T.);
#141=FACE_OUTER_BOUND('',#285,.T.);
#142=FACE_OUTER_BOUND('',#296,.T.);
#143=FACE_OUTER_BOUND('',#297,.T.);
#144=FACE_OUTER_BOUND('',#298,.T.);
#145=FACE_OUTER_BOUND('',#301,.T.);
#146=FACE_OUTER_BOUND('',#302,.T.);
#147=FACE_OUTER_BOUND('',#303,.T.);
#148=FACE_OUTER_BOUND('',#305,.T.);
#149=FACE_OUTER_BOUND('',#306,.T.);
#150=FACE_OUTER_BOUND('',#307,.T.);
#151=FACE_OUTER_BOUND('',#308,.T.);
#152=FACE_OUTER_BOUND('',#309,.T.);
#153=FACE_OUTER_BOUND('',#310,.T.);
#154=FACE_OUTER_BOUND('',#311,.T.);
#155=FACE_OUTER_BOUND('',#312,.T.);
#156=FACE_OUTER_BOUND('',#313,.T.);
#157=FACE_OUTER_BOUND('',#314,.T.);
#158=FACE_OUTER_BOUND('',#315,.T.);
#159=FACE_OUTER_BOUND('',#316,.T.);
#160=FACE_OUTER_BOUND('',#317,.T.);
#161=FACE_OUTER_BOUND('',#318,.T.);
#162=FACE_OUTER_BOUND('',#319,.T.);
#163=FACE_OUTER_BOUND('',#320,.T.);
#164=FACE_OUTER_BOUND('',#321,.T.);
#165=FACE_OUTER_BOUND('',#322,.T.);
#166=FACE_OUTER_BOUND('',#323,.T.);
#167=FACE_OUTER_BOUND('',#324,.T.);
#168=FACE_OUTER_BOUND('',#325,.T.);
#169=FACE_OUTER_BOUND('',#326,.T.);
#170=FACE_OUTER_BOUND('',#327,.T.);
#171=FACE_OUTER_BOUND('',#328,.T.);
#172=FACE_OUTER_BOUND('',#329,.T.);
#173=FACE_OUTER_BOUND('',#330,.T.);
#174=FACE_OUTER_BOUND('',#331,.T.);
#175=FACE_OUTER_BOUND('',#332,.T.);
#176=FACE_OUTER_BOUND('',#333,.T.);
#177=FACE_OUTER_BOUND('',#334,.T.);
#178=FACE_OUTER_BOUND('',#335,.T.);
#179=FACE_OUTER_BOUND('',#336,.T.);
#180=FACE_OUTER_BOUND('',#337,.T.);
#181=FACE_OUTER_BOUND('',#338,.T.);
#182=FACE_OUTER_BOUND('',#339,.T.);
#183=FACE_OUTER_BOUND('',#340,.T.);
#184=FACE_OUTER_BOUND('',#341,.T.);
#185=FACE_OUTER_BOUND('',#342,.T.);
#186=FACE_OUTER_BOUND('',#343,.T.);
#187=FACE_OUTER_BOUND('',#344,.T.);
#188=FACE_OUTER_BOUND('',#345,.T.);
#189=FACE_OUTER_BOUND('',#346,.T.);
#190=FACE_OUTER_BOUND('',#347,.T.);
#191=FACE_OUTER_BOUND('',#348,.T.);
#192=FACE_OUTER_BOUND('',#349,.T.);
#193=FACE_OUTER_BOUND('',#350,.T.);
#194=FACE_OUTER_BOUND('',#351,.T.);
#195=FACE_OUTER_BOUND('',#352,.T.);
#196=FACE_OUTER_BOUND('',#353,.T.);
#197=FACE_OUTER_BOUND('',#354,.T.);
#198=FACE_OUTER_BOUND('',#357,.T.);
#199=FACE_OUTER_BOUND('',#358,.T.);
#200=FACE_OUTER_BOUND('',#359,.T.);
#201=FACE_OUTER_BOUND('',#360,.T.);
#202=FACE_OUTER_BOUND('',#361,.T.);
#203=FACE_OUTER_BOUND('',#362,.T.);
#204=FACE_OUTER_BOUND('',#363,.T.);
#205=FACE_OUTER_BOUND('',#364,.T.);
#206=FACE_OUTER_BOUND('',#366,.T.);
#207=FACE_OUTER_BOUND('',#367,.T.);
#208=FACE_OUTER_BOUND('',#369,.T.);
#209=FACE_OUTER_BOUND('',#370,.T.);
#210=FACE_OUTER_BOUND('',#372,.T.);
#211=FACE_OUTER_BOUND('',#373,.T.);
#212=FACE_OUTER_BOUND('',#374,.T.);
#213=FACE_OUTER_BOUND('',#375,.T.);
#214=FACE_OUTER_BOUND('',#376,.T.);
#215=FACE_OUTER_BOUND('',#377,.T.);
#216=FACE_OUTER_BOUND('',#379,.T.);
#217=FACE_OUTER_BOUND('',#381,.T.);
#218=FACE_OUTER_BOUND('',#383,.T.);
#219=FACE_OUTER_BOUND('',#385,.T.);
#220=FACE_OUTER_BOUND('',#386,.T.);
#221=FACE_OUTER_BOUND('',#395,.T.);
#222=FACE_OUTER_BOUND('',#396,.T.);
#223=FACE_OUTER_BOUND('',#397,.T.);
#224=FACE_OUTER_BOUND('',#398,.T.);
#225=FACE_OUTER_BOUND('',#399,.T.);
#226=FACE_OUTER_BOUND('',#400,.T.);
#227=FACE_OUTER_BOUND('',#401,.T.);
#228=FACE_OUTER_BOUND('',#402,.T.);
#229=FACE_OUTER_BOUND('',#403,.T.);
#230=FACE_OUTER_BOUND('',#404,.T.);
#231=FACE_OUTER_BOUND('',#405,.T.);
#232=FACE_OUTER_BOUND('',#406,.T.);
#233=FACE_OUTER_BOUND('',#407,.T.);
#234=FACE_OUTER_BOUND('',#408,.T.);
#235=FACE_OUTER_BOUND('',#409,.T.);
#236=FACE_OUTER_BOUND('',#410,.T.);
#237=FACE_OUTER_BOUND('',#411,.T.);
#238=FACE_OUTER_BOUND('',#412,.T.);
#239=FACE_OUTER_BOUND('',#413,.T.);
#240=FACE_OUTER_BOUND('',#414,.T.);
#241=FACE_OUTER_BOUND('',#415,.T.);
#242=FACE_OUTER_BOUND('',#416,.T.);
#243=FACE_OUTER_BOUND('',#417,.T.);
#244=FACE_OUTER_BOUND('',#418,.T.);
#245=FACE_OUTER_BOUND('',#419,.T.);
#246=FACE_OUTER_BOUND('',#420,.T.);
#247=FACE_OUTER_BOUND('',#421,.T.);
#248=FACE_OUTER_BOUND('',#422,.T.);
#249=FACE_OUTER_BOUND('',#423,.T.);
#250=FACE_OUTER_BOUND('',#424,.T.);
#251=FACE_OUTER_BOUND('',#425,.T.);
#252=FACE_OUTER_BOUND('',#426,.T.);
#253=FACE_OUTER_BOUND('',#427,.T.);
#254=FACE_OUTER_BOUND('',#428,.T.);
#255=FACE_OUTER_BOUND('',#429,.T.);
#256=FACE_OUTER_BOUND('',#430,.T.);
#257=FACE_OUTER_BOUND('',#431,.T.);
#258=FACE_OUTER_BOUND('',#432,.T.);
#259=FACE_OUTER_BOUND('',#433,.T.);
#260=FACE_OUTER_BOUND('',#434,.T.);
#261=FACE_OUTER_BOUND('',#435,.T.);
#262=FACE_OUTER_BOUND('',#436,.T.);
#263=FACE_OUTER_BOUND('',#437,.T.);
#264=FACE_OUTER_BOUND('',#438,.T.);
#265=FACE_OUTER_BOUND('',#439,.T.);
#266=FACE_OUTER_BOUND('',#440,.T.);
#267=FACE_OUTER_BOUND('',#441,.T.);
#268=FACE_OUTER_BOUND('',#442,.T.);
#269=FACE_OUTER_BOUND('',#443,.T.);
#270=FACE_OUTER_BOUND('',#444,.T.);
#271=FACE_OUTER_BOUND('',#445,.T.);
#272=FACE_OUTER_BOUND('',#446,.T.);
#273=FACE_OUTER_BOUND('',#447,.T.);
#274=FACE_OUTER_BOUND('',#448,.T.);
#275=FACE_OUTER_BOUND('',#449,.T.);
#276=FACE_OUTER_BOUND('',#450,.T.);
#277=FACE_OUTER_BOUND('',#451,.T.);
#278=FACE_OUTER_BOUND('',#452,.T.);
#279=EDGE_LOOP('',(#1589,#1590,#1591,#1592));
#280=EDGE_LOOP('',(#1593,#1594,#1595,#1596));
#281=EDGE_LOOP('',(#1597,#1598,#1599,#1600));
#282=EDGE_LOOP('',(#1601,#1602,#1603,#1604));
#283=EDGE_LOOP('',(#1605,#1606,#1607,#1608));
#284=EDGE_LOOP('',(#1609,#1610,#1611,#1612));
#285=EDGE_LOOP('',(#1613,#1614,#1615,#1616,#1617,#1618,#1619,#1620,#1621,
#1622,#1623,#1624));
#286=EDGE_LOOP('',(#1625));
#287=EDGE_LOOP('',(#1626));
#288=EDGE_LOOP('',(#1627));
#289=EDGE_LOOP('',(#1628));
#290=EDGE_LOOP('',(#1629));
#291=EDGE_LOOP('',(#1630,#1631,#1632,#1633,#1634,#1635));
#292=EDGE_LOOP('',(#1636,#1637,#1638,#1639,#1640,#1641));
#293=EDGE_LOOP('',(#1642,#1643,#1644,#1645,#1646,#1647,#1648,#1649));
#294=EDGE_LOOP('',(#1650,#1651,#1652,#1653,#1654,#1655,#1656,#1657));
#295=EDGE_LOOP('',(#1658,#1659,#1660,#1661));
#296=EDGE_LOOP('',(#1662,#1663,#1664,#1665));
#297=EDGE_LOOP('',(#1666,#1667,#1668,#1669));
#298=EDGE_LOOP('',(#1670,#1671,#1672,#1673));
#299=EDGE_LOOP('',(#1674));
#300=EDGE_LOOP('',(#1675));
#301=EDGE_LOOP('',(#1676,#1677,#1678,#1679));
#302=EDGE_LOOP('',(#1680,#1681,#1682,#1683));
#303=EDGE_LOOP('',(#1684,#1685,#1686,#1687));
#304=EDGE_LOOP('',(#1688,#1689,#1690,#1691,#1692,#1693,#1694,#1695,#1696,
#1697));
#305=EDGE_LOOP('',(#1698,#1699,#1700,#1701));
#306=EDGE_LOOP('',(#1702,#1703,#1704,#1705));
#307=EDGE_LOOP('',(#1706,#1707,#1708,#1709));
#308=EDGE_LOOP('',(#1710,#1711,#1712,#1713,#1714));
#309=EDGE_LOOP('',(#1715,#1716,#1717,#1718));
#310=EDGE_LOOP('',(#1719,#1720,#1721,#1722,#1723));
#311=EDGE_LOOP('',(#1724,#1725,#1726,#1727,#1728));
#312=EDGE_LOOP('',(#1729,#1730,#1731,#1732,#1733));
#313=EDGE_LOOP('',(#1734,#1735,#1736,#1737));
#314=EDGE_LOOP('',(#1738,#1739,#1740,#1741));
#315=EDGE_LOOP('',(#1742,#1743,#1744,#1745));
#316=EDGE_LOOP('',(#1746,#1747,#1748,#1749));
#317=EDGE_LOOP('',(#1750,#1751,#1752,#1753));
#318=EDGE_LOOP('',(#1754,#1755,#1756,#1757));
#319=EDGE_LOOP('',(#1758,#1759,#1760,#1761));
#320=EDGE_LOOP('',(#1762,#1763,#1764,#1765));
#321=EDGE_LOOP('',(#1766,#1767,#1768,#1769));
#322=EDGE_LOOP('',(#1770,#1771,#1772,#1773));
#323=EDGE_LOOP('',(#1774,#1775,#1776,#1777));
#324=EDGE_LOOP('',(#1778,#1779,#1780,#1781));
#325=EDGE_LOOP('',(#1782,#1783,#1784,#1785));
#326=EDGE_LOOP('',(#1786,#1787,#1788,#1789));
#327=EDGE_LOOP('',(#1790,#1791,#1792,#1793));
#328=EDGE_LOOP('',(#1794,#1795,#1796,#1797));
#329=EDGE_LOOP('',(#1798,#1799,#1800,#1801,#1802));
#330=EDGE_LOOP('',(#1803,#1804,#1805,#1806,#1807));
#331=EDGE_LOOP('',(#1808,#1809,#1810,#1811));
#332=EDGE_LOOP('',(#1812,#1813,#1814,#1815));
#333=EDGE_LOOP('',(#1816,#1817,#1818,#1819));
#334=EDGE_LOOP('',(#1820,#1821,#1822,#1823,#1824,#1825,#1826));
#335=EDGE_LOOP('',(#1827,#1828,#1829,#1830));
#336=EDGE_LOOP('',(#1831,#1832,#1833,#1834));
#337=EDGE_LOOP('',(#1835,#1836,#1837,#1838));
#338=EDGE_LOOP('',(#1839,#1840,#1841,#1842));
#339=EDGE_LOOP('',(#1843,#1844,#1845,#1846));
#340=EDGE_LOOP('',(#1847,#1848,#1849,#1850));
#341=EDGE_LOOP('',(#1851,#1852,#1853,#1854));
#342=EDGE_LOOP('',(#1855,#1856,#1857,#1858));
#343=EDGE_LOOP('',(#1859,#1860,#1861,#1862));
#344=EDGE_LOOP('',(#1863,#1864,#1865,#1866));
#345=EDGE_LOOP('',(#1867,#1868,#1869,#1870));
#346=EDGE_LOOP('',(#1871,#1872,#1873,#1874));
#347=EDGE_LOOP('',(#1875,#1876,#1877,#1878));
#348=EDGE_LOOP('',(#1879,#1880,#1881,#1882));
#349=EDGE_LOOP('',(#1883,#1884,#1885,#1886));
#350=EDGE_LOOP('',(#1887,#1888,#1889,#1890));
#351=EDGE_LOOP('',(#1891,#1892,#1893,#1894));
#352=EDGE_LOOP('',(#1895,#1896,#1897,#1898));
#353=EDGE_LOOP('',(#1899,#1900,#1901,#1902));
#354=EDGE_LOOP('',(#1903,#1904,#1905,#1906,#1907,#1908));
#355=EDGE_LOOP('',(#1909,#1910,#1911,#1912,#1913,#1914,#1915,#1916));
#356=EDGE_LOOP('',(#1917));
#357=EDGE_LOOP('',(#1918,#1919,#1920,#1921));
#358=EDGE_LOOP('',(#1922,#1923,#1924,#1925));
#359=EDGE_LOOP('',(#1926,#1927,#1928,#1929));
#360=EDGE_LOOP('',(#1930,#1931,#1932,#1933));
#361=EDGE_LOOP('',(#1934,#1935,#1936,#1937));
#362=EDGE_LOOP('',(#1938,#1939,#1940,#1941));
#363=EDGE_LOOP('',(#1942,#1943,#1944,#1945));
#364=EDGE_LOOP('',(#1946));
#365=EDGE_LOOP('',(#1947));
#366=EDGE_LOOP('',(#1948,#1949,#1950,#1951));
#367=EDGE_LOOP('',(#1952));
#368=EDGE_LOOP('',(#1953));
#369=EDGE_LOOP('',(#1954,#1955,#1956,#1957));
#370=EDGE_LOOP('',(#1958));
#371=EDGE_LOOP('',(#1959));
#372=EDGE_LOOP('',(#1960,#1961,#1962,#1963));
#373=EDGE_LOOP('',(#1964,#1965,#1966,#1967));
#374=EDGE_LOOP('',(#1968,#1969,#1970,#1971));
#375=EDGE_LOOP('',(#1972,#1973,#1974,#1975));
#376=EDGE_LOOP('',(#1976,#1977,#1978,#1979));
#377=EDGE_LOOP('',(#1980));
#378=EDGE_LOOP('',(#1981));
#379=EDGE_LOOP('',(#1982));
#380=EDGE_LOOP('',(#1983));
#381=EDGE_LOOP('',(#1984));
#382=EDGE_LOOP('',(#1985));
#383=EDGE_LOOP('',(#1986));
#384=EDGE_LOOP('',(#1987));
#385=EDGE_LOOP('',(#1988,#1989,#1990,#1991));
#386=EDGE_LOOP('',(#1992,#1993,#1994,#1995,#1996,#1997,#1998,#1999));
#387=EDGE_LOOP('',(#2000));
#388=EDGE_LOOP('',(#2001));
#389=EDGE_LOOP('',(#2002));
#390=EDGE_LOOP('',(#2003));
#391=EDGE_LOOP('',(#2004));
#392=EDGE_LOOP('',(#2005));
#393=EDGE_LOOP('',(#2006));
#394=EDGE_LOOP('',(#2007));
#395=EDGE_LOOP('',(#2008,#2009,#2010,#2011));
#396=EDGE_LOOP('',(#2012,#2013,#2014,#2015));
#397=EDGE_LOOP('',(#2016,#2017,#2018,#2019));
#398=EDGE_LOOP('',(#2020,#2021,#2022,#2023));
#399=EDGE_LOOP('',(#2024,#2025,#2026,#2027,#2028,#2029,#2030,#2031));
#400=EDGE_LOOP('',(#2032,#2033,#2034,#2035));
#401=EDGE_LOOP('',(#2036,#2037,#2038,#2039));
#402=EDGE_LOOP('',(#2040,#2041,#2042,#2043));
#403=EDGE_LOOP('',(#2044,#2045,#2046,#2047));
#404=EDGE_LOOP('',(#2048,#2049,#2050,#2051,#2052,#2053,#2054,#2055));
#405=EDGE_LOOP('',(#2056,#2057,#2058,#2059));
#406=EDGE_LOOP('',(#2060,#2061,#2062,#2063));
#407=EDGE_LOOP('',(#2064));
#408=EDGE_LOOP('',(#2065,#2066,#2067,#2068));
#409=EDGE_LOOP('',(#2069,#2070,#2071,#2072));
#410=EDGE_LOOP('',(#2073,#2074,#2075,#2076));
#411=EDGE_LOOP('',(#2077,#2078,#2079,#2080));
#412=EDGE_LOOP('',(#2081,#2082,#2083,#2084));
#413=EDGE_LOOP('',(#2085,#2086,#2087,#2088));
#414=EDGE_LOOP('',(#2089,#2090,#2091,#2092));
#415=EDGE_LOOP('',(#2093,#2094,#2095,#2096));
#416=EDGE_LOOP('',(#2097,#2098,#2099,#2100));
#417=EDGE_LOOP('',(#2101,#2102,#2103,#2104));
#418=EDGE_LOOP('',(#2105,#2106,#2107,#2108));
#419=EDGE_LOOP('',(#2109,#2110,#2111,#2112));
#420=EDGE_LOOP('',(#2113,#2114,#2115,#2116));
#421=EDGE_LOOP('',(#2117,#2118,#2119,#2120));
#422=EDGE_LOOP('',(#2121,#2122,#2123,#2124));
#423=EDGE_LOOP('',(#2125,#2126,#2127,#2128));
#424=EDGE_LOOP('',(#2129,#2130,#2131,#2132));
#425=EDGE_LOOP('',(#2133,#2134,#2135,#2136));
#426=EDGE_LOOP('',(#2137,#2138,#2139,#2140));
#427=EDGE_LOOP('',(#2141,#2142,#2143,#2144));
#428=EDGE_LOOP('',(#2145,#2146,#2147,#2148));
#429=EDGE_LOOP('',(#2149,#2150,#2151,#2152,#2153,#2154,#2155,#2156,#2157,
#2158,#2159,#2160,#2161,#2162,#2163,#2164,#2165,#2166));
#430=EDGE_LOOP('',(#2167,#2168,#2169,#2170));
#431=EDGE_LOOP('',(#2171,#2172,#2173,#2174));
#432=EDGE_LOOP('',(#2175,#2176,#2177,#2178,#2179,#2180));
#433=EDGE_LOOP('',(#2181,#2182,#2183,#2184,#2185,#2186));
#434=EDGE_LOOP('',(#2187,#2188,#2189,#2190));
#435=EDGE_LOOP('',(#2191,#2192,#2193,#2194));
#436=EDGE_LOOP('',(#2195,#2196,#2197,#2198));
#437=EDGE_LOOP('',(#2199,#2200,#2201,#2202));
#438=EDGE_LOOP('',(#2203,#2204,#2205,#2206));
#439=EDGE_LOOP('',(#2207,#2208,#2209,#2210));
#440=EDGE_LOOP('',(#2211,#2212,#2213,#2214));
#441=EDGE_LOOP('',(#2215,#2216,#2217,#2218));
#442=EDGE_LOOP('',(#2219,#2220,#2221,#2222,#2223,#2224,#2225,#2226));
#443=EDGE_LOOP('',(#2227,#2228,#2229,#2230));
#444=EDGE_LOOP('',(#2231,#2232,#2233,#2234));
#445=EDGE_LOOP('',(#2235,#2236,#2237,#2238));
#446=EDGE_LOOP('',(#2239,#2240,#2241,#2242));
#447=EDGE_LOOP('',(#2243,#2244,#2245,#2246));
#448=EDGE_LOOP('',(#2247,#2248,#2249,#2250));
#449=EDGE_LOOP('',(#2251,#2252,#2253,#2254));
#450=EDGE_LOOP('',(#2255,#2256,#2257,#2258));
#451=EDGE_LOOP('',(#2259,#2260,#2261,#2262,#2263,#2264,#2265,#2266));
#452=EDGE_LOOP('',(#2267,#2268,#2269,#2270,#2271,#2272,#2273,#2274,#2275,
#2276,#2277,#2278,#2279,#2280,#2281,#2282));
#453=LINE('',#3433,#739);
#454=LINE('',#3435,#740);
#455=LINE('',#3437,#741);
#456=LINE('',#3438,#742);
#457=LINE('',#3441,#743);
#458=LINE('',#3443,#744);
#459=LINE('',#3444,#745);
#460=LINE('',#3447,#746);
#461=LINE('',#3449,#747);
#462=LINE('',#3450,#748);
#463=LINE('',#3452,#749);
#464=LINE('',#3453,#750);
#465=LINE('',#3456,#751);
#466=LINE('',#3458,#752);
#467=LINE('',#3459,#753);
#468=LINE('',#3462,#754);
#469=LINE('',#3463,#755);
#470=LINE('',#3467,#756);
#471=LINE('',#3469,#757);
#472=LINE('',#3471,#758);
#473=LINE('',#3473,#759);
#474=LINE('',#3475,#760);
#475=LINE('',#3477,#761);
#476=LINE('',#3479,#762);
#477=LINE('',#3481,#763);
#478=LINE('',#3483,#764);
#479=LINE('',#3485,#765);
#480=LINE('',#3487,#766);
#481=LINE('',#3504,#767);
#482=LINE('',#3508,#768);
#483=LINE('',#3510,#769);
#484=LINE('',#3512,#770);
#485=LINE('',#3513,#771);
#486=LINE('',#3516,#772);
#487=LINE('',#3522,#773);
#488=LINE('',#3524,#774);
#489=LINE('',#3525,#775);
#490=LINE('',#3528,#776);
#491=LINE('',#3530,#777);
#492=LINE('',#3532,#778);
#493=LINE('',#3534,#779);
#494=LINE('',#3536,#780);
#495=LINE('',#3538,#781);
#496=LINE('',#3540,#782);
#497=LINE('',#3541,#783);
#498=LINE('',#3544,#784);
#499=LINE('',#3546,#785);
#500=LINE('',#3548,#786);
#501=LINE('',#3550,#787);
#502=LINE('',#3552,#788);
#503=LINE('',#3554,#789);
#504=LINE('',#3556,#790);
#505=LINE('',#3557,#791);
#506=LINE('',#3560,#792);
#507=LINE('',#3561,#793);
#508=LINE('',#3563,#794);
#509=LINE('',#3623,#795);
#510=LINE('',#3627,#796);
#511=LINE('',#3628,#797);
#512=LINE('',#3629,#798);
#513=LINE('',#3633,#799);
#514=LINE('',#3635,#800);
#515=LINE('',#3637,#801);
#516=LINE('',#3638,#802);
#517=LINE('',#3644,#803);
#518=LINE('',#3648,#804);
#519=LINE('',#3650,#805);
#520=LINE('',#3652,#806);
#521=LINE('',#3655,#807);
#522=LINE('',#3659,#808);
#523=LINE('',#3660,#809);
#524=LINE('',#3661,#810);
#525=LINE('',#3664,#811);
#526=LINE('',#3665,#812);
#527=LINE('',#3668,#813);
#528=LINE('',#3669,#814);
#529=LINE('',#3672,#815);
#530=LINE('',#3674,#816);
#531=LINE('',#3676,#817);
#532=LINE('',#3677,#818);
#533=LINE('',#3680,#819);
#534=LINE('',#3681,#820);
#535=LINE('',#3684,#821);
#536=LINE('',#3686,#822);
#537=LINE('',#3687,#823);
#538=LINE('',#3690,#824);
#539=LINE('',#3691,#825);
#540=LINE('',#3694,#826);
#541=LINE('',#3695,#827);
#542=LINE('',#3698,#828);
#543=LINE('',#3699,#829);
#544=LINE('',#3702,#830);
#545=LINE('',#3703,#831);
#546=LINE('',#3705,#832);
#547=LINE('',#3708,#833);
#548=LINE('',#3710,#834);
#549=LINE('',#3711,#835);
#550=LINE('',#3714,#836);
#551=LINE('',#3715,#837);
#552=LINE('',#3719,#838);
#553=LINE('',#3720,#839);
#554=LINE('',#3721,#840);
#555=LINE('',#3723,#841);
#556=LINE('',#3726,#842);
#557=LINE('',#3727,#843);
#558=LINE('',#3730,#844);
#559=LINE('',#3731,#845);
#560=LINE('',#3734,#846);
#561=LINE('',#3735,#847);
#562=LINE('',#3737,#848);
#563=LINE('',#3740,#849);
#564=LINE('',#3742,#850);
#565=LINE('',#3743,#851);
#566=LINE('',#3746,#852);
#567=LINE('',#3747,#853);
#568=LINE('',#3750,#854);
#569=LINE('',#3751,#855);
#570=LINE('',#3754,#856);
#571=LINE('',#3755,#857);
#572=LINE('',#3758,#858);
#573=LINE('',#3760,#859);
#574=LINE('',#3761,#860);
#575=LINE('',#3768,#861);
#576=LINE('',#3769,#862);
#577=LINE('',#3772,#863);
#578=LINE('',#3776,#864);
#579=LINE('',#3778,#865);
#580=LINE('',#3781,#866);
#581=LINE('',#3783,#867);
#582=LINE('',#3784,#868);
#583=LINE('',#3787,#869);
#584=LINE('',#3788,#870);
#585=LINE('',#3792,#871);
#586=LINE('',#3796,#872);
#587=LINE('',#3800,#873);
#588=LINE('',#3802,#874);
#589=LINE('',#3804,#875);
#590=LINE('',#3805,#876);
#591=LINE('',#3808,#877);
#592=LINE('',#3810,#878);
#593=LINE('',#3811,#879);
#594=LINE('',#3814,#880);
#595=LINE('',#3816,#881);
#596=LINE('',#3817,#882);
#597=LINE('',#3819,#883);
#598=LINE('',#3820,#884);
#599=LINE('',#3823,#885);
#600=LINE('',#3825,#886);
#601=LINE('',#3826,#887);
#602=LINE('',#3829,#888);
#603=LINE('',#3830,#889);
#604=LINE('',#3833,#890);
#605=LINE('',#3835,#891);
#606=LINE('',#3837,#892);
#607=LINE('',#3838,#893);
#608=LINE('',#3841,#894);
#609=LINE('',#3843,#895);
#610=LINE('',#3844,#896);
#611=LINE('',#3847,#897);
#612=LINE('',#3848,#898);
#613=LINE('',#3849,#899);
#614=LINE('',#3851,#900);
#615=LINE('',#3854,#901);
#616=LINE('',#3856,#902);
#617=LINE('',#3857,#903);
#618=LINE('',#3860,#904);
#619=LINE('',#3861,#905);
#620=LINE('',#3864,#906);
#621=LINE('',#3866,#907);
#622=LINE('',#3867,#908);
#623=LINE('',#3870,#909);
#624=LINE('',#3872,#910);
#625=LINE('',#3873,#911);
#626=LINE('',#3876,#912);
#627=LINE('',#3878,#913);
#628=LINE('',#3879,#914);
#629=LINE('',#3881,#915);
#630=LINE('',#3882,#916);
#631=LINE('',#3885,#917);
#632=LINE('',#3887,#918);
#633=LINE('',#3888,#919);
#634=LINE('',#3891,#920);
#635=LINE('',#3892,#921);
#636=LINE('',#3898,#922);
#637=LINE('',#3900,#923);
#638=LINE('',#3902,#924);
#639=LINE('',#3904,#925);
#640=LINE('',#3905,#926);
#641=LINE('',#3909,#927);
#642=LINE('',#3910,#928);
#643=LINE('',#3912,#929);
#644=LINE('',#3914,#930);
#645=LINE('',#3916,#931);
#646=LINE('',#3918,#932);
#647=LINE('',#3922,#933);
#648=LINE('',#3929,#934);
#649=LINE('',#3936,#935);
#650=LINE('',#3943,#936);
#651=LINE('',#3944,#937);
#652=LINE('',#3947,#938);
#653=LINE('',#3948,#939);
#654=LINE('',#3950,#940);
#655=LINE('',#3953,#941);
#656=LINE('',#3954,#942);
#657=LINE('',#3956,#943);
#658=LINE('',#3979,#944);
#659=LINE('',#3980,#945);
#660=LINE('',#3984,#946);
#661=LINE('',#3988,#947);
#662=LINE('',#3993,#948);
#663=LINE('',#4012,#949);
#664=LINE('',#4014,#950);
#665=LINE('',#4016,#951);
#666=LINE('',#4018,#952);
#667=LINE('',#4022,#953);
#668=LINE('',#4024,#954);
#669=LINE('',#4025,#955);
#670=LINE('',#4027,#956);
#671=LINE('',#4028,#957);
#672=LINE('',#4030,#958);
#673=LINE('',#4032,#959);
#674=LINE('',#4034,#960);
#675=LINE('',#4038,#961);
#676=LINE('',#4040,#962);
#677=LINE('',#4042,#963);
#678=LINE('',#4043,#964);
#679=LINE('',#4045,#965);
#680=LINE('',#4046,#966);
#681=LINE('',#4051,#967);
#682=LINE('',#4054,#968);
#683=LINE('',#4056,#969);
#684=LINE('',#4059,#970);
#685=LINE('',#4061,#971);
#686=LINE('',#4063,#972);
#687=LINE('',#4065,#973);
#688=LINE('',#4067,#974);
#689=LINE('',#4069,#975);
#690=LINE('',#4071,#976);
#691=LINE('',#4074,#977);
#692=LINE('',#4076,#978);
#693=LINE('',#4080,#979);
#694=LINE('',#4082,#980);
#695=LINE('',#4083,#981);
#696=LINE('',#4086,#982);
#697=LINE('',#4088,#983);
#698=LINE('',#4089,#984);
#699=LINE('',#4091,#985);
#700=LINE('',#4092,#986);
#701=LINE('',#4098,#987);
#702=LINE('',#4102,#988);
#703=LINE('',#4104,#989);
#704=LINE('',#4106,#990);
#705=LINE('',#4110,#991);
#706=LINE('',#4113,#992);
#707=LINE('',#4115,#993);
#708=LINE('',#4116,#994);
#709=LINE('',#4118,#995);
#710=LINE('',#4119,#996);
#711=LINE('',#4121,#997);
#712=LINE('',#4124,#998);
#713=LINE('',#4126,#999);
#714=LINE('',#4128,#1000);
#715=LINE('',#4130,#1001);
#716=LINE('',#4132,#1002);
#717=LINE('',#4139,#1003);
#718=LINE('',#4142,#1004);
#719=LINE('',#4148,#1005);
#720=LINE('',#4151,#1006);
#721=LINE('',#4153,#1007);
#722=LINE('',#4154,#1008);
#723=LINE('',#4157,#1009);
#724=LINE('',#4158,#1010);
#725=LINE('',#4160,#1011);
#726=LINE('',#4161,#1012);
#727=LINE('',#4165,#1013);
#728=LINE('',#4168,#1014);
#729=LINE('',#4169,#1015);
#730=LINE('',#4173,#1016);
#731=LINE('',#4176,#1017);
#732=LINE('',#4177,#1018);
#733=LINE('',#4184,#1019);
#734=LINE('',#4185,#1020);
#735=LINE('',#4188,#1021);
#736=LINE('',#4189,#1022);
#737=LINE('',#4191,#1023);
#738=LINE('',#4192,#1024);
#739=VECTOR('',#2747,10.);
#740=VECTOR('',#2748,10.);
#741=VECTOR('',#2749,10.);
#742=VECTOR('',#2750,10.);
#743=VECTOR('',#2753,10.);
#744=VECTOR('',#2754,10.);
#745=VECTOR('',#2755,10.);
#746=VECTOR('',#2758,10.);
#747=VECTOR('',#2759,10.);
#748=VECTOR('',#2760,10.);
#749=VECTOR('',#2763,10.);
#750=VECTOR('',#2764,10.);
#751=VECTOR('',#2767,10.);
#752=VECTOR('',#2768,10.);
#753=VECTOR('',#2769,10.);
#754=VECTOR('',#2772,10.);
#755=VECTOR('',#2773,10.);
#756=VECTOR('',#2776,10.);
#757=VECTOR('',#2777,10.);
#758=VECTOR('',#2778,10.);
#759=VECTOR('',#2779,10.);
#760=VECTOR('',#2780,10.);
#761=VECTOR('',#2781,10.);
#762=VECTOR('',#2782,10.);
#763=VECTOR('',#2783,10.);
#764=VECTOR('',#2784,10.);
#765=VECTOR('',#2785,10.);
#766=VECTOR('',#2786,10.);
#767=VECTOR('',#2797,10.);
#768=VECTOR('',#2800,10.);
#769=VECTOR('',#2801,10.);
#770=VECTOR('',#2802,10.);
#771=VECTOR('',#2803,10.);
#772=VECTOR('',#2804,10.);
#773=VECTOR('',#2809,10.);
#774=VECTOR('',#2810,10.);
#775=VECTOR('',#2811,10.);
#776=VECTOR('',#2812,10.);
#777=VECTOR('',#2813,10.);
#778=VECTOR('',#2814,10.);
#779=VECTOR('',#2815,10.);
#780=VECTOR('',#2816,10.);
#781=VECTOR('',#2817,10.);
#782=VECTOR('',#2818,10.);
#783=VECTOR('',#2819,10.);
#784=VECTOR('',#2820,10.);
#785=VECTOR('',#2821,10.);
#786=VECTOR('',#2822,10.);
#787=VECTOR('',#2823,10.);
#788=VECTOR('',#2824,10.);
#789=VECTOR('',#2825,10.);
#790=VECTOR('',#2826,10.);
#791=VECTOR('',#2827,10.);
#792=VECTOR('',#2830,10.);
#793=VECTOR('',#2831,10.);
#794=VECTOR('',#2834,10.);
#795=VECTOR('',#2841,10.);
#796=VECTOR('',#2844,10.);
#797=VECTOR('',#2845,10.);
#798=VECTOR('',#2846,10.);
#799=VECTOR('',#2849,10.);
#800=VECTOR('',#2850,10.);
#801=VECTOR('',#2851,10.);
#802=VECTOR('',#2852,10.);
#803=VECTOR('',#2857,10.);
#804=VECTOR('',#2860,10.);
#805=VECTOR('',#2861,10.);
#806=VECTOR('',#2862,10.);
#807=VECTOR('',#2865,10.);
#808=VECTOR('',#2868,10.);
#809=VECTOR('',#2869,10.);
#810=VECTOR('',#2870,10.);
#811=VECTOR('',#2873,10.);
#812=VECTOR('',#2874,10.);
#813=VECTOR('',#2877,10.);
#814=VECTOR('',#2878,10.);
#815=VECTOR('',#2881,10.);
#816=VECTOR('',#2882,10.);
#817=VECTOR('',#2883,10.);
#818=VECTOR('',#2884,10.);
#819=VECTOR('',#2887,10.);
#820=VECTOR('',#2888,10.);
#821=VECTOR('',#2891,10.);
#822=VECTOR('',#2892,10.);
#823=VECTOR('',#2893,10.);
#824=VECTOR('',#2896,10.);
#825=VECTOR('',#2897,10.);
#826=VECTOR('',#2900,10.);
#827=VECTOR('',#2901,10.);
#828=VECTOR('',#2904,10.);
#829=VECTOR('',#2905,10.);
#830=VECTOR('',#2908,10.);
#831=VECTOR('',#2909,10.);
#832=VECTOR('',#2912,10.);
#833=VECTOR('',#2915,10.);
#834=VECTOR('',#2916,10.);
#835=VECTOR('',#2917,10.);
#836=VECTOR('',#2920,10.);
#837=VECTOR('',#2921,10.);
#838=VECTOR('',#2924,10.);
#839=VECTOR('',#2925,10.);
#840=VECTOR('',#2926,10.);
#841=VECTOR('',#2929,10.);
#842=VECTOR('',#2932,10.);
#843=VECTOR('',#2933,10.);
#844=VECTOR('',#2936,10.);
#845=VECTOR('',#2937,10.);
#846=VECTOR('',#2940,10.);
#847=VECTOR('',#2941,10.);
#848=VECTOR('',#2944,10.);
#849=VECTOR('',#2947,10.);
#850=VECTOR('',#2948,10.);
#851=VECTOR('',#2949,10.);
#852=VECTOR('',#2952,10.);
#853=VECTOR('',#2953,10.);
#854=VECTOR('',#2956,10.);
#855=VECTOR('',#2957,10.);
#856=VECTOR('',#2960,10.);
#857=VECTOR('',#2961,10.);
#858=VECTOR('',#2964,10.);
#859=VECTOR('',#2965,10.);
#860=VECTOR('',#2966,10.);
#861=VECTOR('',#2969,10.);
#862=VECTOR('',#2970,10.);
#863=VECTOR('',#2973,10.);
#864=VECTOR('',#2974,10.);
#865=VECTOR('',#2977,10.);
#866=VECTOR('',#2980,10.);
#867=VECTOR('',#2981,10.);
#868=VECTOR('',#2982,10.);
#869=VECTOR('',#2985,10.);
#870=VECTOR('',#2986,10.);
#871=VECTOR('',#2991,4.4);
#872=VECTOR('',#2996,3.4);
#873=VECTOR('',#2999,10.);
#874=VECTOR('',#3000,10.);
#875=VECTOR('',#3001,10.);
#876=VECTOR('',#3002,10.);
#877=VECTOR('',#3005,10.);
#878=VECTOR('',#3006,10.);
#879=VECTOR('',#3007,10.);
#880=VECTOR('',#3010,10.);
#881=VECTOR('',#3011,10.);
#882=VECTOR('',#3012,10.);
#883=VECTOR('',#3015,10.);
#884=VECTOR('',#3016,10.);
#885=VECTOR('',#3019,10.);
#886=VECTOR('',#3020,10.);
#887=VECTOR('',#3021,10.);
#888=VECTOR('',#3024,10.);
#889=VECTOR('',#3025,10.);
#890=VECTOR('',#3028,10.);
#891=VECTOR('',#3029,10.);
#892=VECTOR('',#3030,10.);
#893=VECTOR('',#3031,10.);
#894=VECTOR('',#3034,10.);
#895=VECTOR('',#3035,10.);
#896=VECTOR('',#3036,10.);
#897=VECTOR('',#3039,10.);
#898=VECTOR('',#3040,10.);
#899=VECTOR('',#3041,10.);
#900=VECTOR('',#3044,10.);
#901=VECTOR('',#3047,10.);
#902=VECTOR('',#3048,10.);
#903=VECTOR('',#3049,10.);
#904=VECTOR('',#3052,10.);
#905=VECTOR('',#3053,10.);
#906=VECTOR('',#3056,10.);
#907=VECTOR('',#3057,10.);
#908=VECTOR('',#3058,10.);
#909=VECTOR('',#3061,10.);
#910=VECTOR('',#3062,10.);
#911=VECTOR('',#3063,10.);
#912=VECTOR('',#3066,10.);
#913=VECTOR('',#3067,10.);
#914=VECTOR('',#3068,10.);
#915=VECTOR('',#3071,10.);
#916=VECTOR('',#3072,10.);
#917=VECTOR('',#3075,10.);
#918=VECTOR('',#3076,10.);
#919=VECTOR('',#3077,10.);
#920=VECTOR('',#3080,10.);
#921=VECTOR('',#3081,10.);
#922=VECTOR('',#3086,10.);
#923=VECTOR('',#3087,10.);
#924=VECTOR('',#3088,10.);
#925=VECTOR('',#3089,10.);
#926=VECTOR('',#3090,10.);
#927=VECTOR('',#3095,10.);
#928=VECTOR('',#3096,10.);
#929=VECTOR('',#3099,10.);
#930=VECTOR('',#3102,10.);
#931=VECTOR('',#3105,10.);
#932=VECTOR('',#3108,10.);
#933=VECTOR('',#3113,3.25);
#934=VECTOR('',#3122,3.25);
#935=VECTOR('',#3131,3.25);
#936=VECTOR('',#3140,10.);
#937=VECTOR('',#3141,10.);
#938=VECTOR('',#3144,10.);
#939=VECTOR('',#3145,10.);
#940=VECTOR('',#3148,10.);
#941=VECTOR('',#3151,10.);
#942=VECTOR('',#3152,10.);
#943=VECTOR('',#3155,10.);
#944=VECTOR('',#3182,10.);
#945=VECTOR('',#3183,10.);
#946=VECTOR('',#3186,10.);
#947=VECTOR('',#3189,10.);
#948=VECTOR('',#3194,10.);
#949=VECTOR('',#3215,2.);
#950=VECTOR('',#3218,2.);
#951=VECTOR('',#3221,2.);
#952=VECTOR('',#3224,2.);
#953=VECTOR('',#3227,10.);
#954=VECTOR('',#3228,10.);
#955=VECTOR('',#3229,10.);
#956=VECTOR('',#3230,10.);
#957=VECTOR('',#3231,10.);
#958=VECTOR('',#3234,10.);
#959=VECTOR('',#3237,10.);
#960=VECTOR('',#3240,10.);
#961=VECTOR('',#3245,10.);
#962=VECTOR('',#3246,10.);
#963=VECTOR('',#3247,10.);
#964=VECTOR('',#3248,10.);
#965=VECTOR('',#3251,10.);
#966=VECTOR('',#3252,10.);
#967=VECTOR('',#3261,10.);
#968=VECTOR('',#3266,2.2);
#969=VECTOR('',#3269,2.2);
#970=VECTOR('',#3274,2.2);
#971=VECTOR('',#3277,1.3);
#972=VECTOR('',#3280,2.2);
#973=VECTOR('',#3283,1.3);
#974=VECTOR('',#3286,1.3);
#975=VECTOR('',#3289,1.3);
#976=VECTOR('',#3292,10.);
#977=VECTOR('',#3297,10.);
#978=VECTOR('',#3300,10.);
#979=VECTOR('',#3305,10.);
#980=VECTOR('',#3306,10.);
#981=VECTOR('',#3307,10.);
#982=VECTOR('',#3310,10.);
#983=VECTOR('',#3311,10.);
#984=VECTOR('',#3312,10.);
#985=VECTOR('',#3315,10.);
#986=VECTOR('',#3316,10.);
#987=VECTOR('',#3323,10.);
#988=VECTOR('',#3326,10.);
#989=VECTOR('',#3327,10.);
#990=VECTOR('',#3328,10.);
#991=VECTOR('',#3331,10.);
#992=VECTOR('',#3334,10.);
#993=VECTOR('',#3335,10.);
#994=VECTOR('',#3336,10.);
#995=VECTOR('',#3339,10.);
#996=VECTOR('',#3340,10.);
#997=VECTOR('',#3343,10.);
#998=VECTOR('',#3348,10.);
#999=VECTOR('',#3351,10.);
#1000=VECTOR('',#3354,10.);
#1001=VECTOR('',#3357,10.);
#1002=VECTOR('',#3360,10.);
#1003=VECTOR('',#3367,5.5);
#1004=VECTOR('',#3370,10.);
#1005=VECTOR('',#3375,5.5);
#1006=VECTOR('',#3378,10.);
#1007=VECTOR('',#3381,10.);
#1008=VECTOR('',#3382,10.);
#1009=VECTOR('',#3385,10.);
#1010=VECTOR('',#3386,10.);
#1011=VECTOR('',#3387,10.);
#1012=VECTOR('',#3388,10.);
#1013=VECTOR('',#3393,10.);
#1014=VECTOR('',#3396,10.);
#1015=VECTOR('',#3397,10.);
#1016=VECTOR('',#3402,10.);
#1017=VECTOR('',#3405,10.);
#1018=VECTOR('',#3406,10.);
#1019=VECTOR('',#3417,10.);
#1020=VECTOR('',#3418,10.);
#1021=VECTOR('',#3421,10.);
#1022=VECTOR('',#3422,10.);
#1023=VECTOR('',#3425,10.);
#1024=VECTOR('',#3426,10.);
#1025=VERTEX_POINT('',#3431);
#1026=VERTEX_POINT('',#3432);
#1027=VERTEX_POINT('',#3434);
#1028=VERTEX_POINT('',#3436);
#1029=VERTEX_POINT('',#3440);
#1030=VERTEX_POINT('',#3442);
#1031=VERTEX_POINT('',#3446);
#1032=VERTEX_POINT('',#3448);
#1033=VERTEX_POINT('',#3455);
#1034=VERTEX_POINT('',#3457);
#1035=VERTEX_POINT('',#3461);
#1036=VERTEX_POINT('',#3465);
#1037=VERTEX_POINT('',#3466);
#1038=VERTEX_POINT('',#3468);
#1039=VERTEX_POINT('',#3470);
#1040=VERTEX_POINT('',#3472);
#1041=VERTEX_POINT('',#3474);
#1042=VERTEX_POINT('',#3476);
#1043=VERTEX_POINT('',#3478);
#1044=VERTEX_POINT('',#3480);
#1045=VERTEX_POINT('',#3482);
#1046=VERTEX_POINT('',#3484);
#1047=VERTEX_POINT('',#3486);
#1048=VERTEX_POINT('',#3492);
#1049=VERTEX_POINT('',#3494);
#1050=VERTEX_POINT('',#3496);
#1051=VERTEX_POINT('',#3498);
#1052=VERTEX_POINT('',#3500);
#1053=VERTEX_POINT('',#3502);
#1054=VERTEX_POINT('',#3503);
#1055=VERTEX_POINT('',#3505);
#1056=VERTEX_POINT('',#3507);
#1057=VERTEX_POINT('',#3509);
#1058=VERTEX_POINT('',#3511);
#1059=VERTEX_POINT('',#3514);
#1060=VERTEX_POINT('',#3515);
#1061=VERTEX_POINT('',#3517);
#1062=VERTEX_POINT('',#3519);
#1063=VERTEX_POINT('',#3521);
#1064=VERTEX_POINT('',#3523);
#1065=VERTEX_POINT('',#3526);
#1066=VERTEX_POINT('',#3527);
#1067=VERTEX_POINT('',#3529);
#1068=VERTEX_POINT('',#3531);
#1069=VERTEX_POINT('',#3533);
#1070=VERTEX_POINT('',#3535);
#1071=VERTEX_POINT('',#3537);
#1072=VERTEX_POINT('',#3539);
#1073=VERTEX_POINT('',#3542);
#1074=VERTEX_POINT('',#3543);
#1075=VERTEX_POINT('',#3545);
#1076=VERTEX_POINT('',#3547);
#1077=VERTEX_POINT('',#3549);
#1078=VERTEX_POINT('',#3551);
#1079=VERTEX_POINT('',#3553);
#1080=VERTEX_POINT('',#3555);
#1081=VERTEX_POINT('',#3559);
#1082=VERTEX_POINT('',#3565);
#1083=VERTEX_POINT('',#3567);
#1084=VERTEX_POINT('',#3585);
#1085=VERTEX_POINT('',#3606);
#1086=VERTEX_POINT('',#3625);
#1087=VERTEX_POINT('',#3626);
#1088=VERTEX_POINT('',#3631);
#1089=VERTEX_POINT('',#3632);
#1090=VERTEX_POINT('',#3634);
#1091=VERTEX_POINT('',#3636);
#1092=VERTEX_POINT('',#3639);
#1093=VERTEX_POINT('',#3641);
#1094=VERTEX_POINT('',#3643);
#1095=VERTEX_POINT('',#3645);
#1096=VERTEX_POINT('',#3647);
#1097=VERTEX_POINT('',#3649);
#1098=VERTEX_POINT('',#3651);
#1099=VERTEX_POINT('',#3653);
#1100=VERTEX_POINT('',#3657);
#1101=VERTEX_POINT('',#3658);
#1102=VERTEX_POINT('',#3663);
#1103=VERTEX_POINT('',#3667);
#1104=VERTEX_POINT('',#3671);
#1105=VERTEX_POINT('',#3673);
#1106=VERTEX_POINT('',#3675);
#1107=VERTEX_POINT('',#3679);
#1108=VERTEX_POINT('',#3683);
#1109=VERTEX_POINT('',#3685);
#1110=VERTEX_POINT('',#3689);
#1111=VERTEX_POINT('',#3693);
#1112=VERTEX_POINT('',#3697);
#1113=VERTEX_POINT('',#3701);
#1114=VERTEX_POINT('',#3707);
#1115=VERTEX_POINT('',#3709);
#1116=VERTEX_POINT('',#3713);
#1117=VERTEX_POINT('',#3717);
#1118=VERTEX_POINT('',#3718);
#1119=VERTEX_POINT('',#3725);
#1120=VERTEX_POINT('',#3729);
#1121=VERTEX_POINT('',#3733);
#1122=VERTEX_POINT('',#3739);
#1123=VERTEX_POINT('',#3741);
#1124=VERTEX_POINT('',#3745);
#1125=VERTEX_POINT('',#3749);
#1126=VERTEX_POINT('',#3753);
#1127=VERTEX_POINT('',#3757);
#1128=VERTEX_POINT('',#3759);
#1129=VERTEX_POINT('',#3763);
#1130=VERTEX_POINT('',#3767);
#1131=VERTEX_POINT('',#3771);
#1132=VERTEX_POINT('',#3780);
#1133=VERTEX_POINT('',#3782);
#1134=VERTEX_POINT('',#3786);
#1135=VERTEX_POINT('',#3790);
#1136=VERTEX_POINT('',#3794);
#1137=VERTEX_POINT('',#3798);
#1138=VERTEX_POINT('',#3799);
#1139=VERTEX_POINT('',#3801);
#1140=VERTEX_POINT('',#3803);
#1141=VERTEX_POINT('',#3807);
#1142=VERTEX_POINT('',#3809);
#1143=VERTEX_POINT('',#3813);
#1144=VERTEX_POINT('',#3815);
#1145=VERTEX_POINT('',#3822);
#1146=VERTEX_POINT('',#3824);
#1147=VERTEX_POINT('',#3828);
#1148=VERTEX_POINT('',#3832);
#1149=VERTEX_POINT('',#3834);
#1150=VERTEX_POINT('',#3836);
#1151=VERTEX_POINT('',#3840);
#1152=VERTEX_POINT('',#3842);
#1153=VERTEX_POINT('',#3846);
#1154=VERTEX_POINT('',#3853);
#1155=VERTEX_POINT('',#3855);
#1156=VERTEX_POINT('',#3859);
#1157=VERTEX_POINT('',#3863);
#1158=VERTEX_POINT('',#3865);
#1159=VERTEX_POINT('',#3869);
#1160=VERTEX_POINT('',#3871);
#1161=VERTEX_POINT('',#3875);
#1162=VERTEX_POINT('',#3877);
#1163=VERTEX_POINT('',#3884);
#1164=VERTEX_POINT('',#3886);
#1165=VERTEX_POINT('',#3890);
#1166=VERTEX_POINT('',#3894);
#1167=VERTEX_POINT('',#3895);
#1168=VERTEX_POINT('',#3897);
#1169=VERTEX_POINT('',#3899);
#1170=VERTEX_POINT('',#3901);
#1171=VERTEX_POINT('',#3903);
#1172=VERTEX_POINT('',#3906);
#1173=VERTEX_POINT('',#3921);
#1174=VERTEX_POINT('',#3925);
#1175=VERTEX_POINT('',#3928);
#1176=VERTEX_POINT('',#3932);
#1177=VERTEX_POINT('',#3935);
#1178=VERTEX_POINT('',#3939);
#1179=VERTEX_POINT('',#3942);
#1180=VERTEX_POINT('',#3946);
#1181=VERTEX_POINT('',#3952);
#1182=VERTEX_POINT('',#3958);
#1183=VERTEX_POINT('',#3960);
#1184=VERTEX_POINT('',#3963);
#1185=VERTEX_POINT('',#3965);
#1186=VERTEX_POINT('',#3968);
#1187=VERTEX_POINT('',#3970);
#1188=VERTEX_POINT('',#3973);
#1189=VERTEX_POINT('',#3975);
#1190=VERTEX_POINT('',#3978);
#1191=VERTEX_POINT('',#3982);
#1192=VERTEX_POINT('',#3983);
#1193=VERTEX_POINT('',#3985);
#1194=VERTEX_POINT('',#3987);
#1195=VERTEX_POINT('',#3990);
#1196=VERTEX_POINT('',#3992);
#1197=VERTEX_POINT('',#3995);
#1198=VERTEX_POINT('',#3997);
#1199=VERTEX_POINT('',#3999);
#1200=VERTEX_POINT('',#4001);
#1201=VERTEX_POINT('',#4003);
#1202=VERTEX_POINT('',#4005);
#1203=VERTEX_POINT('',#4007);
#1204=VERTEX_POINT('',#4009);
#1205=VERTEX_POINT('',#4020);
#1206=VERTEX_POINT('',#4021);
#1207=VERTEX_POINT('',#4023);
#1208=VERTEX_POINT('',#4026);
#1209=VERTEX_POINT('',#4037);
#1210=VERTEX_POINT('',#4039);
#1211=VERTEX_POINT('',#4041);
#1212=VERTEX_POINT('',#4079);
#1213=VERTEX_POINT('',#4081);
#1214=VERTEX_POINT('',#4085);
#1215=VERTEX_POINT('',#4087);
#1216=VERTEX_POINT('',#4095);
#1217=VERTEX_POINT('',#4097);
#1218=VERTEX_POINT('',#4099);
#1219=VERTEX_POINT('',#4101);
#1220=VERTEX_POINT('',#4103);
#1221=VERTEX_POINT('',#4105);
#1222=VERTEX_POINT('',#4107);
#1223=VERTEX_POINT('',#4109);
#1224=VERTEX_POINT('',#4112);
#1225=VERTEX_POINT('',#4114);
#1226=VERTEX_POINT('',#4135);
#1227=VERTEX_POINT('',#4136);
#1228=VERTEX_POINT('',#4138);
#1229=VERTEX_POINT('',#4140);
#1230=VERTEX_POINT('',#4144);
#1231=VERTEX_POINT('',#4145);
#1232=VERTEX_POINT('',#4147);
#1233=VERTEX_POINT('',#4149);
#1234=VERTEX_POINT('',#4156);
#1235=VERTEX_POINT('',#4159);
#1236=VERTEX_POINT('',#4163);
#1237=VERTEX_POINT('',#4167);
#1238=VERTEX_POINT('',#4171);
#1239=VERTEX_POINT('',#4175);
#1240=VERTEX_POINT('',#4183);
#1241=VERTEX_POINT('',#4187);
#1242=EDGE_CURVE('',#1025,#1026,#453,.T.);
#1243=EDGE_CURVE('',#1026,#1027,#454,.T.);
#1244=EDGE_CURVE('',#1027,#1028,#455,.T.);
#1245=EDGE_CURVE('',#1028,#1025,#456,.T.);
#1246=EDGE_CURVE('',#1026,#1029,#457,.T.);
#1247=EDGE_CURVE('',#1029,#1030,#458,.T.);
#1248=EDGE_CURVE('',#1030,#1027,#459,.T.);
#1249=EDGE_CURVE('',#1031,#1030,#460,.T.);
#1250=EDGE_CURVE('',#1029,#1032,#461,.T.);
#1251=EDGE_CURVE('',#1032,#1031,#462,.T.);
#1252=EDGE_CURVE('',#1032,#1025,#463,.T.);
#1253=EDGE_CURVE('',#1028,#1031,#464,.T.);
#1254=EDGE_CURVE('',#1028,#1033,#465,.T.);
#1255=EDGE_CURVE('',#1033,#1034,#466,.T.);
#1256=EDGE_CURVE('',#1031,#1034,#467,.T.);
#1257=EDGE_CURVE('',#1027,#1035,#468,.T.);
#1258=EDGE_CURVE('',#1035,#1033,#469,.T.);
#1259=EDGE_CURVE('',#1036,#1037,#470,.T.);
#1260=EDGE_CURVE('',#1037,#1038,#471,.T.);
#1261=EDGE_CURVE('',#1038,#1039,#472,.T.);
#1262=EDGE_CURVE('',#1039,#1040,#473,.T.);
#1263=EDGE_CURVE('',#1040,#1041,#474,.T.);
#1264=EDGE_CURVE('',#1041,#1042,#475,.T.);
#1265=EDGE_CURVE('',#1042,#1043,#476,.T.);
#1266=EDGE_CURVE('',#1043,#1044,#477,.T.);
#1267=EDGE_CURVE('',#1044,#1045,#478,.T.);
#1268=EDGE_CURVE('',#1045,#1046,#479,.T.);
#1269=EDGE_CURVE('',#1046,#1047,#480,.T.);
#1270=EDGE_CURVE('',#1036,#1047,#132,.T.);
#1271=EDGE_CURVE('',#1048,#1048,#76,.T.);
#1272=EDGE_CURVE('',#1049,#1049,#77,.T.);
#1273=EDGE_CURVE('',#1050,#1050,#78,.T.);
#1274=EDGE_CURVE('',#1051,#1051,#79,.T.);
#1275=EDGE_CURVE('',#1052,#1052,#80,.T.);
#1276=EDGE_CURVE('',#1053,#1054,#481,.T.);
#1277=EDGE_CURVE('',#1054,#1055,#81,.T.);
#1278=EDGE_CURVE('',#1055,#1056,#482,.T.);
#1279=EDGE_CURVE('',#1056,#1057,#483,.T.);
#1280=EDGE_CURVE('',#1057,#1058,#484,.T.);
#1281=EDGE_CURVE('',#1058,#1053,#485,.T.);
#1282=EDGE_CURVE('',#1059,#1060,#486,.T.);
#1283=EDGE_CURVE('',#1061,#1059,#82,.T.);
#1284=EDGE_CURVE('',#1062,#1061,#83,.T.);
#1285=EDGE_CURVE('',#1063,#1062,#487,.T.);
#1286=EDGE_CURVE('',#1064,#1063,#488,.T.);
#1287=EDGE_CURVE('',#1060,#1064,#489,.T.);
#1288=EDGE_CURVE('',#1065,#1066,#490,.T.);
#1289=EDGE_CURVE('',#1067,#1065,#491,.T.);
#1290=EDGE_CURVE('',#1068,#1067,#492,.T.);
#1291=EDGE_CURVE('',#1069,#1068,#493,.T.);
#1292=EDGE_CURVE('',#1070,#1069,#494,.T.);
#1293=EDGE_CURVE('',#1071,#1070,#495,.T.);
#1294=EDGE_CURVE('',#1072,#1071,#496,.T.);
#1295=EDGE_CURVE('',#1066,#1072,#497,.T.);
#1296=EDGE_CURVE('',#1073,#1074,#498,.T.);
#1297=EDGE_CURVE('',#1075,#1073,#499,.T.);
#1298=EDGE_CURVE('',#1076,#1075,#500,.T.);
#1299=EDGE_CURVE('',#1077,#1076,#501,.T.);
#1300=EDGE_CURVE('',#1078,#1077,#502,.T.);
#1301=EDGE_CURVE('',#1079,#1078,#503,.T.);
#1302=EDGE_CURVE('',#1080,#1079,#504,.T.);
#1303=EDGE_CURVE('',#1074,#1080,#505,.T.);
#1304=EDGE_CURVE('',#1030,#1081,#506,.T.);
#1305=EDGE_CURVE('',#1081,#1035,#507,.T.);
#1306=EDGE_CURVE('',#1034,#1081,#508,.T.);
#1307=EDGE_CURVE('',#1082,#1082,#84,.T.);
#1308=EDGE_CURVE('',#1083,#1083,#85,.T.);
#1309=EDGE_CURVE('',#1036,#1084,#133,.T.);
#1310=EDGE_CURVE('',#1047,#1085,#134,.F.);
#1311=EDGE_CURVE('',#1084,#1085,#509,.T.);
#1312=EDGE_CURVE('',#1086,#1087,#510,.T.);
#1313=EDGE_CURVE('',#1086,#1084,#511,.T.);
#1314=EDGE_CURVE('',#1087,#1085,#512,.T.);
#1315=EDGE_CURVE('',#1088,#1089,#513,.T.);
#1316=EDGE_CURVE('',#1088,#1090,#514,.T.);
#1317=EDGE_CURVE('',#1090,#1091,#515,.T.);
#1318=EDGE_CURVE('',#1089,#1091,#516,.T.);
#1319=EDGE_CURVE('',#1092,#1086,#86,.T.);
#1320=EDGE_CURVE('',#1087,#1093,#87,.T.);
#1321=EDGE_CURVE('',#1093,#1094,#517,.T.);
#1322=EDGE_CURVE('',#1094,#1095,#88,.T.);
#1323=EDGE_CURVE('',#1095,#1096,#518,.T.);
#1324=EDGE_CURVE('',#1096,#1097,#519,.T.);
#1325=EDGE_CURVE('',#1097,#1098,#520,.T.);
#1326=EDGE_CURVE('',#1098,#1099,#89,.T.);
#1327=EDGE_CURVE('',#1099,#1092,#521,.T.);
#1328=EDGE_CURVE('',#1100,#1101,#522,.T.);
#1329=EDGE_CURVE('',#1101,#1074,#523,.F.);
#1330=EDGE_CURVE('',#1080,#1100,#524,.T.);
#1331=EDGE_CURVE('',#1102,#1100,#525,.T.);
#1332=EDGE_CURVE('',#1079,#1102,#526,.T.);
#1333=EDGE_CURVE('',#1078,#1103,#527,.F.);
#1334=EDGE_CURVE('',#1103,#1102,#528,.T.);
#1335=EDGE_CURVE('',#1100,#1104,#529,.T.);
#1336=EDGE_CURVE('',#1104,#1105,#530,.T.);
#1337=EDGE_CURVE('',#1106,#1105,#531,.T.);
#1338=EDGE_CURVE('',#1101,#1106,#532,.F.);
#1339=EDGE_CURVE('',#1102,#1107,#533,.T.);
#1340=EDGE_CURVE('',#1107,#1104,#534,.T.);
#1341=EDGE_CURVE('',#1108,#1103,#535,.F.);
#1342=EDGE_CURVE('',#1108,#1109,#536,.T.);
#1343=EDGE_CURVE('',#1109,#1107,#537,.T.);
#1344=EDGE_CURVE('',#1106,#1110,#538,.T.);
#1345=EDGE_CURVE('',#1110,#1073,#539,.T.);
#1346=EDGE_CURVE('',#1111,#1108,#540,.T.);
#1347=EDGE_CURVE('',#1077,#1111,#541,.T.);
#1348=EDGE_CURVE('',#1112,#1111,#542,.T.);
#1349=EDGE_CURVE('',#1076,#1112,#543,.T.);
#1350=EDGE_CURVE('',#1113,#1112,#544,.T.);
#1351=EDGE_CURVE('',#1075,#1113,#545,.T.);
#1352=EDGE_CURVE('',#1110,#1113,#546,.T.);
#1353=EDGE_CURVE('',#1068,#1114,#547,.T.);
#1354=EDGE_CURVE('',#1114,#1115,#548,.T.);
#1355=EDGE_CURVE('',#1069,#1115,#549,.T.);
#1356=EDGE_CURVE('',#1067,#1116,#550,.T.);
#1357=EDGE_CURVE('',#1116,#1114,#551,.T.);
#1358=EDGE_CURVE('',#1117,#1118,#552,.T.);
#1359=EDGE_CURVE('',#1118,#1065,#553,.T.);
#1360=EDGE_CURVE('',#1066,#1117,#554,.T.);
#1361=EDGE_CURVE('',#1118,#1116,#555,.T.);
#1362=EDGE_CURVE('',#1119,#1117,#556,.T.);
#1363=EDGE_CURVE('',#1072,#1119,#557,.T.);
#1364=EDGE_CURVE('',#1120,#1119,#558,.T.);
#1365=EDGE_CURVE('',#1071,#1120,#559,.T.);
#1366=EDGE_CURVE('',#1121,#1120,#560,.T.);
#1367=EDGE_CURVE('',#1070,#1121,#561,.T.);
#1368=EDGE_CURVE('',#1115,#1121,#562,.T.);
#1369=EDGE_CURVE('',#1114,#1122,#563,.T.);
#1370=EDGE_CURVE('',#1122,#1123,#564,.T.);
#1371=EDGE_CURVE('',#1115,#1123,#565,.T.);
#1372=EDGE_CURVE('',#1116,#1124,#566,.T.);
#1373=EDGE_CURVE('',#1124,#1122,#567,.T.);
#1374=EDGE_CURVE('',#1118,#1125,#568,.T.);
#1375=EDGE_CURVE('',#1125,#1124,#569,.T.);
#1376=EDGE_CURVE('',#1117,#1126,#570,.T.);
#1377=EDGE_CURVE('',#1126,#1125,#571,.T.);
#1378=EDGE_CURVE('',#1063,#1127,#572,.T.);
#1379=EDGE_CURVE('',#1127,#1128,#573,.T.);
#1380=EDGE_CURVE('',#1128,#1064,#574,.T.);
#1381=EDGE_CURVE('',#1062,#1129,#43,.T.);
#1382=EDGE_CURVE('',#1129,#1130,#575,.T.);
#1383=EDGE_CURVE('',#1130,#1127,#576,.T.);
#1384=EDGE_CURVE('',#1131,#1130,#577,.T.);
#1385=EDGE_CURVE('',#1129,#1059,#44,.T.);
#1386=EDGE_CURVE('',#1060,#1131,#578,.T.);
#1387=EDGE_CURVE('',#1128,#1131,#579,.T.);
#1388=EDGE_CURVE('',#1128,#1132,#580,.T.);
#1389=EDGE_CURVE('',#1133,#1132,#581,.T.);
#1390=EDGE_CURVE('',#1131,#1133,#582,.T.);
#1391=EDGE_CURVE('',#1127,#1134,#583,.T.);
#1392=EDGE_CURVE('',#1132,#1134,#584,.T.);
#1393=EDGE_CURVE('',#1135,#1135,#90,.T.);
#1394=EDGE_CURVE('',#1135,#1061,#585,.T.);
#1395=EDGE_CURVE('',#1136,#1136,#91,.T.);
#1396=EDGE_CURVE('',#1136,#1135,#586,.T.);
#1397=EDGE_CURVE('',#1137,#1138,#587,.T.);
#1398=EDGE_CURVE('',#1138,#1139,#588,.T.);
#1399=EDGE_CURVE('',#1139,#1140,#589,.T.);
#1400=EDGE_CURVE('',#1137,#1140,#590,.T.);
#1401=EDGE_CURVE('',#1141,#1139,#591,.T.);
#1402=EDGE_CURVE('',#1142,#1138,#592,.T.);
#1403=EDGE_CURVE('',#1142,#1141,#593,.T.);
#1404=EDGE_CURVE('',#1143,#1141,#594,.T.);
#1405=EDGE_CURVE('',#1142,#1144,#595,.T.);
#1406=EDGE_CURVE('',#1144,#1143,#596,.T.);
#1407=EDGE_CURVE('',#1140,#1143,#597,.T.);
#1408=EDGE_CURVE('',#1144,#1137,#598,.T.);
#1409=EDGE_CURVE('',#1140,#1145,#599,.T.);
#1410=EDGE_CURVE('',#1145,#1146,#600,.T.);
#1411=EDGE_CURVE('',#1143,#1146,#601,.T.);
#1412=EDGE_CURVE('',#1139,#1147,#602,.T.);
#1413=EDGE_CURVE('',#1147,#1145,#603,.T.);
#1414=EDGE_CURVE('',#1138,#1148,#604,.T.);
#1415=EDGE_CURVE('',#1148,#1149,#605,.T.);
#1416=EDGE_CURVE('',#1149,#1150,#606,.T.);
#1417=EDGE_CURVE('',#1138,#1150,#607,.T.);
#1418=EDGE_CURVE('',#1151,#1149,#608,.T.);
#1419=EDGE_CURVE('',#1152,#1148,#609,.T.);
#1420=EDGE_CURVE('',#1152,#1151,#610,.T.);
#1421=EDGE_CURVE('',#1153,#1151,#611,.T.);
#1422=EDGE_CURVE('',#1152,#1142,#612,.T.);
#1423=EDGE_CURVE('',#1142,#1153,#613,.T.);
#1424=EDGE_CURVE('',#1150,#1153,#614,.T.);
#1425=EDGE_CURVE('',#1150,#1154,#615,.T.);
#1426=EDGE_CURVE('',#1154,#1155,#616,.T.);
#1427=EDGE_CURVE('',#1153,#1155,#617,.T.);
#1428=EDGE_CURVE('',#1149,#1156,#618,.T.);
#1429=EDGE_CURVE('',#1156,#1154,#619,.T.);
#1430=EDGE_CURVE('',#1148,#1157,#620,.T.);
#1431=EDGE_CURVE('',#1157,#1158,#621,.T.);
#1432=EDGE_CURVE('',#1152,#1158,#622,.T.);
#1433=EDGE_CURVE('',#1159,#1157,#623,.T.);
#1434=EDGE_CURVE('',#1148,#1160,#624,.T.);
#1435=EDGE_CURVE('',#1160,#1159,#625,.T.);
#1436=EDGE_CURVE('',#1161,#1159,#626,.T.);
#1437=EDGE_CURVE('',#1160,#1162,#627,.T.);
#1438=EDGE_CURVE('',#1162,#1161,#628,.T.);
#1439=EDGE_CURVE('',#1158,#1161,#629,.T.);
#1440=EDGE_CURVE('',#1162,#1152,#630,.T.);
#1441=EDGE_CURVE('',#1158,#1163,#631,.T.);
#1442=EDGE_CURVE('',#1163,#1164,#632,.T.);
#1443=EDGE_CURVE('',#1161,#1164,#633,.T.);
#1444=EDGE_CURVE('',#1157,#1165,#634,.T.);
#1445=EDGE_CURVE('',#1165,#1163,#635,.T.);
#1446=EDGE_CURVE('',#1166,#1167,#92,.T.);
#1447=EDGE_CURVE('',#1168,#1166,#636,.T.);
#1448=EDGE_CURVE('',#1169,#1168,#637,.T.);
#1449=EDGE_CURVE('',#1170,#1169,#638,.T.);
#1450=EDGE_CURVE('',#1171,#1170,#639,.T.);
#1451=EDGE_CURVE('',#1167,#1171,#640,.T.);
#1452=EDGE_CURVE('',#1172,#1172,#93,.T.);
#1453=EDGE_CURVE('',#1053,#1168,#641,.T.);
#1454=EDGE_CURVE('',#1054,#1166,#642,.T.);
#1455=EDGE_CURVE('',#1058,#1169,#643,.T.);
#1456=EDGE_CURVE('',#1057,#1170,#644,.T.);
#1457=EDGE_CURVE('',#1056,#1171,#645,.T.);
#1458=EDGE_CURVE('',#1055,#1167,#646,.T.);
#1459=EDGE_CURVE('',#1052,#1173,#647,.T.);
#1460=EDGE_CURVE('',#1173,#1173,#94,.T.);
#1461=EDGE_CURVE('',#1174,#1174,#95,.T.);
#1462=EDGE_CURVE('',#1051,#1175,#648,.T.);
#1463=EDGE_CURVE('',#1175,#1175,#96,.T.);
#1464=EDGE_CURVE('',#1176,#1176,#97,.T.);
#1465=EDGE_CURVE('',#1050,#1177,#649,.T.);
#1466=EDGE_CURVE('',#1177,#1177,#98,.T.);
#1467=EDGE_CURVE('',#1178,#1178,#99,.T.);
#1468=EDGE_CURVE('',#1164,#1179,#650,.T.);
#1469=EDGE_CURVE('',#1159,#1179,#651,.T.);
#1470=EDGE_CURVE('',#1151,#1180,#652,.T.);
#1471=EDGE_CURVE('',#1180,#1156,#653,.T.);
#1472=EDGE_CURVE('',#1155,#1180,#654,.T.);
#1473=EDGE_CURVE('',#1141,#1181,#655,.T.);
#1474=EDGE_CURVE('',#1181,#1147,#656,.T.);
#1475=EDGE_CURVE('',#1146,#1181,#657,.T.);
#1476=EDGE_CURVE('',#1182,#1182,#100,.T.);
#1477=EDGE_CURVE('',#1183,#1183,#101,.T.);
#1478=EDGE_CURVE('',#1184,#1184,#102,.T.);
#1479=EDGE_CURVE('',#1185,#1185,#103,.T.);
#1480=EDGE_CURVE('',#1186,#1186,#104,.T.);
#1481=EDGE_CURVE('',#1187,#1187,#105,.T.);
#1482=EDGE_CURVE('',#1188,#1188,#106,.T.);
#1483=EDGE_CURVE('',#1189,#1189,#107,.T.);
#1484=EDGE_CURVE('',#1134,#1190,#658,.T.);
#1485=EDGE_CURVE('',#1190,#1133,#659,.T.);
#1486=EDGE_CURVE('',#1191,#1192,#660,.T.);
#1487=EDGE_CURVE('',#1192,#1193,#108,.T.);
#1488=EDGE_CURVE('',#1193,#1194,#661,.T.);
#1489=EDGE_CURVE('',#1194,#1089,#109,.T.);
#1490=EDGE_CURVE('',#1091,#1195,#110,.T.);
#1491=EDGE_CURVE('',#1195,#1196,#662,.T.);
#1492=EDGE_CURVE('',#1196,#1191,#111,.T.);
#1493=EDGE_CURVE('',#1197,#1197,#112,.T.);
#1494=EDGE_CURVE('',#1198,#1198,#113,.T.);
#1495=EDGE_CURVE('',#1199,#1199,#114,.T.);
#1496=EDGE_CURVE('',#1200,#1200,#115,.T.);
#1497=EDGE_CURVE('',#1201,#1201,#116,.T.);
#1498=EDGE_CURVE('',#1202,#1202,#117,.T.);
#1499=EDGE_CURVE('',#1203,#1203,#118,.T.);
#1500=EDGE_CURVE('',#1204,#1204,#119,.T.);
#1501=EDGE_CURVE('',#1197,#1184,#663,.T.);
#1502=EDGE_CURVE('',#1200,#1186,#664,.T.);
#1503=EDGE_CURVE('',#1203,#1182,#665,.T.);
#1504=EDGE_CURVE('',#1202,#1188,#666,.T.);
#1505=EDGE_CURVE('',#1205,#1206,#667,.T.);
#1506=EDGE_CURVE('',#1207,#1205,#668,.T.);
#1507=EDGE_CURVE('',#1105,#1207,#669,.T.);
#1508=EDGE_CURVE('',#1208,#1109,#670,.T.);
#1509=EDGE_CURVE('',#1206,#1208,#671,.T.);
#1510=EDGE_CURVE('',#1110,#1207,#672,.T.);
#1511=EDGE_CURVE('',#1113,#1205,#673,.T.);
#1512=EDGE_CURVE('',#1179,#1165,#674,.T.);
#1513=EDGE_CURVE('',#1209,#1126,#675,.T.);
#1514=EDGE_CURVE('',#1210,#1209,#676,.T.);
#1515=EDGE_CURVE('',#1211,#1210,#677,.T.);
#1516=EDGE_CURVE('',#1123,#1211,#678,.T.);
#1517=EDGE_CURVE('',#1120,#1210,#679,.T.);
#1518=EDGE_CURVE('',#1119,#1209,#680,.T.);
#1519=EDGE_CURVE('',#1130,#1190,#681,.T.);
#1520=EDGE_CURVE('',#1201,#1049,#682,.T.);
#1521=EDGE_CURVE('',#1204,#1082,#683,.T.);
#1522=EDGE_CURVE('',#1199,#1048,#684,.T.);
#1523=EDGE_CURVE('',#1187,#1176,#685,.T.);
#1524=EDGE_CURVE('',#1198,#1083,#686,.T.);
#1525=EDGE_CURVE('',#1189,#1178,#687,.T.);
#1526=EDGE_CURVE('',#1183,#1174,#688,.T.);
#1527=EDGE_CURVE('',#1185,#1172,#689,.T.);
#1528=EDGE_CURVE('',#1121,#1211,#690,.T.);
#1529=EDGE_CURVE('',#1112,#1206,#691,.T.);
#1530=EDGE_CURVE('',#1111,#1208,#692,.T.);
#1531=EDGE_CURVE('',#1212,#1038,#693,.T.);
#1532=EDGE_CURVE('',#1212,#1213,#694,.T.);
#1533=EDGE_CURVE('',#1213,#1039,#695,.T.);
#1534=EDGE_CURVE('',#1214,#1212,#696,.T.);
#1535=EDGE_CURVE('',#1214,#1215,#697,.T.);
#1536=EDGE_CURVE('',#1215,#1213,#698,.T.);
#1537=EDGE_CURVE('',#1041,#1214,#699,.T.);
#1538=EDGE_CURVE('',#1040,#1215,#700,.T.);
#1539=EDGE_CURVE('',#1037,#1216,#120,.T.);
#1540=EDGE_CURVE('',#1216,#1217,#701,.T.);
#1541=EDGE_CURVE('',#1217,#1218,#121,.T.);
#1542=EDGE_CURVE('',#1218,#1219,#702,.T.);
#1543=EDGE_CURVE('',#1219,#1220,#703,.T.);
#1544=EDGE_CURVE('',#1220,#1221,#704,.T.);
#1545=EDGE_CURVE('',#1221,#1222,#122,.T.);
#1546=EDGE_CURVE('',#1222,#1223,#705,.T.);
#1547=EDGE_CURVE('',#1223,#1046,#123,.T.);
#1548=EDGE_CURVE('',#1224,#1045,#706,.T.);
#1549=EDGE_CURVE('',#1224,#1225,#707,.T.);
#1550=EDGE_CURVE('',#1225,#1042,#708,.T.);
#1551=EDGE_CURVE('',#1095,#1221,#709,.T.);
#1552=EDGE_CURVE('',#1094,#1222,#710,.T.);
#1553=EDGE_CURVE('',#1093,#1223,#711,.T.);
#1554=EDGE_CURVE('',#1092,#1216,#712,.T.);
#1555=EDGE_CURVE('',#1099,#1217,#713,.T.);
#1556=EDGE_CURVE('',#1098,#1218,#714,.T.);
#1557=EDGE_CURVE('',#1097,#1219,#715,.T.);
#1558=EDGE_CURVE('',#1096,#1220,#716,.T.);
#1559=EDGE_CURVE('',#1226,#1227,#124,.F.);
#1560=EDGE_CURVE('',#1226,#1228,#717,.T.);
#1561=EDGE_CURVE('',#1228,#1229,#125,.T.);
#1562=EDGE_CURVE('',#1229,#1227,#718,.T.);
#1563=EDGE_CURVE('',#1230,#1231,#126,.F.);
#1564=EDGE_CURVE('',#1230,#1232,#719,.T.);
#1565=EDGE_CURVE('',#1232,#1233,#127,.T.);
#1566=EDGE_CURVE('',#1231,#1233,#720,.T.);
#1567=EDGE_CURVE('',#1226,#1232,#721,.T.);
#1568=EDGE_CURVE('',#1228,#1230,#722,.T.);
#1569=EDGE_CURVE('',#1234,#1193,#723,.T.);
#1570=EDGE_CURVE('',#1234,#1233,#724,.T.);
#1571=EDGE_CURVE('',#1227,#1235,#725,.T.);
#1572=EDGE_CURVE('',#1235,#1194,#726,.T.);
#1573=EDGE_CURVE('',#1236,#1234,#128,.T.);
#1574=EDGE_CURVE('',#1236,#1192,#727,.T.);
#1575=EDGE_CURVE('',#1237,#1236,#728,.T.);
#1576=EDGE_CURVE('',#1237,#1191,#729,.T.);
#1577=EDGE_CURVE('',#1238,#1237,#129,.T.);
#1578=EDGE_CURVE('',#1238,#1196,#730,.T.);
#1579=EDGE_CURVE('',#1239,#1238,#731,.T.);
#1580=EDGE_CURVE('',#1239,#1195,#732,.T.);
#1581=EDGE_CURVE('',#1090,#1239,#130,.T.);
#1582=EDGE_CURVE('',#1235,#1088,#131,.T.);
#1583=EDGE_CURVE('',#1240,#1224,#733,.T.);
#1584=EDGE_CURVE('',#1240,#1044,#734,.T.);
#1585=EDGE_CURVE('',#1241,#1240,#735,.T.);
#1586=EDGE_CURVE('',#1241,#1043,#736,.T.);
#1587=EDGE_CURVE('',#1231,#1241,#737,.T.);
#1588=EDGE_CURVE('',#1225,#1229,#738,.T.);
#1589=ORIENTED_EDGE('',*,*,#1242,.T.);
#1590=ORIENTED_EDGE('',*,*,#1243,.T.);
#1591=ORIENTED_EDGE('',*,*,#1244,.T.);
#1592=ORIENTED_EDGE('',*,*,#1245,.T.);
#1593=ORIENTED_EDGE('',*,*,#1246,.T.);
#1594=ORIENTED_EDGE('',*,*,#1247,.T.);
#1595=ORIENTED_EDGE('',*,*,#1248,.T.);
#1596=ORIENTED_EDGE('',*,*,#1243,.F.);
#1597=ORIENTED_EDGE('',*,*,#1249,.T.);
#1598=ORIENTED_EDGE('',*,*,#1247,.F.);
#1599=ORIENTED_EDGE('',*,*,#1250,.T.);
#1600=ORIENTED_EDGE('',*,*,#1251,.T.);
#1601=ORIENTED_EDGE('',*,*,#1252,.T.);
#1602=ORIENTED_EDGE('',*,*,#1245,.F.);
#1603=ORIENTED_EDGE('',*,*,#1253,.T.);
#1604=ORIENTED_EDGE('',*,*,#1251,.F.);
#1605=ORIENTED_EDGE('',*,*,#1253,.F.);
#1606=ORIENTED_EDGE('',*,*,#1254,.T.);
#1607=ORIENTED_EDGE('',*,*,#1255,.T.);
#1608=ORIENTED_EDGE('',*,*,#1256,.F.);
#1609=ORIENTED_EDGE('',*,*,#1244,.F.);
#1610=ORIENTED_EDGE('',*,*,#1257,.T.);
#1611=ORIENTED_EDGE('',*,*,#1258,.T.);
#1612=ORIENTED_EDGE('',*,*,#1254,.F.);
#1613=ORIENTED_EDGE('',*,*,#1259,.T.);
#1614=ORIENTED_EDGE('',*,*,#1260,.T.);
#1615=ORIENTED_EDGE('',*,*,#1261,.T.);
#1616=ORIENTED_EDGE('',*,*,#1262,.T.);
#1617=ORIENTED_EDGE('',*,*,#1263,.T.);
#1618=ORIENTED_EDGE('',*,*,#1264,.T.);
#1619=ORIENTED_EDGE('',*,*,#1265,.T.);
#1620=ORIENTED_EDGE('',*,*,#1266,.T.);
#1621=ORIENTED_EDGE('',*,*,#1267,.T.);
#1622=ORIENTED_EDGE('',*,*,#1268,.T.);
#1623=ORIENTED_EDGE('',*,*,#1269,.T.);
#1624=ORIENTED_EDGE('',*,*,#1270,.F.);
#1625=ORIENTED_EDGE('',*,*,#1271,.F.);
#1626=ORIENTED_EDGE('',*,*,#1272,.F.);
#1627=ORIENTED_EDGE('',*,*,#1273,.T.);
#1628=ORIENTED_EDGE('',*,*,#1274,.T.);
#1629=ORIENTED_EDGE('',*,*,#1275,.T.);
#1630=ORIENTED_EDGE('',*,*,#1276,.T.);
#1631=ORIENTED_EDGE('',*,*,#1277,.T.);
#1632=ORIENTED_EDGE('',*,*,#1278,.T.);
#1633=ORIENTED_EDGE('',*,*,#1279,.T.);
#1634=ORIENTED_EDGE('',*,*,#1280,.T.);
#1635=ORIENTED_EDGE('',*,*,#1281,.T.);
#1636=ORIENTED_EDGE('',*,*,#1282,.F.);
#1637=ORIENTED_EDGE('',*,*,#1283,.F.);
#1638=ORIENTED_EDGE('',*,*,#1284,.F.);
#1639=ORIENTED_EDGE('',*,*,#1285,.F.);
#1640=ORIENTED_EDGE('',*,*,#1286,.F.);
#1641=ORIENTED_EDGE('',*,*,#1287,.F.);
#1642=ORIENTED_EDGE('',*,*,#1288,.F.);
#1643=ORIENTED_EDGE('',*,*,#1289,.F.);
#1644=ORIENTED_EDGE('',*,*,#1290,.F.);
#1645=ORIENTED_EDGE('',*,*,#1291,.F.);
#1646=ORIENTED_EDGE('',*,*,#1292,.F.);
#1647=ORIENTED_EDGE('',*,*,#1293,.F.);
#1648=ORIENTED_EDGE('',*,*,#1294,.F.);
#1649=ORIENTED_EDGE('',*,*,#1295,.F.);
#1650=ORIENTED_EDGE('',*,*,#1296,.F.);
#1651=ORIENTED_EDGE('',*,*,#1297,.F.);
#1652=ORIENTED_EDGE('',*,*,#1298,.F.);
#1653=ORIENTED_EDGE('',*,*,#1299,.F.);
#1654=ORIENTED_EDGE('',*,*,#1300,.F.);
#1655=ORIENTED_EDGE('',*,*,#1301,.F.);
#1656=ORIENTED_EDGE('',*,*,#1302,.F.);
#1657=ORIENTED_EDGE('',*,*,#1303,.F.);
#1658=ORIENTED_EDGE('',*,*,#1242,.F.);
#1659=ORIENTED_EDGE('',*,*,#1252,.F.);
#1660=ORIENTED_EDGE('',*,*,#1250,.F.);
#1661=ORIENTED_EDGE('',*,*,#1246,.F.);
#1662=ORIENTED_EDGE('',*,*,#1248,.F.);
#1663=ORIENTED_EDGE('',*,*,#1304,.T.);
#1664=ORIENTED_EDGE('',*,*,#1305,.T.);
#1665=ORIENTED_EDGE('',*,*,#1257,.F.);
#1666=ORIENTED_EDGE('',*,*,#1249,.F.);
#1667=ORIENTED_EDGE('',*,*,#1256,.T.);
#1668=ORIENTED_EDGE('',*,*,#1306,.T.);
#1669=ORIENTED_EDGE('',*,*,#1304,.F.);
#1670=ORIENTED_EDGE('',*,*,#1255,.F.);
#1671=ORIENTED_EDGE('',*,*,#1258,.F.);
#1672=ORIENTED_EDGE('',*,*,#1305,.F.);
#1673=ORIENTED_EDGE('',*,*,#1306,.F.);
#1674=ORIENTED_EDGE('',*,*,#1307,.F.);
#1675=ORIENTED_EDGE('',*,*,#1308,.F.);
#1676=ORIENTED_EDGE('',*,*,#1309,.F.);
#1677=ORIENTED_EDGE('',*,*,#1270,.T.);
#1678=ORIENTED_EDGE('',*,*,#1310,.T.);
#1679=ORIENTED_EDGE('',*,*,#1311,.F.);
#1680=ORIENTED_EDGE('',*,*,#1312,.F.);
#1681=ORIENTED_EDGE('',*,*,#1313,.T.);
#1682=ORIENTED_EDGE('',*,*,#1311,.T.);
#1683=ORIENTED_EDGE('',*,*,#1314,.F.);
#1684=ORIENTED_EDGE('',*,*,#1315,.F.);
#1685=ORIENTED_EDGE('',*,*,#1316,.T.);
#1686=ORIENTED_EDGE('',*,*,#1317,.T.);
#1687=ORIENTED_EDGE('',*,*,#1318,.F.);
#1688=ORIENTED_EDGE('',*,*,#1319,.T.);
#1689=ORIENTED_EDGE('',*,*,#1312,.T.);
#1690=ORIENTED_EDGE('',*,*,#1320,.T.);
#1691=ORIENTED_EDGE('',*,*,#1321,.T.);
#1692=ORIENTED_EDGE('',*,*,#1322,.T.);
#1693=ORIENTED_EDGE('',*,*,#1323,.T.);
#1694=ORIENTED_EDGE('',*,*,#1324,.T.);
#1695=ORIENTED_EDGE('',*,*,#1325,.T.);
#1696=ORIENTED_EDGE('',*,*,#1326,.T.);
#1697=ORIENTED_EDGE('',*,*,#1327,.T.);
#1698=ORIENTED_EDGE('',*,*,#1328,.T.);
#1699=ORIENTED_EDGE('',*,*,#1329,.T.);
#1700=ORIENTED_EDGE('',*,*,#1303,.T.);
#1701=ORIENTED_EDGE('',*,*,#1330,.T.);
#1702=ORIENTED_EDGE('',*,*,#1331,.T.);
#1703=ORIENTED_EDGE('',*,*,#1330,.F.);
#1704=ORIENTED_EDGE('',*,*,#1302,.T.);
#1705=ORIENTED_EDGE('',*,*,#1332,.T.);
#1706=ORIENTED_EDGE('',*,*,#1301,.T.);
#1707=ORIENTED_EDGE('',*,*,#1333,.T.);
#1708=ORIENTED_EDGE('',*,*,#1334,.T.);
#1709=ORIENTED_EDGE('',*,*,#1332,.F.);
#1710=ORIENTED_EDGE('',*,*,#1328,.F.);
#1711=ORIENTED_EDGE('',*,*,#1335,.T.);
#1712=ORIENTED_EDGE('',*,*,#1336,.T.);
#1713=ORIENTED_EDGE('',*,*,#1337,.F.);
#1714=ORIENTED_EDGE('',*,*,#1338,.F.);
#1715=ORIENTED_EDGE('',*,*,#1331,.F.);
#1716=ORIENTED_EDGE('',*,*,#1339,.T.);
#1717=ORIENTED_EDGE('',*,*,#1340,.T.);
#1718=ORIENTED_EDGE('',*,*,#1335,.F.);
#1719=ORIENTED_EDGE('',*,*,#1334,.F.);
#1720=ORIENTED_EDGE('',*,*,#1341,.F.);
#1721=ORIENTED_EDGE('',*,*,#1342,.T.);
#1722=ORIENTED_EDGE('',*,*,#1343,.T.);
#1723=ORIENTED_EDGE('',*,*,#1339,.F.);
#1724=ORIENTED_EDGE('',*,*,#1296,.T.);
#1725=ORIENTED_EDGE('',*,*,#1329,.F.);
#1726=ORIENTED_EDGE('',*,*,#1338,.T.);
#1727=ORIENTED_EDGE('',*,*,#1344,.T.);
#1728=ORIENTED_EDGE('',*,*,#1345,.T.);
#1729=ORIENTED_EDGE('',*,*,#1346,.T.);
#1730=ORIENTED_EDGE('',*,*,#1341,.T.);
#1731=ORIENTED_EDGE('',*,*,#1333,.F.);
#1732=ORIENTED_EDGE('',*,*,#1300,.T.);
#1733=ORIENTED_EDGE('',*,*,#1347,.T.);
#1734=ORIENTED_EDGE('',*,*,#1348,.T.);
#1735=ORIENTED_EDGE('',*,*,#1347,.F.);
#1736=ORIENTED_EDGE('',*,*,#1299,.T.);
#1737=ORIENTED_EDGE('',*,*,#1349,.T.);
#1738=ORIENTED_EDGE('',*,*,#1350,.T.);
#1739=ORIENTED_EDGE('',*,*,#1349,.F.);
#1740=ORIENTED_EDGE('',*,*,#1298,.T.);
#1741=ORIENTED_EDGE('',*,*,#1351,.T.);
#1742=ORIENTED_EDGE('',*,*,#1352,.T.);
#1743=ORIENTED_EDGE('',*,*,#1351,.F.);
#1744=ORIENTED_EDGE('',*,*,#1297,.T.);
#1745=ORIENTED_EDGE('',*,*,#1345,.F.);
#1746=ORIENTED_EDGE('',*,*,#1291,.T.);
#1747=ORIENTED_EDGE('',*,*,#1353,.T.);
#1748=ORIENTED_EDGE('',*,*,#1354,.T.);
#1749=ORIENTED_EDGE('',*,*,#1355,.F.);
#1750=ORIENTED_EDGE('',*,*,#1290,.T.);
#1751=ORIENTED_EDGE('',*,*,#1356,.T.);
#1752=ORIENTED_EDGE('',*,*,#1357,.T.);
#1753=ORIENTED_EDGE('',*,*,#1353,.F.);
#1754=ORIENTED_EDGE('',*,*,#1358,.T.);
#1755=ORIENTED_EDGE('',*,*,#1359,.T.);
#1756=ORIENTED_EDGE('',*,*,#1288,.T.);
#1757=ORIENTED_EDGE('',*,*,#1360,.T.);
#1758=ORIENTED_EDGE('',*,*,#1289,.T.);
#1759=ORIENTED_EDGE('',*,*,#1359,.F.);
#1760=ORIENTED_EDGE('',*,*,#1361,.T.);
#1761=ORIENTED_EDGE('',*,*,#1356,.F.);
#1762=ORIENTED_EDGE('',*,*,#1362,.T.);
#1763=ORIENTED_EDGE('',*,*,#1360,.F.);
#1764=ORIENTED_EDGE('',*,*,#1295,.T.);
#1765=ORIENTED_EDGE('',*,*,#1363,.T.);
#1766=ORIENTED_EDGE('',*,*,#1364,.T.);
#1767=ORIENTED_EDGE('',*,*,#1363,.F.);
#1768=ORIENTED_EDGE('',*,*,#1294,.T.);
#1769=ORIENTED_EDGE('',*,*,#1365,.T.);
#1770=ORIENTED_EDGE('',*,*,#1366,.T.);
#1771=ORIENTED_EDGE('',*,*,#1365,.F.);
#1772=ORIENTED_EDGE('',*,*,#1293,.T.);
#1773=ORIENTED_EDGE('',*,*,#1367,.T.);
#1774=ORIENTED_EDGE('',*,*,#1368,.T.);
#1775=ORIENTED_EDGE('',*,*,#1367,.F.);
#1776=ORIENTED_EDGE('',*,*,#1292,.T.);
#1777=ORIENTED_EDGE('',*,*,#1355,.T.);
#1778=ORIENTED_EDGE('',*,*,#1354,.F.);
#1779=ORIENTED_EDGE('',*,*,#1369,.T.);
#1780=ORIENTED_EDGE('',*,*,#1370,.T.);
#1781=ORIENTED_EDGE('',*,*,#1371,.F.);
#1782=ORIENTED_EDGE('',*,*,#1357,.F.);
#1783=ORIENTED_EDGE('',*,*,#1372,.T.);
#1784=ORIENTED_EDGE('',*,*,#1373,.T.);
#1785=ORIENTED_EDGE('',*,*,#1369,.F.);
#1786=ORIENTED_EDGE('',*,*,#1361,.F.);
#1787=ORIENTED_EDGE('',*,*,#1374,.T.);
#1788=ORIENTED_EDGE('',*,*,#1375,.T.);
#1789=ORIENTED_EDGE('',*,*,#1372,.F.);
#1790=ORIENTED_EDGE('',*,*,#1358,.F.);
#1791=ORIENTED_EDGE('',*,*,#1376,.T.);
#1792=ORIENTED_EDGE('',*,*,#1377,.T.);
#1793=ORIENTED_EDGE('',*,*,#1374,.F.);
#1794=ORIENTED_EDGE('',*,*,#1286,.T.);
#1795=ORIENTED_EDGE('',*,*,#1378,.T.);
#1796=ORIENTED_EDGE('',*,*,#1379,.T.);
#1797=ORIENTED_EDGE('',*,*,#1380,.T.);
#1798=ORIENTED_EDGE('',*,*,#1381,.T.);
#1799=ORIENTED_EDGE('',*,*,#1382,.T.);
#1800=ORIENTED_EDGE('',*,*,#1383,.T.);
#1801=ORIENTED_EDGE('',*,*,#1378,.F.);
#1802=ORIENTED_EDGE('',*,*,#1285,.T.);
#1803=ORIENTED_EDGE('',*,*,#1384,.T.);
#1804=ORIENTED_EDGE('',*,*,#1382,.F.);
#1805=ORIENTED_EDGE('',*,*,#1385,.T.);
#1806=ORIENTED_EDGE('',*,*,#1282,.T.);
#1807=ORIENTED_EDGE('',*,*,#1386,.T.);
#1808=ORIENTED_EDGE('',*,*,#1387,.T.);
#1809=ORIENTED_EDGE('',*,*,#1386,.F.);
#1810=ORIENTED_EDGE('',*,*,#1287,.T.);
#1811=ORIENTED_EDGE('',*,*,#1380,.F.);
#1812=ORIENTED_EDGE('',*,*,#1387,.F.);
#1813=ORIENTED_EDGE('',*,*,#1388,.T.);
#1814=ORIENTED_EDGE('',*,*,#1389,.F.);
#1815=ORIENTED_EDGE('',*,*,#1390,.F.);
#1816=ORIENTED_EDGE('',*,*,#1379,.F.);
#1817=ORIENTED_EDGE('',*,*,#1391,.T.);
#1818=ORIENTED_EDGE('',*,*,#1392,.F.);
#1819=ORIENTED_EDGE('',*,*,#1388,.F.);
#1820=ORIENTED_EDGE('',*,*,#1393,.T.);
#1821=ORIENTED_EDGE('',*,*,#1394,.T.);
#1822=ORIENTED_EDGE('',*,*,#1283,.T.);
#1823=ORIENTED_EDGE('',*,*,#1385,.F.);
#1824=ORIENTED_EDGE('',*,*,#1381,.F.);
#1825=ORIENTED_EDGE('',*,*,#1284,.T.);
#1826=ORIENTED_EDGE('',*,*,#1394,.F.);
#1827=ORIENTED_EDGE('',*,*,#1395,.T.);
#1828=ORIENTED_EDGE('',*,*,#1396,.T.);
#1829=ORIENTED_EDGE('',*,*,#1393,.F.);
#1830=ORIENTED_EDGE('',*,*,#1396,.F.);
#1831=ORIENTED_EDGE('',*,*,#1397,.T.);
#1832=ORIENTED_EDGE('',*,*,#1398,.T.);
#1833=ORIENTED_EDGE('',*,*,#1399,.T.);
#1834=ORIENTED_EDGE('',*,*,#1400,.F.);
#1835=ORIENTED_EDGE('',*,*,#1401,.T.);
#1836=ORIENTED_EDGE('',*,*,#1398,.F.);
#1837=ORIENTED_EDGE('',*,*,#1402,.F.);
#1838=ORIENTED_EDGE('',*,*,#1403,.T.);
#1839=ORIENTED_EDGE('',*,*,#1404,.T.);
#1840=ORIENTED_EDGE('',*,*,#1403,.F.);
#1841=ORIENTED_EDGE('',*,*,#1405,.T.);
#1842=ORIENTED_EDGE('',*,*,#1406,.T.);
#1843=ORIENTED_EDGE('',*,*,#1407,.T.);
#1844=ORIENTED_EDGE('',*,*,#1406,.F.);
#1845=ORIENTED_EDGE('',*,*,#1408,.T.);
#1846=ORIENTED_EDGE('',*,*,#1400,.T.);
#1847=ORIENTED_EDGE('',*,*,#1407,.F.);
#1848=ORIENTED_EDGE('',*,*,#1409,.T.);
#1849=ORIENTED_EDGE('',*,*,#1410,.T.);
#1850=ORIENTED_EDGE('',*,*,#1411,.F.);
#1851=ORIENTED_EDGE('',*,*,#1399,.F.);
#1852=ORIENTED_EDGE('',*,*,#1412,.T.);
#1853=ORIENTED_EDGE('',*,*,#1413,.T.);
#1854=ORIENTED_EDGE('',*,*,#1409,.F.);
#1855=ORIENTED_EDGE('',*,*,#1414,.T.);
#1856=ORIENTED_EDGE('',*,*,#1415,.T.);
#1857=ORIENTED_EDGE('',*,*,#1416,.T.);
#1858=ORIENTED_EDGE('',*,*,#1417,.F.);
#1859=ORIENTED_EDGE('',*,*,#1418,.T.);
#1860=ORIENTED_EDGE('',*,*,#1415,.F.);
#1861=ORIENTED_EDGE('',*,*,#1419,.F.);
#1862=ORIENTED_EDGE('',*,*,#1420,.T.);
#1863=ORIENTED_EDGE('',*,*,#1421,.T.);
#1864=ORIENTED_EDGE('',*,*,#1420,.F.);
#1865=ORIENTED_EDGE('',*,*,#1422,.T.);
#1866=ORIENTED_EDGE('',*,*,#1423,.T.);
#1867=ORIENTED_EDGE('',*,*,#1424,.T.);
#1868=ORIENTED_EDGE('',*,*,#1423,.F.);
#1869=ORIENTED_EDGE('',*,*,#1402,.T.);
#1870=ORIENTED_EDGE('',*,*,#1417,.T.);
#1871=ORIENTED_EDGE('',*,*,#1424,.F.);
#1872=ORIENTED_EDGE('',*,*,#1425,.T.);
#1873=ORIENTED_EDGE('',*,*,#1426,.T.);
#1874=ORIENTED_EDGE('',*,*,#1427,.F.);
#1875=ORIENTED_EDGE('',*,*,#1416,.F.);
#1876=ORIENTED_EDGE('',*,*,#1428,.T.);
#1877=ORIENTED_EDGE('',*,*,#1429,.T.);
#1878=ORIENTED_EDGE('',*,*,#1425,.F.);
#1879=ORIENTED_EDGE('',*,*,#1419,.T.);
#1880=ORIENTED_EDGE('',*,*,#1430,.T.);
#1881=ORIENTED_EDGE('',*,*,#1431,.T.);
#1882=ORIENTED_EDGE('',*,*,#1432,.F.);
#1883=ORIENTED_EDGE('',*,*,#1433,.T.);
#1884=ORIENTED_EDGE('',*,*,#1430,.F.);
#1885=ORIENTED_EDGE('',*,*,#1434,.T.);
#1886=ORIENTED_EDGE('',*,*,#1435,.T.);
#1887=ORIENTED_EDGE('',*,*,#1436,.T.);
#1888=ORIENTED_EDGE('',*,*,#1435,.F.);
#1889=ORIENTED_EDGE('',*,*,#1437,.T.);
#1890=ORIENTED_EDGE('',*,*,#1438,.T.);
#1891=ORIENTED_EDGE('',*,*,#1439,.T.);
#1892=ORIENTED_EDGE('',*,*,#1438,.F.);
#1893=ORIENTED_EDGE('',*,*,#1440,.T.);
#1894=ORIENTED_EDGE('',*,*,#1432,.T.);
#1895=ORIENTED_EDGE('',*,*,#1439,.F.);
#1896=ORIENTED_EDGE('',*,*,#1441,.T.);
#1897=ORIENTED_EDGE('',*,*,#1442,.T.);
#1898=ORIENTED_EDGE('',*,*,#1443,.F.);
#1899=ORIENTED_EDGE('',*,*,#1431,.F.);
#1900=ORIENTED_EDGE('',*,*,#1444,.T.);
#1901=ORIENTED_EDGE('',*,*,#1445,.T.);
#1902=ORIENTED_EDGE('',*,*,#1441,.F.);
#1903=ORIENTED_EDGE('',*,*,#1446,.F.);
#1904=ORIENTED_EDGE('',*,*,#1447,.F.);
#1905=ORIENTED_EDGE('',*,*,#1448,.F.);
#1906=ORIENTED_EDGE('',*,*,#1449,.F.);
#1907=ORIENTED_EDGE('',*,*,#1450,.F.);
#1908=ORIENTED_EDGE('',*,*,#1451,.F.);
#1909=ORIENTED_EDGE('',*,*,#1405,.F.);
#1910=ORIENTED_EDGE('',*,*,#1422,.F.);
#1911=ORIENTED_EDGE('',*,*,#1440,.F.);
#1912=ORIENTED_EDGE('',*,*,#1437,.F.);
#1913=ORIENTED_EDGE('',*,*,#1434,.F.);
#1914=ORIENTED_EDGE('',*,*,#1414,.F.);
#1915=ORIENTED_EDGE('',*,*,#1397,.F.);
#1916=ORIENTED_EDGE('',*,*,#1408,.F.);
#1917=ORIENTED_EDGE('',*,*,#1452,.F.);
#1918=ORIENTED_EDGE('',*,*,#1276,.F.);
#1919=ORIENTED_EDGE('',*,*,#1453,.T.);
#1920=ORIENTED_EDGE('',*,*,#1447,.T.);
#1921=ORIENTED_EDGE('',*,*,#1454,.F.);
#1922=ORIENTED_EDGE('',*,*,#1281,.F.);
#1923=ORIENTED_EDGE('',*,*,#1455,.T.);
#1924=ORIENTED_EDGE('',*,*,#1448,.T.);
#1925=ORIENTED_EDGE('',*,*,#1453,.F.);
#1926=ORIENTED_EDGE('',*,*,#1280,.F.);
#1927=ORIENTED_EDGE('',*,*,#1456,.T.);
#1928=ORIENTED_EDGE('',*,*,#1449,.T.);
#1929=ORIENTED_EDGE('',*,*,#1455,.F.);
#1930=ORIENTED_EDGE('',*,*,#1279,.F.);
#1931=ORIENTED_EDGE('',*,*,#1457,.T.);
#1932=ORIENTED_EDGE('',*,*,#1450,.T.);
#1933=ORIENTED_EDGE('',*,*,#1456,.F.);
#1934=ORIENTED_EDGE('',*,*,#1278,.F.);
#1935=ORIENTED_EDGE('',*,*,#1458,.T.);
#1936=ORIENTED_EDGE('',*,*,#1451,.T.);
#1937=ORIENTED_EDGE('',*,*,#1457,.F.);
#1938=ORIENTED_EDGE('',*,*,#1277,.F.);
#1939=ORIENTED_EDGE('',*,*,#1454,.T.);
#1940=ORIENTED_EDGE('',*,*,#1446,.T.);
#1941=ORIENTED_EDGE('',*,*,#1458,.F.);
#1942=ORIENTED_EDGE('',*,*,#1275,.F.);
#1943=ORIENTED_EDGE('',*,*,#1459,.T.);
#1944=ORIENTED_EDGE('',*,*,#1460,.T.);
#1945=ORIENTED_EDGE('',*,*,#1459,.F.);
#1946=ORIENTED_EDGE('',*,*,#1460,.F.);
#1947=ORIENTED_EDGE('',*,*,#1461,.F.);
#1948=ORIENTED_EDGE('',*,*,#1274,.F.);
#1949=ORIENTED_EDGE('',*,*,#1462,.T.);
#1950=ORIENTED_EDGE('',*,*,#1463,.T.);
#1951=ORIENTED_EDGE('',*,*,#1462,.F.);
#1952=ORIENTED_EDGE('',*,*,#1463,.F.);
#1953=ORIENTED_EDGE('',*,*,#1464,.F.);
#1954=ORIENTED_EDGE('',*,*,#1273,.F.);
#1955=ORIENTED_EDGE('',*,*,#1465,.T.);
#1956=ORIENTED_EDGE('',*,*,#1466,.T.);
#1957=ORIENTED_EDGE('',*,*,#1465,.F.);
#1958=ORIENTED_EDGE('',*,*,#1466,.F.);
#1959=ORIENTED_EDGE('',*,*,#1467,.F.);
#1960=ORIENTED_EDGE('',*,*,#1436,.F.);
#1961=ORIENTED_EDGE('',*,*,#1443,.T.);
#1962=ORIENTED_EDGE('',*,*,#1468,.T.);
#1963=ORIENTED_EDGE('',*,*,#1469,.F.);
#1964=ORIENTED_EDGE('',*,*,#1418,.F.);
#1965=ORIENTED_EDGE('',*,*,#1470,.T.);
#1966=ORIENTED_EDGE('',*,*,#1471,.T.);
#1967=ORIENTED_EDGE('',*,*,#1428,.F.);
#1968=ORIENTED_EDGE('',*,*,#1421,.F.);
#1969=ORIENTED_EDGE('',*,*,#1427,.T.);
#1970=ORIENTED_EDGE('',*,*,#1472,.T.);
#1971=ORIENTED_EDGE('',*,*,#1470,.F.);
#1972=ORIENTED_EDGE('',*,*,#1401,.F.);
#1973=ORIENTED_EDGE('',*,*,#1473,.T.);
#1974=ORIENTED_EDGE('',*,*,#1474,.T.);
#1975=ORIENTED_EDGE('',*,*,#1412,.F.);
#1976=ORIENTED_EDGE('',*,*,#1404,.F.);
#1977=ORIENTED_EDGE('',*,*,#1411,.T.);
#1978=ORIENTED_EDGE('',*,*,#1475,.T.);
#1979=ORIENTED_EDGE('',*,*,#1473,.F.);
#1980=ORIENTED_EDGE('',*,*,#1476,.F.);
#1981=ORIENTED_EDGE('',*,*,#1477,.T.);
#1982=ORIENTED_EDGE('',*,*,#1478,.F.);
#1983=ORIENTED_EDGE('',*,*,#1479,.T.);
#1984=ORIENTED_EDGE('',*,*,#1480,.F.);
#1985=ORIENTED_EDGE('',*,*,#1481,.T.);
#1986=ORIENTED_EDGE('',*,*,#1482,.F.);
#1987=ORIENTED_EDGE('',*,*,#1483,.T.);
#1988=ORIENTED_EDGE('',*,*,#1389,.T.);
#1989=ORIENTED_EDGE('',*,*,#1392,.T.);
#1990=ORIENTED_EDGE('',*,*,#1484,.T.);
#1991=ORIENTED_EDGE('',*,*,#1485,.T.);
#1992=ORIENTED_EDGE('',*,*,#1486,.T.);
#1993=ORIENTED_EDGE('',*,*,#1487,.T.);
#1994=ORIENTED_EDGE('',*,*,#1488,.T.);
#1995=ORIENTED_EDGE('',*,*,#1489,.T.);
#1996=ORIENTED_EDGE('',*,*,#1318,.T.);
#1997=ORIENTED_EDGE('',*,*,#1490,.T.);
#1998=ORIENTED_EDGE('',*,*,#1491,.T.);
#1999=ORIENTED_EDGE('',*,*,#1492,.T.);
#2000=ORIENTED_EDGE('',*,*,#1493,.T.);
#2001=ORIENTED_EDGE('',*,*,#1494,.T.);
#2002=ORIENTED_EDGE('',*,*,#1495,.T.);
#2003=ORIENTED_EDGE('',*,*,#1496,.T.);
#2004=ORIENTED_EDGE('',*,*,#1497,.T.);
#2005=ORIENTED_EDGE('',*,*,#1498,.T.);
#2006=ORIENTED_EDGE('',*,*,#1499,.T.);
#2007=ORIENTED_EDGE('',*,*,#1500,.T.);
#2008=ORIENTED_EDGE('',*,*,#1493,.F.);
#2009=ORIENTED_EDGE('',*,*,#1501,.T.);
#2010=ORIENTED_EDGE('',*,*,#1478,.T.);
#2011=ORIENTED_EDGE('',*,*,#1501,.F.);
#2012=ORIENTED_EDGE('',*,*,#1496,.F.);
#2013=ORIENTED_EDGE('',*,*,#1502,.T.);
#2014=ORIENTED_EDGE('',*,*,#1480,.T.);
#2015=ORIENTED_EDGE('',*,*,#1502,.F.);
#2016=ORIENTED_EDGE('',*,*,#1499,.F.);
#2017=ORIENTED_EDGE('',*,*,#1503,.T.);
#2018=ORIENTED_EDGE('',*,*,#1476,.T.);
#2019=ORIENTED_EDGE('',*,*,#1503,.F.);
#2020=ORIENTED_EDGE('',*,*,#1498,.F.);
#2021=ORIENTED_EDGE('',*,*,#1504,.T.);
#2022=ORIENTED_EDGE('',*,*,#1482,.T.);
#2023=ORIENTED_EDGE('',*,*,#1504,.F.);
#2024=ORIENTED_EDGE('',*,*,#1505,.F.);
#2025=ORIENTED_EDGE('',*,*,#1506,.F.);
#2026=ORIENTED_EDGE('',*,*,#1507,.F.);
#2027=ORIENTED_EDGE('',*,*,#1336,.F.);
#2028=ORIENTED_EDGE('',*,*,#1340,.F.);
#2029=ORIENTED_EDGE('',*,*,#1343,.F.);
#2030=ORIENTED_EDGE('',*,*,#1508,.F.);
#2031=ORIENTED_EDGE('',*,*,#1509,.F.);
#2032=ORIENTED_EDGE('',*,*,#1344,.F.);
#2033=ORIENTED_EDGE('',*,*,#1337,.T.);
#2034=ORIENTED_EDGE('',*,*,#1507,.T.);
#2035=ORIENTED_EDGE('',*,*,#1510,.F.);
#2036=ORIENTED_EDGE('',*,*,#1352,.F.);
#2037=ORIENTED_EDGE('',*,*,#1510,.T.);
#2038=ORIENTED_EDGE('',*,*,#1506,.T.);
#2039=ORIENTED_EDGE('',*,*,#1511,.F.);
#2040=ORIENTED_EDGE('',*,*,#1468,.F.);
#2041=ORIENTED_EDGE('',*,*,#1442,.F.);
#2042=ORIENTED_EDGE('',*,*,#1445,.F.);
#2043=ORIENTED_EDGE('',*,*,#1512,.F.);
#2044=ORIENTED_EDGE('',*,*,#1471,.F.);
#2045=ORIENTED_EDGE('',*,*,#1472,.F.);
#2046=ORIENTED_EDGE('',*,*,#1426,.F.);
#2047=ORIENTED_EDGE('',*,*,#1429,.F.);
#2048=ORIENTED_EDGE('',*,*,#1373,.F.);
#2049=ORIENTED_EDGE('',*,*,#1375,.F.);
#2050=ORIENTED_EDGE('',*,*,#1377,.F.);
#2051=ORIENTED_EDGE('',*,*,#1513,.F.);
#2052=ORIENTED_EDGE('',*,*,#1514,.F.);
#2053=ORIENTED_EDGE('',*,*,#1515,.F.);
#2054=ORIENTED_EDGE('',*,*,#1516,.F.);
#2055=ORIENTED_EDGE('',*,*,#1370,.F.);
#2056=ORIENTED_EDGE('',*,*,#1364,.F.);
#2057=ORIENTED_EDGE('',*,*,#1517,.T.);
#2058=ORIENTED_EDGE('',*,*,#1514,.T.);
#2059=ORIENTED_EDGE('',*,*,#1518,.F.);
#2060=ORIENTED_EDGE('',*,*,#1362,.F.);
#2061=ORIENTED_EDGE('',*,*,#1518,.T.);
#2062=ORIENTED_EDGE('',*,*,#1513,.T.);
#2063=ORIENTED_EDGE('',*,*,#1376,.F.);
#2064=ORIENTED_EDGE('',*,*,#1395,.F.);
#2065=ORIENTED_EDGE('',*,*,#1474,.F.);
#2066=ORIENTED_EDGE('',*,*,#1475,.F.);
#2067=ORIENTED_EDGE('',*,*,#1410,.F.);
#2068=ORIENTED_EDGE('',*,*,#1413,.F.);
#2069=ORIENTED_EDGE('',*,*,#1384,.F.);
#2070=ORIENTED_EDGE('',*,*,#1390,.T.);
#2071=ORIENTED_EDGE('',*,*,#1485,.F.);
#2072=ORIENTED_EDGE('',*,*,#1519,.F.);
#2073=ORIENTED_EDGE('',*,*,#1383,.F.);
#2074=ORIENTED_EDGE('',*,*,#1519,.T.);
#2075=ORIENTED_EDGE('',*,*,#1484,.F.);
#2076=ORIENTED_EDGE('',*,*,#1391,.F.);
#2077=ORIENTED_EDGE('',*,*,#1497,.F.);
#2078=ORIENTED_EDGE('',*,*,#1520,.T.);
#2079=ORIENTED_EDGE('',*,*,#1272,.T.);
#2080=ORIENTED_EDGE('',*,*,#1520,.F.);
#2081=ORIENTED_EDGE('',*,*,#1500,.F.);
#2082=ORIENTED_EDGE('',*,*,#1521,.T.);
#2083=ORIENTED_EDGE('',*,*,#1307,.T.);
#2084=ORIENTED_EDGE('',*,*,#1521,.F.);
#2085=ORIENTED_EDGE('',*,*,#1433,.F.);
#2086=ORIENTED_EDGE('',*,*,#1469,.T.);
#2087=ORIENTED_EDGE('',*,*,#1512,.T.);
#2088=ORIENTED_EDGE('',*,*,#1444,.F.);
#2089=ORIENTED_EDGE('',*,*,#1495,.F.);
#2090=ORIENTED_EDGE('',*,*,#1522,.T.);
#2091=ORIENTED_EDGE('',*,*,#1271,.T.);
#2092=ORIENTED_EDGE('',*,*,#1522,.F.);
#2093=ORIENTED_EDGE('',*,*,#1481,.F.);
#2094=ORIENTED_EDGE('',*,*,#1523,.T.);
#2095=ORIENTED_EDGE('',*,*,#1464,.T.);
#2096=ORIENTED_EDGE('',*,*,#1523,.F.);
#2097=ORIENTED_EDGE('',*,*,#1494,.F.);
#2098=ORIENTED_EDGE('',*,*,#1524,.T.);
#2099=ORIENTED_EDGE('',*,*,#1308,.T.);
#2100=ORIENTED_EDGE('',*,*,#1524,.F.);
#2101=ORIENTED_EDGE('',*,*,#1483,.F.);
#2102=ORIENTED_EDGE('',*,*,#1525,.T.);
#2103=ORIENTED_EDGE('',*,*,#1467,.T.);
#2104=ORIENTED_EDGE('',*,*,#1525,.F.);
#2105=ORIENTED_EDGE('',*,*,#1477,.F.);
#2106=ORIENTED_EDGE('',*,*,#1526,.T.);
#2107=ORIENTED_EDGE('',*,*,#1461,.T.);
#2108=ORIENTED_EDGE('',*,*,#1526,.F.);
#2109=ORIENTED_EDGE('',*,*,#1479,.F.);
#2110=ORIENTED_EDGE('',*,*,#1527,.T.);
#2111=ORIENTED_EDGE('',*,*,#1452,.T.);
#2112=ORIENTED_EDGE('',*,*,#1527,.F.);
#2113=ORIENTED_EDGE('',*,*,#1368,.F.);
#2114=ORIENTED_EDGE('',*,*,#1371,.T.);
#2115=ORIENTED_EDGE('',*,*,#1516,.T.);
#2116=ORIENTED_EDGE('',*,*,#1528,.F.);
#2117=ORIENTED_EDGE('',*,*,#1366,.F.);
#2118=ORIENTED_EDGE('',*,*,#1528,.T.);
#2119=ORIENTED_EDGE('',*,*,#1515,.T.);
#2120=ORIENTED_EDGE('',*,*,#1517,.F.);
#2121=ORIENTED_EDGE('',*,*,#1350,.F.);
#2122=ORIENTED_EDGE('',*,*,#1511,.T.);
#2123=ORIENTED_EDGE('',*,*,#1505,.T.);
#2124=ORIENTED_EDGE('',*,*,#1529,.F.);
#2125=ORIENTED_EDGE('',*,*,#1348,.F.);
#2126=ORIENTED_EDGE('',*,*,#1529,.T.);
#2127=ORIENTED_EDGE('',*,*,#1509,.T.);
#2128=ORIENTED_EDGE('',*,*,#1530,.F.);
#2129=ORIENTED_EDGE('',*,*,#1346,.F.);
#2130=ORIENTED_EDGE('',*,*,#1530,.T.);
#2131=ORIENTED_EDGE('',*,*,#1508,.T.);
#2132=ORIENTED_EDGE('',*,*,#1342,.F.);
#2133=ORIENTED_EDGE('',*,*,#1531,.F.);
#2134=ORIENTED_EDGE('',*,*,#1532,.T.);
#2135=ORIENTED_EDGE('',*,*,#1533,.T.);
#2136=ORIENTED_EDGE('',*,*,#1261,.F.);
#2137=ORIENTED_EDGE('',*,*,#1534,.F.);
#2138=ORIENTED_EDGE('',*,*,#1535,.T.);
#2139=ORIENTED_EDGE('',*,*,#1536,.T.);
#2140=ORIENTED_EDGE('',*,*,#1532,.F.);
#2141=ORIENTED_EDGE('',*,*,#1537,.F.);
#2142=ORIENTED_EDGE('',*,*,#1263,.F.);
#2143=ORIENTED_EDGE('',*,*,#1538,.T.);
#2144=ORIENTED_EDGE('',*,*,#1535,.F.);
#2145=ORIENTED_EDGE('',*,*,#1538,.F.);
#2146=ORIENTED_EDGE('',*,*,#1262,.F.);
#2147=ORIENTED_EDGE('',*,*,#1533,.F.);
#2148=ORIENTED_EDGE('',*,*,#1536,.F.);
#2149=ORIENTED_EDGE('',*,*,#1537,.T.);
#2150=ORIENTED_EDGE('',*,*,#1534,.T.);
#2151=ORIENTED_EDGE('',*,*,#1531,.T.);
#2152=ORIENTED_EDGE('',*,*,#1260,.F.);
#2153=ORIENTED_EDGE('',*,*,#1539,.T.);
#2154=ORIENTED_EDGE('',*,*,#1540,.T.);
#2155=ORIENTED_EDGE('',*,*,#1541,.T.);
#2156=ORIENTED_EDGE('',*,*,#1542,.T.);
#2157=ORIENTED_EDGE('',*,*,#1543,.T.);
#2158=ORIENTED_EDGE('',*,*,#1544,.T.);
#2159=ORIENTED_EDGE('',*,*,#1545,.T.);
#2160=ORIENTED_EDGE('',*,*,#1546,.T.);
#2161=ORIENTED_EDGE('',*,*,#1547,.T.);
#2162=ORIENTED_EDGE('',*,*,#1268,.F.);
#2163=ORIENTED_EDGE('',*,*,#1548,.F.);
#2164=ORIENTED_EDGE('',*,*,#1549,.T.);
#2165=ORIENTED_EDGE('',*,*,#1550,.T.);
#2166=ORIENTED_EDGE('',*,*,#1264,.F.);
#2167=ORIENTED_EDGE('',*,*,#1545,.F.);
#2168=ORIENTED_EDGE('',*,*,#1551,.F.);
#2169=ORIENTED_EDGE('',*,*,#1322,.F.);
#2170=ORIENTED_EDGE('',*,*,#1552,.T.);
#2171=ORIENTED_EDGE('',*,*,#1546,.F.);
#2172=ORIENTED_EDGE('',*,*,#1552,.F.);
#2173=ORIENTED_EDGE('',*,*,#1321,.F.);
#2174=ORIENTED_EDGE('',*,*,#1553,.T.);
#2175=ORIENTED_EDGE('',*,*,#1547,.F.);
#2176=ORIENTED_EDGE('',*,*,#1553,.F.);
#2177=ORIENTED_EDGE('',*,*,#1320,.F.);
#2178=ORIENTED_EDGE('',*,*,#1314,.T.);
#2179=ORIENTED_EDGE('',*,*,#1310,.F.);
#2180=ORIENTED_EDGE('',*,*,#1269,.F.);
#2181=ORIENTED_EDGE('',*,*,#1539,.F.);
#2182=ORIENTED_EDGE('',*,*,#1259,.F.);
#2183=ORIENTED_EDGE('',*,*,#1309,.T.);
#2184=ORIENTED_EDGE('',*,*,#1313,.F.);
#2185=ORIENTED_EDGE('',*,*,#1319,.F.);
#2186=ORIENTED_EDGE('',*,*,#1554,.T.);
#2187=ORIENTED_EDGE('',*,*,#1540,.F.);
#2188=ORIENTED_EDGE('',*,*,#1554,.F.);
#2189=ORIENTED_EDGE('',*,*,#1327,.F.);
#2190=ORIENTED_EDGE('',*,*,#1555,.T.);
#2191=ORIENTED_EDGE('',*,*,#1541,.F.);
#2192=ORIENTED_EDGE('',*,*,#1555,.F.);
#2193=ORIENTED_EDGE('',*,*,#1326,.F.);
#2194=ORIENTED_EDGE('',*,*,#1556,.T.);
#2195=ORIENTED_EDGE('',*,*,#1542,.F.);
#2196=ORIENTED_EDGE('',*,*,#1556,.F.);
#2197=ORIENTED_EDGE('',*,*,#1325,.F.);
#2198=ORIENTED_EDGE('',*,*,#1557,.T.);
#2199=ORIENTED_EDGE('',*,*,#1543,.F.);
#2200=ORIENTED_EDGE('',*,*,#1557,.F.);
#2201=ORIENTED_EDGE('',*,*,#1324,.F.);
#2202=ORIENTED_EDGE('',*,*,#1558,.T.);
#2203=ORIENTED_EDGE('',*,*,#1544,.F.);
#2204=ORIENTED_EDGE('',*,*,#1558,.F.);
#2205=ORIENTED_EDGE('',*,*,#1323,.F.);
#2206=ORIENTED_EDGE('',*,*,#1551,.T.);
#2207=ORIENTED_EDGE('',*,*,#1559,.F.);
#2208=ORIENTED_EDGE('',*,*,#1560,.T.);
#2209=ORIENTED_EDGE('',*,*,#1561,.T.);
#2210=ORIENTED_EDGE('',*,*,#1562,.T.);
#2211=ORIENTED_EDGE('',*,*,#1563,.F.);
#2212=ORIENTED_EDGE('',*,*,#1564,.T.);
#2213=ORIENTED_EDGE('',*,*,#1565,.T.);
#2214=ORIENTED_EDGE('',*,*,#1566,.F.);
#2215=ORIENTED_EDGE('',*,*,#1560,.F.);
#2216=ORIENTED_EDGE('',*,*,#1567,.T.);
#2217=ORIENTED_EDGE('',*,*,#1564,.F.);
#2218=ORIENTED_EDGE('',*,*,#1568,.F.);
#2219=ORIENTED_EDGE('',*,*,#1569,.F.);
#2220=ORIENTED_EDGE('',*,*,#1570,.T.);
#2221=ORIENTED_EDGE('',*,*,#1565,.F.);
#2222=ORIENTED_EDGE('',*,*,#1567,.F.);
#2223=ORIENTED_EDGE('',*,*,#1559,.T.);
#2224=ORIENTED_EDGE('',*,*,#1571,.T.);
#2225=ORIENTED_EDGE('',*,*,#1572,.T.);
#2226=ORIENTED_EDGE('',*,*,#1488,.F.);
#2227=ORIENTED_EDGE('',*,*,#1573,.T.);
#2228=ORIENTED_EDGE('',*,*,#1569,.T.);
#2229=ORIENTED_EDGE('',*,*,#1487,.F.);
#2230=ORIENTED_EDGE('',*,*,#1574,.F.);
#2231=ORIENTED_EDGE('',*,*,#1575,.T.);
#2232=ORIENTED_EDGE('',*,*,#1574,.T.);
#2233=ORIENTED_EDGE('',*,*,#1486,.F.);
#2234=ORIENTED_EDGE('',*,*,#1576,.F.);
#2235=ORIENTED_EDGE('',*,*,#1577,.T.);
#2236=ORIENTED_EDGE('',*,*,#1576,.T.);
#2237=ORIENTED_EDGE('',*,*,#1492,.F.);
#2238=ORIENTED_EDGE('',*,*,#1578,.F.);
#2239=ORIENTED_EDGE('',*,*,#1579,.T.);
#2240=ORIENTED_EDGE('',*,*,#1578,.T.);
#2241=ORIENTED_EDGE('',*,*,#1491,.F.);
#2242=ORIENTED_EDGE('',*,*,#1580,.F.);
#2243=ORIENTED_EDGE('',*,*,#1581,.T.);
#2244=ORIENTED_EDGE('',*,*,#1580,.T.);
#2245=ORIENTED_EDGE('',*,*,#1490,.F.);
#2246=ORIENTED_EDGE('',*,*,#1317,.F.);
#2247=ORIENTED_EDGE('',*,*,#1582,.T.);
#2248=ORIENTED_EDGE('',*,*,#1315,.T.);
#2249=ORIENTED_EDGE('',*,*,#1489,.F.);
#2250=ORIENTED_EDGE('',*,*,#1572,.F.);
#2251=ORIENTED_EDGE('',*,*,#1583,.T.);
#2252=ORIENTED_EDGE('',*,*,#1548,.T.);
#2253=ORIENTED_EDGE('',*,*,#1267,.F.);
#2254=ORIENTED_EDGE('',*,*,#1584,.F.);
#2255=ORIENTED_EDGE('',*,*,#1585,.T.);
#2256=ORIENTED_EDGE('',*,*,#1584,.T.);
#2257=ORIENTED_EDGE('',*,*,#1266,.F.);
#2258=ORIENTED_EDGE('',*,*,#1586,.F.);
#2259=ORIENTED_EDGE('',*,*,#1587,.T.);
#2260=ORIENTED_EDGE('',*,*,#1586,.T.);
#2261=ORIENTED_EDGE('',*,*,#1265,.F.);
#2262=ORIENTED_EDGE('',*,*,#1550,.F.);
#2263=ORIENTED_EDGE('',*,*,#1588,.T.);
#2264=ORIENTED_EDGE('',*,*,#1561,.F.);
#2265=ORIENTED_EDGE('',*,*,#1568,.T.);
#2266=ORIENTED_EDGE('',*,*,#1563,.T.);
#2267=ORIENTED_EDGE('',*,*,#1587,.F.);
#2268=ORIENTED_EDGE('',*,*,#1566,.T.);
#2269=ORIENTED_EDGE('',*,*,#1570,.F.);
#2270=ORIENTED_EDGE('',*,*,#1573,.F.);
#2271=ORIENTED_EDGE('',*,*,#1575,.F.);
#2272=ORIENTED_EDGE('',*,*,#1577,.F.);
#2273=ORIENTED_EDGE('',*,*,#1579,.F.);
#2274=ORIENTED_EDGE('',*,*,#1581,.F.);
#2275=ORIENTED_EDGE('',*,*,#1316,.F.);
#2276=ORIENTED_EDGE('',*,*,#1582,.F.);
#2277=ORIENTED_EDGE('',*,*,#1571,.F.);
#2278=ORIENTED_EDGE('',*,*,#1562,.F.);
#2279=ORIENTED_EDGE('',*,*,#1588,.F.);
#2280=ORIENTED_EDGE('',*,*,#1549,.F.);
#2281=ORIENTED_EDGE('',*,*,#1583,.F.);
#2282=ORIENTED_EDGE('',*,*,#1585,.F.);
#2283=PLANE('',#2544);
#2284=PLANE('',#2545);
#2285=PLANE('',#2546);
#2286=PLANE('',#2547);
#2287=PLANE('',#2548);
#2288=PLANE('',#2549);
#2289=PLANE('',#2550);
#2290=PLANE('',#2559);
#2291=PLANE('',#2560);
#2292=PLANE('',#2561);
#2293=PLANE('',#2564);
#2294=PLANE('',#2565);
#2295=PLANE('',#2570);
#2296=PLANE('',#2571);
#2297=PLANE('',#2572);
#2298=PLANE('',#2573);
#2299=PLANE('',#2574);
#2300=PLANE('',#2575);
#2301=PLANE('',#2576);
#2302=PLANE('',#2577);
#2303=PLANE('',#2578);
#2304=PLANE('',#2579);
#2305=PLANE('',#2580);
#2306=PLANE('',#2581);
#2307=PLANE('',#2582);
#2308=PLANE('',#2583);
#2309=PLANE('',#2584);
#2310=PLANE('',#2585);
#2311=PLANE('',#2586);
#2312=PLANE('',#2587);
#2313=PLANE('',#2588);
#2314=PLANE('',#2589);
#2315=PLANE('',#2590);
#2316=PLANE('',#2591);
#2317=PLANE('',#2592);
#2318=PLANE('',#2593);
#2319=PLANE('',#2594);
#2320=PLANE('',#2595);
#2321=PLANE('',#2596);
#2322=PLANE('',#2597);
#2323=PLANE('',#2598);
#2324=PLANE('',#2603);
#2325=PLANE('',#2604);
#2326=PLANE('',#2605);
#2327=PLANE('',#2606);
#2328=PLANE('',#2607);
#2329=PLANE('',#2608);
#2330=PLANE('',#2609);
#2331=PLANE('',#2610);
#2332=PLANE('',#2611);
#2333=PLANE('',#2612);
#2334=PLANE('',#2613);
#2335=PLANE('',#2614);
#2336=PLANE('',#2615);
#2337=PLANE('',#2616);
#2338=PLANE('',#2617);
#2339=PLANE('',#2618);
#2340=PLANE('',#2619);
#2341=PLANE('',#2620);
#2342=PLANE('',#2621);
#2343=PLANE('',#2624);
#2344=PLANE('',#2625);
#2345=PLANE('',#2626);
#2346=PLANE('',#2627);
#2347=PLANE('',#2628);
#2348=PLANE('',#2632);
#2349=PLANE('',#2636);
#2350=PLANE('',#2640);
#2351=PLANE('',#2642);
#2352=PLANE('',#2643);
#2353=PLANE('',#2644);
#2354=PLANE('',#2645);
#2355=PLANE('',#2646);
#2356=PLANE('',#2647);
#2357=PLANE('',#2650);
#2358=PLANE('',#2653);
#2359=PLANE('',#2656);
#2360=PLANE('',#2659);
#2361=PLANE('',#2660);
#2362=PLANE('',#2677);
#2363=PLANE('',#2678);
#2364=PLANE('',#2679);
#2365=PLANE('',#2680);
#2366=PLANE('',#2681);
#2367=PLANE('',#2682);
#2368=PLANE('',#2683);
#2369=PLANE('',#2684);
#2370=PLANE('',#2685);
#2371=PLANE('',#2686);
#2372=PLANE('',#2687);
#2373=PLANE('',#2688);
#2374=PLANE('',#2691);
#2375=PLANE('',#2698);
#2376=PLANE('',#2699);
#2377=PLANE('',#2700);
#2378=PLANE('',#2701);
#2379=PLANE('',#2702);
#2380=PLANE('',#2703);
#2381=PLANE('',#2704);
#2382=PLANE('',#2705);
#2383=PLANE('',#2706);
#2384=PLANE('',#2707);
#2385=PLANE('',#2713);
#2386=PLANE('',#2716);
#2387=PLANE('',#2718);
#2388=PLANE('',#2719);
#2389=PLANE('',#2720);
#2390=PLANE('',#2727);
#2391=PLANE('',#2728);
#2392=PLANE('',#2731);
#2393=PLANE('',#2734);
#2394=PLANE('',#2739);
#2395=PLANE('',#2740);
#2396=PLANE('',#2741);
#2397=PLANE('',#2742);
#2398=ADVANCED_FACE('',(#135),#2283,.T.);
#2399=ADVANCED_FACE('',(#136),#2284,.T.);
#2400=ADVANCED_FACE('',(#137),#2285,.T.);
#2401=ADVANCED_FACE('',(#138),#2286,.T.);
#2402=ADVANCED_FACE('',(#139),#2287,.F.);
#2403=ADVANCED_FACE('',(#140),#2288,.F.);
#2404=ADVANCED_FACE('',(#141,#46,#47,#48,#49,#50,#51,#52,#53,#54,#55),#2289,
 .F.);
#2405=ADVANCED_FACE('',(#142),#2290,.F.);
#2406=ADVANCED_FACE('',(#143),#2291,.F.);
#2407=ADVANCED_FACE('',(#144,#56,#57),#2292,.T.);
#2408=ADVANCED_FACE('',(#145),#45,.F.);
#2409=ADVANCED_FACE('',(#146),#2293,.F.);
#2410=ADVANCED_FACE('',(#147,#58),#2294,.T.);
#2411=ADVANCED_FACE('',(#148),#2295,.T.);
#2412=ADVANCED_FACE('',(#149),#2296,.T.);
#2413=ADVANCED_FACE('',(#150),#2297,.T.);
#2414=ADVANCED_FACE('',(#151),#2298,.T.);
#2415=ADVANCED_FACE('',(#152),#2299,.T.);
#2416=ADVANCED_FACE('',(#153),#2300,.T.);
#2417=ADVANCED_FACE('',(#154),#2301,.T.);
#2418=ADVANCED_FACE('',(#155),#2302,.T.);
#2419=ADVANCED_FACE('',(#156),#2303,.T.);
#2420=ADVANCED_FACE('',(#157),#2304,.T.);
#2421=ADVANCED_FACE('',(#158),#2305,.T.);
#2422=ADVANCED_FACE('',(#159),#2306,.T.);
#2423=ADVANCED_FACE('',(#160),#2307,.T.);
#2424=ADVANCED_FACE('',(#161),#2308,.T.);
#2425=ADVANCED_FACE('',(#162),#2309,.T.);
#2426=ADVANCED_FACE('',(#163),#2310,.T.);
#2427=ADVANCED_FACE('',(#164),#2311,.T.);
#2428=ADVANCED_FACE('',(#165),#2312,.T.);
#2429=ADVANCED_FACE('',(#166),#2313,.T.);
#2430=ADVANCED_FACE('',(#167),#2314,.T.);
#2431=ADVANCED_FACE('',(#168),#2315,.T.);
#2432=ADVANCED_FACE('',(#169),#2316,.T.);
#2433=ADVANCED_FACE('',(#170),#2317,.T.);
#2434=ADVANCED_FACE('',(#171),#2318,.T.);
#2435=ADVANCED_FACE('',(#172),#2319,.T.);
#2436=ADVANCED_FACE('',(#173),#2320,.T.);
#2437=ADVANCED_FACE('',(#174),#2321,.T.);
#2438=ADVANCED_FACE('',(#175),#2322,.T.);
#2439=ADVANCED_FACE('',(#176),#2323,.T.);
#2440=ADVANCED_FACE('',(#177),#42,.F.);
#2441=ADVANCED_FACE('',(#178),#15,.F.);
#2442=ADVANCED_FACE('',(#179),#2324,.T.);
#2443=ADVANCED_FACE('',(#180),#2325,.T.);
#2444=ADVANCED_FACE('',(#181),#2326,.T.);
#2445=ADVANCED_FACE('',(#182),#2327,.T.);
#2446=ADVANCED_FACE('',(#183),#2328,.T.);
#2447=ADVANCED_FACE('',(#184),#2329,.T.);
#2448=ADVANCED_FACE('',(#185),#2330,.T.);
#2449=ADVANCED_FACE('',(#186),#2331,.T.);
#2450=ADVANCED_FACE('',(#187),#2332,.T.);
#2451=ADVANCED_FACE('',(#188),#2333,.T.);
#2452=ADVANCED_FACE('',(#189),#2334,.T.);
#2453=ADVANCED_FACE('',(#190),#2335,.T.);
#2454=ADVANCED_FACE('',(#191),#2336,.T.);
#2455=ADVANCED_FACE('',(#192),#2337,.T.);
#2456=ADVANCED_FACE('',(#193),#2338,.T.);
#2457=ADVANCED_FACE('',(#194),#2339,.T.);
#2458=ADVANCED_FACE('',(#195),#2340,.T.);
#2459=ADVANCED_FACE('',(#196),#2341,.T.);
#2460=ADVANCED_FACE('',(#197,#59,#60),#2342,.T.);
#2461=ADVANCED_FACE('',(#198),#2343,.F.);
#2462=ADVANCED_FACE('',(#199),#2344,.F.);
#2463=ADVANCED_FACE('',(#200),#2345,.F.);
#2464=ADVANCED_FACE('',(#201),#2346,.F.);
#2465=ADVANCED_FACE('',(#202),#2347,.F.);
#2466=ADVANCED_FACE('',(#203),#16,.F.);
#2467=ADVANCED_FACE('',(#204),#17,.F.);
#2468=ADVANCED_FACE('',(#205,#61),#2348,.T.);
#2469=ADVANCED_FACE('',(#206),#18,.F.);
#2470=ADVANCED_FACE('',(#207,#62),#2349,.T.);
#2471=ADVANCED_FACE('',(#208),#19,.F.);
#2472=ADVANCED_FACE('',(#209,#63),#2350,.T.);
#2473=ADVANCED_FACE('',(#210),#2351,.T.);
#2474=ADVANCED_FACE('',(#211),#2352,.T.);
#2475=ADVANCED_FACE('',(#212),#2353,.T.);
#2476=ADVANCED_FACE('',(#213),#2354,.T.);
#2477=ADVANCED_FACE('',(#214),#2355,.T.);
#2478=ADVANCED_FACE('',(#215,#64),#2356,.T.);
#2479=ADVANCED_FACE('',(#216,#65),#2357,.T.);
#2480=ADVANCED_FACE('',(#217,#66),#2358,.T.);
#2481=ADVANCED_FACE('',(#218,#67),#2359,.T.);
#2482=ADVANCED_FACE('',(#219),#2360,.F.);
#2483=ADVANCED_FACE('',(#220,#68,#69,#70,#71,#72,#73,#74,#75),#2361,.T.);
#2484=ADVANCED_FACE('',(#221),#20,.F.);
#2485=ADVANCED_FACE('',(#222),#21,.F.);
#2486=ADVANCED_FACE('',(#223),#22,.F.);
#2487=ADVANCED_FACE('',(#224),#23,.F.);
#2488=ADVANCED_FACE('',(#225),#2362,.T.);
#2489=ADVANCED_FACE('',(#226),#2363,.T.);
#2490=ADVANCED_FACE('',(#227),#2364,.T.);
#2491=ADVANCED_FACE('',(#228),#2365,.T.);
#2492=ADVANCED_FACE('',(#229),#2366,.T.);
#2493=ADVANCED_FACE('',(#230),#2367,.T.);
#2494=ADVANCED_FACE('',(#231),#2368,.T.);
#2495=ADVANCED_FACE('',(#232),#2369,.T.);
#2496=ADVANCED_FACE('',(#233),#2370,.F.);
#2497=ADVANCED_FACE('',(#234),#2371,.T.);
#2498=ADVANCED_FACE('',(#235),#2372,.T.);
#2499=ADVANCED_FACE('',(#236),#2373,.T.);
#2500=ADVANCED_FACE('',(#237),#24,.F.);
#2501=ADVANCED_FACE('',(#238),#25,.F.);
#2502=ADVANCED_FACE('',(#239),#2374,.T.);
#2503=ADVANCED_FACE('',(#240),#26,.F.);
#2504=ADVANCED_FACE('',(#241),#27,.F.);
#2505=ADVANCED_FACE('',(#242),#28,.F.);
#2506=ADVANCED_FACE('',(#243),#29,.F.);
#2507=ADVANCED_FACE('',(#244),#30,.F.);
#2508=ADVANCED_FACE('',(#245),#31,.F.);
#2509=ADVANCED_FACE('',(#246),#2375,.T.);
#2510=ADVANCED_FACE('',(#247),#2376,.T.);
#2511=ADVANCED_FACE('',(#248),#2377,.T.);
#2512=ADVANCED_FACE('',(#249),#2378,.T.);
#2513=ADVANCED_FACE('',(#250),#2379,.T.);
#2514=ADVANCED_FACE('',(#251),#2380,.F.);
#2515=ADVANCED_FACE('',(#252),#2381,.F.);
#2516=ADVANCED_FACE('',(#253),#2382,.F.);
#2517=ADVANCED_FACE('',(#254),#2383,.F.);
#2518=ADVANCED_FACE('',(#255),#2384,.T.);
#2519=ADVANCED_FACE('',(#256),#32,.F.);
#2520=ADVANCED_FACE('',(#257),#2385,.F.);
#2521=ADVANCED_FACE('',(#258),#33,.F.);
#2522=ADVANCED_FACE('',(#259),#34,.F.);
#2523=ADVANCED_FACE('',(#260),#2386,.F.);
#2524=ADVANCED_FACE('',(#261),#35,.F.);
#2525=ADVANCED_FACE('',(#262),#2387,.F.);
#2526=ADVANCED_FACE('',(#263),#2388,.F.);
#2527=ADVANCED_FACE('',(#264),#2389,.F.);
#2528=ADVANCED_FACE('',(#265),#36,.F.);
#2529=ADVANCED_FACE('',(#266),#37,.F.);
#2530=ADVANCED_FACE('',(#267),#2390,.T.);
#2531=ADVANCED_FACE('',(#268),#2391,.T.);
#2532=ADVANCED_FACE('',(#269),#38,.T.);
#2533=ADVANCED_FACE('',(#270),#2392,.T.);
#2534=ADVANCED_FACE('',(#271),#39,.T.);
#2535=ADVANCED_FACE('',(#272),#2393,.T.);
#2536=ADVANCED_FACE('',(#273),#40,.T.);
#2537=ADVANCED_FACE('',(#274),#41,.T.);
#2538=ADVANCED_FACE('',(#275),#2394,.T.);
#2539=ADVANCED_FACE('',(#276),#2395,.T.);
#2540=ADVANCED_FACE('',(#277),#2396,.T.);
#2541=ADVANCED_FACE('',(#278),#2397,.F.);
#2542=CLOSED_SHELL('',(#2398,#2399,#2400,#2401,#2402,#2403,#2404,#2405,
#2406,#2407,#2408,#2409,#2410,#2411,#2412,#2413,#2414,#2415,#2416,#2417,
#2418,#2419,#2420,#2421,#2422,#2423,#2424,#2425,#2426,#2427,#2428,#2429,
#2430,#2431,#2432,#2433,#2434,#2435,#2436,#2437,#2438,#2439,#2440,#2441,
#2442,#2443,#2444,#2445,#2446,#2447,#2448,#2449,#2450,#2451,#2452,#2453,
#2454,#2455,#2456,#2457,#2458,#2459,#2460,#2461,#2462,#2463,#2464,#2465,
#2466,#2467,#2468,#2469,#2470,#2471,#2472,#2473,#2474,#2475,#2476,#2477,
#2478,#2479,#2480,#2481,#2482,#2483,#2484,#2485,#2486,#2487,#2488,#2489,
#2490,#2491,#2492,#2493,#2494,#2495,#2496,#2497,#2498,#2499,#2500,#2501,
#2502,#2503,#2504,#2505,#2506,#2507,#2508,#2509,#2510,#2511,#2512,#2513,
#2514,#2515,#2516,#2517,#2518,#2519,#2520,#2521,#2522,#2523,#2524,#2525,
#2526,#2527,#2528,#2529,#2530,#2531,#2532,#2533,#2534,#2535,#2536,#2537,
#2538,#2539,#2540,#2541));
#2543=AXIS2_PLACEMENT_3D('',#3429,#2743,#2744);
#2544=AXIS2_PLACEMENT_3D('',#3430,#2745,#2746);
#2545=AXIS2_PLACEMENT_3D('',#3439,#2751,#2752);
#2546=AXIS2_PLACEMENT_3D('',#3445,#2756,#2757);
#2547=AXIS2_PLACEMENT_3D('',#3451,#2761,#2762);
#2548=AXIS2_PLACEMENT_3D('',#3454,#2765,#2766);
#2549=AXIS2_PLACEMENT_3D('',#3460,#2770,#2771);
#2550=AXIS2_PLACEMENT_3D('',#3464,#2774,#2775);
#2551=AXIS2_PLACEMENT_3D('',#3493,#2787,#2788);
#2552=AXIS2_PLACEMENT_3D('',#3495,#2789,#2790);
#2553=AXIS2_PLACEMENT_3D('',#3497,#2791,#2792);
#2554=AXIS2_PLACEMENT_3D('',#3499,#2793,#2794);
#2555=AXIS2_PLACEMENT_3D('',#3501,#2795,#2796);
#2556=AXIS2_PLACEMENT_3D('',#3506,#2798,#2799);
#2557=AXIS2_PLACEMENT_3D('',#3518,#2805,#2806);
#2558=AXIS2_PLACEMENT_3D('',#3520,#2807,#2808);
#2559=AXIS2_PLACEMENT_3D('',#3558,#2828,#2829);
#2560=AXIS2_PLACEMENT_3D('',#3562,#2832,#2833);
#2561=AXIS2_PLACEMENT_3D('',#3564,#2835,#2836);
#2562=AXIS2_PLACEMENT_3D('',#3566,#2837,#2838);
#2563=AXIS2_PLACEMENT_3D('',#3568,#2839,#2840);
#2564=AXIS2_PLACEMENT_3D('',#3624,#2842,#2843);
#2565=AXIS2_PLACEMENT_3D('',#3630,#2847,#2848);
#2566=AXIS2_PLACEMENT_3D('',#3640,#2853,#2854);
#2567=AXIS2_PLACEMENT_3D('',#3642,#2855,#2856);
#2568=AXIS2_PLACEMENT_3D('',#3646,#2858,#2859);
#2569=AXIS2_PLACEMENT_3D('',#3654,#2863,#2864);
#2570=AXIS2_PLACEMENT_3D('',#3656,#2866,#2867);
#2571=AXIS2_PLACEMENT_3D('',#3662,#2871,#2872);
#2572=AXIS2_PLACEMENT_3D('',#3666,#2875,#2876);
#2573=AXIS2_PLACEMENT_3D('',#3670,#2879,#2880);
#2574=AXIS2_PLACEMENT_3D('',#3678,#2885,#2886);
#2575=AXIS2_PLACEMENT_3D('',#3682,#2889,#2890);
#2576=AXIS2_PLACEMENT_3D('',#3688,#2894,#2895);
#2577=AXIS2_PLACEMENT_3D('',#3692,#2898,#2899);
#2578=AXIS2_PLACEMENT_3D('',#3696,#2902,#2903);
#2579=AXIS2_PLACEMENT_3D('',#3700,#2906,#2907);
#2580=AXIS2_PLACEMENT_3D('',#3704,#2910,#2911);
#2581=AXIS2_PLACEMENT_3D('',#3706,#2913,#2914);
#2582=AXIS2_PLACEMENT_3D('',#3712,#2918,#2919);
#2583=AXIS2_PLACEMENT_3D('',#3716,#2922,#2923);
#2584=AXIS2_PLACEMENT_3D('',#3722,#2927,#2928);
#2585=AXIS2_PLACEMENT_3D('',#3724,#2930,#2931);
#2586=AXIS2_PLACEMENT_3D('',#3728,#2934,#2935);
#2587=AXIS2_PLACEMENT_3D('',#3732,#2938,#2939);
#2588=AXIS2_PLACEMENT_3D('',#3736,#2942,#2943);
#2589=AXIS2_PLACEMENT_3D('',#3738,#2945,#2946);
#2590=AXIS2_PLACEMENT_3D('',#3744,#2950,#2951);
#2591=AXIS2_PLACEMENT_3D('',#3748,#2954,#2955);
#2592=AXIS2_PLACEMENT_3D('',#3752,#2958,#2959);
#2593=AXIS2_PLACEMENT_3D('',#3756,#2962,#2963);
#2594=AXIS2_PLACEMENT_3D('',#3762,#2967,#2968);
#2595=AXIS2_PLACEMENT_3D('',#3770,#2971,#2972);
#2596=AXIS2_PLACEMENT_3D('',#3777,#2975,#2976);
#2597=AXIS2_PLACEMENT_3D('',#3779,#2978,#2979);
#2598=AXIS2_PLACEMENT_3D('',#3785,#2983,#2984);
#2599=AXIS2_PLACEMENT_3D('',#3789,#2987,#2988);
#2600=AXIS2_PLACEMENT_3D('',#3791,#2989,#2990);
#2601=AXIS2_PLACEMENT_3D('',#3793,#2992,#2993);
#2602=AXIS2_PLACEMENT_3D('',#3795,#2994,#2995);
#2603=AXIS2_PLACEMENT_3D('',#3797,#2997,#2998);
#2604=AXIS2_PLACEMENT_3D('',#3806,#3003,#3004);
#2605=AXIS2_PLACEMENT_3D('',#3812,#3008,#3009);
#2606=AXIS2_PLACEMENT_3D('',#3818,#3013,#3014);
#2607=AXIS2_PLACEMENT_3D('',#3821,#3017,#3018);
#2608=AXIS2_PLACEMENT_3D('',#3827,#3022,#3023);
#2609=AXIS2_PLACEMENT_3D('',#3831,#3026,#3027);
#2610=AXIS2_PLACEMENT_3D('',#3839,#3032,#3033);
#2611=AXIS2_PLACEMENT_3D('',#3845,#3037,#3038);
#2612=AXIS2_PLACEMENT_3D('',#3850,#3042,#3043);
#2613=AXIS2_PLACEMENT_3D('',#3852,#3045,#3046);
#2614=AXIS2_PLACEMENT_3D('',#3858,#3050,#3051);
#2615=AXIS2_PLACEMENT_3D('',#3862,#3054,#3055);
#2616=AXIS2_PLACEMENT_3D('',#3868,#3059,#3060);
#2617=AXIS2_PLACEMENT_3D('',#3874,#3064,#3065);
#2618=AXIS2_PLACEMENT_3D('',#3880,#3069,#3070);
#2619=AXIS2_PLACEMENT_3D('',#3883,#3073,#3074);
#2620=AXIS2_PLACEMENT_3D('',#3889,#3078,#3079);
#2621=AXIS2_PLACEMENT_3D('',#3893,#3082,#3083);
#2622=AXIS2_PLACEMENT_3D('',#3896,#3084,#3085);
#2623=AXIS2_PLACEMENT_3D('',#3907,#3091,#3092);
#2624=AXIS2_PLACEMENT_3D('',#3908,#3093,#3094);
#2625=AXIS2_PLACEMENT_3D('',#3911,#3097,#3098);
#2626=AXIS2_PLACEMENT_3D('',#3913,#3100,#3101);
#2627=AXIS2_PLACEMENT_3D('',#3915,#3103,#3104);
#2628=AXIS2_PLACEMENT_3D('',#3917,#3106,#3107);
#2629=AXIS2_PLACEMENT_3D('',#3919,#3109,#3110);
#2630=AXIS2_PLACEMENT_3D('',#3920,#3111,#3112);
#2631=AXIS2_PLACEMENT_3D('',#3923,#3114,#3115);
#2632=AXIS2_PLACEMENT_3D('',#3924,#3116,#3117);
#2633=AXIS2_PLACEMENT_3D('',#3926,#3118,#3119);
#2634=AXIS2_PLACEMENT_3D('',#3927,#3120,#3121);
#2635=AXIS2_PLACEMENT_3D('',#3930,#3123,#3124);
#2636=AXIS2_PLACEMENT_3D('',#3931,#3125,#3126);
#2637=AXIS2_PLACEMENT_3D('',#3933,#3127,#3128);
#2638=AXIS2_PLACEMENT_3D('',#3934,#3129,#3130);
#2639=AXIS2_PLACEMENT_3D('',#3937,#3132,#3133);
#2640=AXIS2_PLACEMENT_3D('',#3938,#3134,#3135);
#2641=AXIS2_PLACEMENT_3D('',#3940,#3136,#3137);
#2642=AXIS2_PLACEMENT_3D('',#3941,#3138,#3139);
#2643=AXIS2_PLACEMENT_3D('',#3945,#3142,#3143);
#2644=AXIS2_PLACEMENT_3D('',#3949,#3146,#3147);
#2645=AXIS2_PLACEMENT_3D('',#3951,#3149,#3150);
#2646=AXIS2_PLACEMENT_3D('',#3955,#3153,#3154);
#2647=AXIS2_PLACEMENT_3D('',#3957,#3156,#3157);
#2648=AXIS2_PLACEMENT_3D('',#3959,#3158,#3159);
#2649=AXIS2_PLACEMENT_3D('',#3961,#3160,#3161);
#2650=AXIS2_PLACEMENT_3D('',#3962,#3162,#3163);
#2651=AXIS2_PLACEMENT_3D('',#3964,#3164,#3165);
#2652=AXIS2_PLACEMENT_3D('',#3966,#3166,#3167);
#2653=AXIS2_PLACEMENT_3D('',#3967,#3168,#3169);
#2654=AXIS2_PLACEMENT_3D('',#3969,#3170,#3171);
#2655=AXIS2_PLACEMENT_3D('',#3971,#3172,#3173);
#2656=AXIS2_PLACEMENT_3D('',#3972,#3174,#3175);
#2657=AXIS2_PLACEMENT_3D('',#3974,#3176,#3177);
#2658=AXIS2_PLACEMENT_3D('',#3976,#3178,#3179);
#2659=AXIS2_PLACEMENT_3D('',#3977,#3180,#3181);
#2660=AXIS2_PLACEMENT_3D('',#3981,#3184,#3185);
#2661=AXIS2_PLACEMENT_3D('',#3986,#3187,#3188);
#2662=AXIS2_PLACEMENT_3D('',#3989,#3190,#3191);
#2663=AXIS2_PLACEMENT_3D('',#3991,#3192,#3193);
#2664=AXIS2_PLACEMENT_3D('',#3994,#3195,#3196);
#2665=AXIS2_PLACEMENT_3D('',#3996,#3197,#3198);
#2666=AXIS2_PLACEMENT_3D('',#3998,#3199,#3200);
#2667=AXIS2_PLACEMENT_3D('',#4000,#3201,#3202);
#2668=AXIS2_PLACEMENT_3D('',#4002,#3203,#3204);
#2669=AXIS2_PLACEMENT_3D('',#4004,#3205,#3206);
#2670=AXIS2_PLACEMENT_3D('',#4006,#3207,#3208);
#2671=AXIS2_PLACEMENT_3D('',#4008,#3209,#3210);
#2672=AXIS2_PLACEMENT_3D('',#4010,#3211,#3212);
#2673=AXIS2_PLACEMENT_3D('',#4011,#3213,#3214);
#2674=AXIS2_PLACEMENT_3D('',#4013,#3216,#3217);
#2675=AXIS2_PLACEMENT_3D('',#4015,#3219,#3220);
#2676=AXIS2_PLACEMENT_3D('',#4017,#3222,#3223);
#2677=AXIS2_PLACEMENT_3D('',#4019,#3225,#3226);
#2678=AXIS2_PLACEMENT_3D('',#4029,#3232,#3233);
#2679=AXIS2_PLACEMENT_3D('',#4031,#3235,#3236);
#2680=AXIS2_PLACEMENT_3D('',#4033,#3238,#3239);
#2681=AXIS2_PLACEMENT_3D('',#4035,#3241,#3242);
#2682=AXIS2_PLACEMENT_3D('',#4036,#3243,#3244);
#2683=AXIS2_PLACEMENT_3D('',#4044,#3249,#3250);
#2684=AXIS2_PLACEMENT_3D('',#4047,#3253,#3254);
#2685=AXIS2_PLACEMENT_3D('',#4048,#3255,#3256);
#2686=AXIS2_PLACEMENT_3D('',#4049,#3257,#3258);
#2687=AXIS2_PLACEMENT_3D('',#4050,#3259,#3260);
#2688=AXIS2_PLACEMENT_3D('',#4052,#3262,#3263);
#2689=AXIS2_PLACEMENT_3D('',#4053,#3264,#3265);
#2690=AXIS2_PLACEMENT_3D('',#4055,#3267,#3268);
#2691=AXIS2_PLACEMENT_3D('',#4057,#3270,#3271);
#2692=AXIS2_PLACEMENT_3D('',#4058,#3272,#3273);
#2693=AXIS2_PLACEMENT_3D('',#4060,#3275,#3276);
#2694=AXIS2_PLACEMENT_3D('',#4062,#3278,#3279);
#2695=AXIS2_PLACEMENT_3D('',#4064,#3281,#3282);
#2696=AXIS2_PLACEMENT_3D('',#4066,#3284,#3285);
#2697=AXIS2_PLACEMENT_3D('',#4068,#3287,#3288);
#2698=AXIS2_PLACEMENT_3D('',#4070,#3290,#3291);
#2699=AXIS2_PLACEMENT_3D('',#4072,#3293,#3294);
#2700=AXIS2_PLACEMENT_3D('',#4073,#3295,#3296);
#2701=AXIS2_PLACEMENT_3D('',#4075,#3298,#3299);
#2702=AXIS2_PLACEMENT_3D('',#4077,#3301,#3302);
#2703=AXIS2_PLACEMENT_3D('',#4078,#3303,#3304);
#2704=AXIS2_PLACEMENT_3D('',#4084,#3308,#3309);
#2705=AXIS2_PLACEMENT_3D('',#4090,#3313,#3314);
#2706=AXIS2_PLACEMENT_3D('',#4093,#3317,#3318);
#2707=AXIS2_PLACEMENT_3D('',#4094,#3319,#3320);
#2708=AXIS2_PLACEMENT_3D('',#4096,#3321,#3322);
#2709=AXIS2_PLACEMENT_3D('',#4100,#3324,#3325);
#2710=AXIS2_PLACEMENT_3D('',#4108,#3329,#3330);
#2711=AXIS2_PLACEMENT_3D('',#4111,#3332,#3333);
#2712=AXIS2_PLACEMENT_3D('',#4117,#3337,#3338);
#2713=AXIS2_PLACEMENT_3D('',#4120,#3341,#3342);
#2714=AXIS2_PLACEMENT_3D('',#4122,#3344,#3345);
#2715=AXIS2_PLACEMENT_3D('',#4123,#3346,#3347);
#2716=AXIS2_PLACEMENT_3D('',#4125,#3349,#3350);
#2717=AXIS2_PLACEMENT_3D('',#4127,#3352,#3353);
#2718=AXIS2_PLACEMENT_3D('',#4129,#3355,#3356);
#2719=AXIS2_PLACEMENT_3D('',#4131,#3358,#3359);
#2720=AXIS2_PLACEMENT_3D('',#4133,#3361,#3362);
#2721=AXIS2_PLACEMENT_3D('',#4134,#3363,#3364);
#2722=AXIS2_PLACEMENT_3D('',#4137,#3365,#3366);
#2723=AXIS2_PLACEMENT_3D('',#4141,#3368,#3369);
#2724=AXIS2_PLACEMENT_3D('',#4143,#3371,#3372);
#2725=AXIS2_PLACEMENT_3D('',#4146,#3373,#3374);
#2726=AXIS2_PLACEMENT_3D('',#4150,#3376,#3377);
#2727=AXIS2_PLACEMENT_3D('',#4152,#3379,#3380);
#2728=AXIS2_PLACEMENT_3D('',#4155,#3383,#3384);
#2729=AXIS2_PLACEMENT_3D('',#4162,#3389,#3390);
#2730=AXIS2_PLACEMENT_3D('',#4164,#3391,#3392);
#2731=AXIS2_PLACEMENT_3D('',#4166,#3394,#3395);
#2732=AXIS2_PLACEMENT_3D('',#4170,#3398,#3399);
#2733=AXIS2_PLACEMENT_3D('',#4172,#3400,#3401);
#2734=AXIS2_PLACEMENT_3D('',#4174,#3403,#3404);
#2735=AXIS2_PLACEMENT_3D('',#4178,#3407,#3408);
#2736=AXIS2_PLACEMENT_3D('',#4179,#3409,#3410);
#2737=AXIS2_PLACEMENT_3D('',#4180,#3411,#3412);
#2738=AXIS2_PLACEMENT_3D('',#4181,#3413,#3414);
#2739=AXIS2_PLACEMENT_3D('',#4182,#3415,#3416);
#2740=AXIS2_PLACEMENT_3D('',#4186,#3419,#3420);
#2741=AXIS2_PLACEMENT_3D('',#4190,#3423,#3424);
#2742=AXIS2_PLACEMENT_3D('',#4193,#3427,#3428);
#2743=DIRECTION('axis',(0.,0.,1.));
#2744=DIRECTION('refdir',(1.,0.,0.));
#2745=DIRECTION('center_axis',(0.,0.707106781186548,0.707106781186548));
#2746=DIRECTION('ref_axis',(1.,0.,0.));
#2747=DIRECTION('',(1.,0.,0.));
#2748=DIRECTION('',(-0.577350269189626,0.577350269189626,-0.577350269189626));
#2749=DIRECTION('',(-1.,0.,0.));
#2750=DIRECTION('',(-0.577350269189626,-0.577350269189626,0.577350269189626));
#2751=DIRECTION('center_axis',(-0.707106781186548,0.,0.707106781186548));
#2752=DIRECTION('ref_axis',(0.707106781186548,0.,0.707106781186548));
#2753=DIRECTION('',(0.,1.,0.));
#2754=DIRECTION('',(-0.577350269189627,-0.577350269189625,-0.577350269189625));
#2755=DIRECTION('',(0.,-1.,0.));
#2756=DIRECTION('center_axis',(0.,-0.707106781186548,0.707106781186548));
#2757=DIRECTION('ref_axis',(1.,0.,0.));
#2758=DIRECTION('',(1.,0.,0.));
#2759=DIRECTION('',(-1.,0.,0.));
#2760=DIRECTION('',(0.577350269189626,-0.577350269189625,-0.577350269189626));
#2761=DIRECTION('center_axis',(0.707106781186548,0.,0.707106781186548));
#2762=DIRECTION('ref_axis',(0.707106781186548,0.,-0.707106781186548));
#2763=DIRECTION('',(0.,-1.,0.));
#2764=DIRECTION('',(0.,1.,0.));
#2765=DIRECTION('center_axis',(-1.,0.,0.));
#2766=DIRECTION('ref_axis',(0.,1.,0.));
#2767=DIRECTION('',(0.,0.,-1.));
#2768=DIRECTION('',(0.,1.,0.));
#2769=DIRECTION('',(0.,0.,-1.));
#2770=DIRECTION('center_axis',(0.,-1.,0.));
#2771=DIRECTION('ref_axis',(-1.,0.,0.));
#2772=DIRECTION('',(0.,0.,-1.));
#2773=DIRECTION('',(-1.,0.,0.));
#2774=DIRECTION('center_axis',(0.,0.,-1.));
#2775=DIRECTION('ref_axis',(1.,0.,0.));
#2776=DIRECTION('',(-1.,-3.70074341541719E-16,0.));
#2777=DIRECTION('',(5.67018909410192E-17,-1.,0.));
#2778=DIRECTION('',(-1.,0.,0.));
#2779=DIRECTION('',(0.,-1.,0.));
#2780=DIRECTION('',(1.,0.,0.));
#2781=DIRECTION('',(5.67018909410192E-17,-1.,0.));
#2782=DIRECTION('',(1.,0.,0.));
#2783=DIRECTION('',(0.,1.,0.));
#2784=DIRECTION('',(-1.,0.,0.));
#2785=DIRECTION('',(5.67018909410192E-17,-1.,0.));
#2786=DIRECTION('',(1.,3.70074341541719E-16,0.));
#2787=DIRECTION('center_axis',(0.,0.,1.));
#2788=DIRECTION('ref_axis',(1.,0.,0.));
#2789=DIRECTION('center_axis',(0.,0.,1.));
#2790=DIRECTION('ref_axis',(1.,0.,0.));
#2791=DIRECTION('center_axis',(0.,0.,-1.));
#2792=DIRECTION('ref_axis',(-1.,0.,0.));
#2793=DIRECTION('center_axis',(0.,0.,-1.));
#2794=DIRECTION('ref_axis',(-1.,0.,0.));
#2795=DIRECTION('center_axis',(0.,0.,-1.));
#2796=DIRECTION('ref_axis',(-1.,0.,0.));
#2797=DIRECTION('',(-1.,0.,0.));
#2798=DIRECTION('center_axis',(0.,0.,-1.));
#2799=DIRECTION('ref_axis',(-1.,0.,0.));
#2800=DIRECTION('',(-1.,0.,0.));
#2801=DIRECTION('',(0.,1.,0.));
#2802=DIRECTION('',(1.,0.,0.));
#2803=DIRECTION('',(0.,-1.,0.));
#2804=DIRECTION('',(1.,0.,0.));
#2805=DIRECTION('center_axis',(0.,0.,1.));
#2806=DIRECTION('ref_axis',(1.,0.,0.));
#2807=DIRECTION('center_axis',(0.,0.,1.));
#2808=DIRECTION('ref_axis',(1.,0.,0.));
#2809=DIRECTION('',(0.,-1.,0.));
#2810=DIRECTION('',(-1.,0.,0.));
#2811=DIRECTION('',(0.,1.,0.));
#2812=DIRECTION('',(0.,-1.,0.));
#2813=DIRECTION('',(-1.,0.,0.));
#2814=DIRECTION('',(0.,-1.,0.));
#2815=DIRECTION('',(-1.,0.,0.));
#2816=DIRECTION('',(0.,1.,0.));
#2817=DIRECTION('',(1.,0.,0.));
#2818=DIRECTION('',(0.,-1.,0.));
#2819=DIRECTION('',(1.,0.,0.));
#2820=DIRECTION('',(-1.,0.,0.));
#2821=DIRECTION('',(1.31328589686999E-15,1.,0.));
#2822=DIRECTION('',(1.,0.,0.));
#2823=DIRECTION('',(0.,1.,0.));
#2824=DIRECTION('',(1.,0.,0.));
#2825=DIRECTION('',(-9.47920259921718E-15,-1.,0.));
#2826=DIRECTION('',(1.,0.,0.));
#2827=DIRECTION('',(0.,-1.,0.));
#2828=DIRECTION('center_axis',(1.,0.,0.));
#2829=DIRECTION('ref_axis',(0.,-1.,0.));
#2830=DIRECTION('',(0.,0.,-1.));
#2831=DIRECTION('',(0.,-1.,0.));
#2832=DIRECTION('center_axis',(0.,1.,0.));
#2833=DIRECTION('ref_axis',(1.,0.,0.));
#2834=DIRECTION('',(1.,0.,0.));
#2835=DIRECTION('center_axis',(0.,0.,1.));
#2836=DIRECTION('ref_axis',(-1.,0.,0.));
#2837=DIRECTION('center_axis',(0.,0.,1.));
#2838=DIRECTION('ref_axis',(1.,0.,0.));
#2839=DIRECTION('center_axis',(0.,0.,1.));
#2840=DIRECTION('ref_axis',(1.,0.,0.));
#2841=DIRECTION('',(1.06738640750739E-16,0.999986785344419,0.00514092759479772));
#2842=DIRECTION('center_axis',(-1.90252539455842E-18,0.00514092759479772,
-0.999986785344419));
#2843=DIRECTION('ref_axis',(1.06738640750739E-16,0.999986785344419,0.00514092759479772));
#2844=DIRECTION('',(1.11299083048648E-16,0.999986785344419,0.00514092759479772));
#2845=DIRECTION('',(1.,3.70074341541719E-16,0.));
#2846=DIRECTION('',(1.,3.70074341541719E-16,0.));
#2847=DIRECTION('center_axis',(-1.,1.11300553847134E-16,0.));
#2848=DIRECTION('ref_axis',(1.11300553847134E-16,1.,0.));
#2849=DIRECTION('',(0.,0.,-1.));
#2850=DIRECTION('',(1.11300553847134E-16,1.,0.));
#2851=DIRECTION('',(0.,0.,-1.));
#2852=DIRECTION('',(1.11300553847134E-16,1.,0.));
#2853=DIRECTION('center_axis',(1.,-1.11300553847134E-16,0.));
#2854=DIRECTION('ref_axis',(-1.38431451512765E-16,0.00223926071045932,-0.999997492852592));
#2855=DIRECTION('center_axis',(1.,-1.11300553847134E-16,0.));
#2856=DIRECTION('ref_axis',(2.58133919269284E-18,0.999826129385423,0.0186470104350307));
#2857=DIRECTION('',(-3.53693108073481E-19,-0.00317781983869787,0.999994950717789));
#2858=DIRECTION('center_axis',(1.,-1.11300553847134E-16,0.));
#2859=DIRECTION('ref_axis',(1.38431641609848E-16,-0.00150594052780756,0.99999886607092));
#2860=DIRECTION('',(-1.11300517293999E-16,-0.999999671581737,-0.00081045445178904));
#2861=DIRECTION('',(-1.11300517292329E-16,-0.999999671566738,-0.000810472958817178));
#2862=DIRECTION('',(-1.11300517260533E-16,-0.999999671281058,-0.00081082536744689));
#2863=DIRECTION('center_axis',(1.,-1.11300553847134E-16,0.));
#2864=DIRECTION('ref_axis',(-6.23043162122016E-19,-0.999989871695522,-0.00450072287224056));
#2865=DIRECTION('',(-1.09785592709163E-18,-0.00986388557059193,-0.999951350697348));
#2866=DIRECTION('center_axis',(0.707106781186547,0.,0.707106781186548));
#2867=DIRECTION('ref_axis',(0.707106781186548,0.,-0.707106781186547));
#2868=DIRECTION('',(0.,1.,0.));
#2869=DIRECTION('',(0.577350269189627,-0.577350269189625,-0.577350269189625));
#2870=DIRECTION('',(0.577350269189626,0.577350269189626,-0.577350269189625));
#2871=DIRECTION('center_axis',(0.,0.707106781186547,0.707106781186548));
#2872=DIRECTION('ref_axis',(1.,0.,0.));
#2873=DIRECTION('',(-1.,0.,0.));
#2874=DIRECTION('',(0.577350269189629,0.577350269189625,-0.577350269189623));
#2875=DIRECTION('center_axis',(0.70710678118655,-6.70280843814764E-15,0.707106781186545));
#2876=DIRECTION('ref_axis',(0.707106781186545,0.,-0.70710678118655));
#2877=DIRECTION('',(-0.577350269189627,-0.577350269189625,0.577350269189625));
#2878=DIRECTION('',(9.47920259921718E-15,1.,0.));
#2879=DIRECTION('center_axis',(1.,0.,0.));
#2880=DIRECTION('ref_axis',(0.,-1.,0.));
#2881=DIRECTION('',(0.,0.,-1.));
#2882=DIRECTION('',(0.,1.,0.));
#2883=DIRECTION('',(0.,0.,-1.));
#2884=DIRECTION('',(0.,0.707106781186548,0.707106781186548));
#2885=DIRECTION('center_axis',(0.,1.,0.));
#2886=DIRECTION('ref_axis',(1.,0.,0.));
#2887=DIRECTION('',(0.,0.,-1.));
#2888=DIRECTION('',(-1.,0.,0.));
#2889=DIRECTION('center_axis',(1.,-9.47920259921718E-15,0.));
#2890=DIRECTION('ref_axis',(-9.47920259921718E-15,-1.,0.));
#2891=DIRECTION('',(6.70280843814762E-15,0.707106781186548,-0.707106781186548));
#2892=DIRECTION('',(0.,0.,-1.));
#2893=DIRECTION('',(9.47920259921718E-15,1.,0.));
#2894=DIRECTION('center_axis',(0.,-0.707106781186548,0.707106781186548));
#2895=DIRECTION('ref_axis',(1.,0.,0.));
#2896=DIRECTION('',(1.,0.,0.));
#2897=DIRECTION('',(0.577350269189628,0.577350269189625,0.577350269189625));
#2898=DIRECTION('center_axis',(0.,0.707106781186548,0.707106781186548));
#2899=DIRECTION('ref_axis',(1.,0.,0.));
#2900=DIRECTION('',(-1.,0.,0.));
#2901=DIRECTION('',(-0.577350269189626,0.577350269189626,-0.577350269189626));
#2902=DIRECTION('center_axis',(-0.707106781186548,0.,0.707106781186548));
#2903=DIRECTION('ref_axis',(0.707106781186548,0.,0.707106781186548));
#2904=DIRECTION('',(0.,-1.,0.));
#2905=DIRECTION('',(-0.577350269189626,0.577350269189626,-0.577350269189626));
#2906=DIRECTION('center_axis',(0.,0.707106781186548,0.707106781186548));
#2907=DIRECTION('ref_axis',(1.,0.,0.));
#2908=DIRECTION('',(-1.,0.,0.));
#2909=DIRECTION('',(-0.577350269189626,0.577350269189626,-0.577350269189626));
#2910=DIRECTION('center_axis',(-0.707106781186548,9.28633363313429E-16,
0.707106781186548));
#2911=DIRECTION('ref_axis',(0.707106781186548,0.,0.707106781186548));
#2912=DIRECTION('',(-1.31328589686999E-15,-1.,0.));
#2913=DIRECTION('center_axis',(0.,-0.707106781186548,0.707106781186548));
#2914=DIRECTION('ref_axis',(1.,0.,0.));
#2915=DIRECTION('',(0.577350269189626,-0.577350269189626,-0.577350269189626));
#2916=DIRECTION('',(1.,0.,0.));
#2917=DIRECTION('',(-0.577350269189626,-0.577350269189626,-0.577350269189626));
#2918=DIRECTION('center_axis',(0.707106781186548,0.,0.707106781186548));
#2919=DIRECTION('ref_axis',(0.707106781186548,0.,-0.707106781186548));
#2920=DIRECTION('',(0.577350269189626,-0.577350269189626,-0.577350269189626));
#2921=DIRECTION('',(0.,1.,0.));
#2922=DIRECTION('center_axis',(0.707106781186548,0.,0.707106781186548));
#2923=DIRECTION('ref_axis',(0.707106781186548,0.,-0.707106781186548));
#2924=DIRECTION('',(0.,1.,0.));
#2925=DIRECTION('',(-0.577350269189626,0.577350269189626,0.577350269189626));
#2926=DIRECTION('',(0.577350269189626,0.577350269189626,-0.577350269189626));
#2927=DIRECTION('center_axis',(0.,-0.707106781186548,0.707106781186548));
#2928=DIRECTION('ref_axis',(1.,0.,0.));
#2929=DIRECTION('',(1.,0.,0.));
#2930=DIRECTION('center_axis',(0.,0.707106781186548,0.707106781186548));
#2931=DIRECTION('ref_axis',(1.,0.,0.));
#2932=DIRECTION('',(-1.,0.,0.));
#2933=DIRECTION('',(0.577350269189626,0.577350269189626,-0.577350269189626));
#2934=DIRECTION('center_axis',(0.707106781186548,0.,0.707106781186548));
#2935=DIRECTION('ref_axis',(0.707106781186548,0.,-0.707106781186548));
#2936=DIRECTION('',(0.,1.,0.));
#2937=DIRECTION('',(0.577350269189627,0.577350269189624,-0.577350269189627));
#2938=DIRECTION('center_axis',(0.,0.707106781186549,0.707106781186546));
#2939=DIRECTION('ref_axis',(1.,0.,0.));
#2940=DIRECTION('',(-1.,0.,0.));
#2941=DIRECTION('',(-0.577350269189627,0.577350269189624,-0.577350269189627));
#2942=DIRECTION('center_axis',(-0.707106781186548,0.,0.707106781186548));
#2943=DIRECTION('ref_axis',(0.707106781186548,0.,0.707106781186548));
#2944=DIRECTION('',(0.,-1.,0.));
#2945=DIRECTION('center_axis',(0.,-1.,0.));
#2946=DIRECTION('ref_axis',(-1.,0.,0.));
#2947=DIRECTION('',(0.,0.,-1.));
#2948=DIRECTION('',(1.,0.,0.));
#2949=DIRECTION('',(0.,0.,-1.));
#2950=DIRECTION('center_axis',(1.,0.,0.));
#2951=DIRECTION('ref_axis',(0.,-1.,0.));
#2952=DIRECTION('',(0.,0.,-1.));
#2953=DIRECTION('',(0.,1.,0.));
#2954=DIRECTION('center_axis',(0.,-1.,0.));
#2955=DIRECTION('ref_axis',(-1.,0.,0.));
#2956=DIRECTION('',(0.,0.,-1.));
#2957=DIRECTION('',(1.,0.,0.));
#2958=DIRECTION('center_axis',(1.,0.,0.));
#2959=DIRECTION('ref_axis',(0.,-1.,0.));
#2960=DIRECTION('',(0.,0.,-1.));
#2961=DIRECTION('',(0.,1.,0.));
#2962=DIRECTION('center_axis',(0.,-0.707106781186547,0.707106781186548));
#2963=DIRECTION('ref_axis',(1.,0.,0.));
#2964=DIRECTION('',(0.577350269189626,-0.577350269189626,-0.577350269189626));
#2965=DIRECTION('',(1.,0.,0.));
#2966=DIRECTION('',(0.577350269189626,0.577350269189626,0.577350269189625));
#2967=DIRECTION('center_axis',(0.707106781186548,0.,0.707106781186548));
#2968=DIRECTION('ref_axis',(0.707106781186548,0.,-0.707106781186548));
#2969=DIRECTION('',(0.577350269189626,0.577350269189626,-0.577350269189626));
#2970=DIRECTION('',(0.,1.,0.));
#2971=DIRECTION('center_axis',(0.,0.707106781186548,0.707106781186548));
#2972=DIRECTION('ref_axis',(1.,0.,0.));
#2973=DIRECTION('',(-1.,0.,0.));
#2974=DIRECTION('',(-0.577350269189626,0.577350269189626,-0.577350269189626));
#2975=DIRECTION('center_axis',(-0.707106781186547,0.,0.707106781186548));
#2976=DIRECTION('ref_axis',(0.707106781186548,0.,0.707106781186547));
#2977=DIRECTION('',(0.,-1.,0.));
#2978=DIRECTION('center_axis',(-1.,0.,0.));
#2979=DIRECTION('ref_axis',(0.,1.,0.));
#2980=DIRECTION('',(0.,0.,-1.));
#2981=DIRECTION('',(0.,1.,0.));
#2982=DIRECTION('',(0.,0.,-1.));
#2983=DIRECTION('center_axis',(0.,-1.,0.));
#2984=DIRECTION('ref_axis',(-1.,0.,0.));
#2985=DIRECTION('',(0.,0.,-1.));
#2986=DIRECTION('',(-1.,0.,0.));
#2987=DIRECTION('center_axis',(0.,0.,1.));
#2988=DIRECTION('ref_axis',(1.,0.,0.));
#2989=DIRECTION('center_axis',(0.,0.,-1.));
#2990=DIRECTION('ref_axis',(1.,0.,0.));
#2991=DIRECTION('',(-0.707106781186547,8.65956056235493E-17,0.707106781186547));
#2992=DIRECTION('center_axis',(0.,0.,-1.));
#2993=DIRECTION('ref_axis',(1.,0.,0.));
#2994=DIRECTION('center_axis',(0.,0.,-1.));
#2995=DIRECTION('ref_axis',(1.,0.,0.));
#2996=DIRECTION('',(0.,0.,1.));
#2997=DIRECTION('center_axis',(-0.70710678118631,-5.79595247306473E-7,0.707106781186548));
#2998=DIRECTION('ref_axis',(0.707106781186666,0.,0.707106781186429));
#2999=DIRECTION('',(-8.19671459427802E-7,0.999999999999664,0.));
#3000=DIRECTION('',(-0.577349795951893,-0.577350742426972,-0.577350269189625));
#3001=DIRECTION('',(8.19671459427802E-7,-0.999999999999664,0.));
#3002=DIRECTION('',(-0.57735074242697,0.577349795951894,-0.577350269189626));
#3003=DIRECTION('center_axis',(5.79595247948334E-7,-0.707106781186308,0.707106781186549));
#3004=DIRECTION('ref_axis',(0.999999999999664,0.,-8.19671460335252E-7));
#3005=DIRECTION('',(0.999999999999664,8.19671460335532E-7,0.));
#3006=DIRECTION('',(0.999999999999664,8.19671461569113E-7,0.));
#3007=DIRECTION('',(0.577350742426968,-0.577349795951896,-0.577350269189626));
#3008=DIRECTION('center_axis',(0.70710678118631,5.79595247306473E-7,0.707106781186548));
#3009=DIRECTION('ref_axis',(0.707106781186666,0.,-0.707106781186429));
#3010=DIRECTION('',(-8.19671459427802E-7,0.999999999999664,0.));
#3011=DIRECTION('',(8.19671459427802E-7,-0.999999999999664,0.));
#3012=DIRECTION('',(0.577349795951894,0.57735074242697,-0.577350269189626));
#3013=DIRECTION('center_axis',(-5.79595248820609E-7,0.70710678118631,0.707106781186548));
#3014=DIRECTION('ref_axis',(0.999999999999664,0.,8.19671461568838E-7));
#3015=DIRECTION('',(-0.999999999999664,-8.19671461569113E-7,0.));
#3016=DIRECTION('',(0.999999999999664,8.19671461569113E-7,0.));
#3017=DIRECTION('center_axis',(-8.19671461569113E-7,0.999999999999664,0.));
#3018=DIRECTION('ref_axis',(0.999999999999664,8.19671461569113E-7,0.));
#3019=DIRECTION('',(0.,0.,-1.));
#3020=DIRECTION('',(-0.999999999999664,-8.19671461569113E-7,0.));
#3021=DIRECTION('',(0.,0.,-1.));
#3022=DIRECTION('center_axis',(-0.999999999999664,-8.19671459427802E-7,
0.));
#3023=DIRECTION('ref_axis',(-8.19671459427802E-7,0.999999999999664,0.));
#3024=DIRECTION('',(0.,0.,-1.));
#3025=DIRECTION('',(8.19671459427802E-7,-0.999999999999664,0.));
#3026=DIRECTION('center_axis',(-0.70710678118631,-5.79595247306473E-7,0.707106781186548));
#3027=DIRECTION('ref_axis',(0.707106781186666,0.,0.707106781186429));
#3028=DIRECTION('',(-8.19671459427802E-7,0.999999999999664,0.));
#3029=DIRECTION('',(-0.577349795951893,-0.577350742426971,-0.577350269189625));
#3030=DIRECTION('',(8.19671459427802E-7,-0.999999999999664,0.));
#3031=DIRECTION('',(-0.577350742426968,0.577349795951894,-0.577350269189626));
#3032=DIRECTION('center_axis',(5.79595247948334E-7,-0.707106781186308,0.707106781186549));
#3033=DIRECTION('ref_axis',(0.999999999999664,0.,-8.19671460335252E-7));
#3034=DIRECTION('',(0.999999999999664,8.19671460335532E-7,0.));
#3035=DIRECTION('',(0.999999999999664,8.1967145786837E-7,0.));
#3036=DIRECTION('',(0.57735074242697,-0.577349795951894,-0.577350269189625));
#3037=DIRECTION('center_axis',(0.70710678118631,5.79595247306473E-7,0.707106781186548));
#3038=DIRECTION('ref_axis',(0.707106781186666,0.,-0.707106781186429));
#3039=DIRECTION('',(-8.19671459427802E-7,0.999999999999664,0.));
#3040=DIRECTION('',(8.19671459427802E-7,-0.999999999999664,0.));
#3041=DIRECTION('',(0.577349795951894,0.57735074242697,-0.577350269189626));
#3042=DIRECTION('center_axis',(-5.79595248820609E-7,0.70710678118631,0.707106781186548));
#3043=DIRECTION('ref_axis',(0.999999999999664,0.,8.19671461568838E-7));
#3044=DIRECTION('',(-0.999999999999664,-8.19671461569113E-7,0.));
#3045=DIRECTION('center_axis',(-8.19671461569113E-7,0.999999999999664,0.));
#3046=DIRECTION('ref_axis',(0.999999999999664,8.19671461569113E-7,0.));
#3047=DIRECTION('',(0.,0.,-1.));
#3048=DIRECTION('',(-0.999999999999664,-8.19671461569113E-7,0.));
#3049=DIRECTION('',(0.,0.,-1.));
#3050=DIRECTION('center_axis',(-0.999999999999664,-8.19671459427802E-7,
0.));
#3051=DIRECTION('ref_axis',(-8.19671459427802E-7,0.999999999999664,0.));
#3052=DIRECTION('',(0.,0.,-1.));
#3053=DIRECTION('',(8.19671459427802E-7,-0.999999999999664,0.));
#3054=DIRECTION('center_axis',(-5.79595246203789E-7,0.707106781186311,0.707106781186547));
#3055=DIRECTION('ref_axis',(0.999999999999664,0.,8.19671457868096E-7));
#3056=DIRECTION('',(-0.57735074242697,0.577349795951894,-0.577350269189626));
#3057=DIRECTION('',(-0.999999999999664,-8.1967145786837E-7,0.));
#3058=DIRECTION('',(0.577349795951895,0.577350742426968,-0.577350269189627));
#3059=DIRECTION('center_axis',(-0.70710678118631,-5.79595247306473E-7,0.707106781186548));
#3060=DIRECTION('ref_axis',(0.707106781186666,0.,0.707106781186429));
#3061=DIRECTION('',(8.19671459427803E-7,-0.999999999999664,0.));
#3062=DIRECTION('',(-8.19671459427803E-7,0.999999999999664,0.));
#3063=DIRECTION('',(-0.577349795951896,-0.577350742426968,-0.577350269189626));
#3064=DIRECTION('center_axis',(5.79595246639925E-7,-0.707106781186311,0.707106781186547));
#3065=DIRECTION('ref_axis',(0.999999999999664,0.,-8.19671458484887E-7));
#3066=DIRECTION('',(0.999999999999664,8.1967145848516E-7,0.));
#3067=DIRECTION('',(-0.999999999999664,-8.1967145848516E-7,0.));
#3068=DIRECTION('',(0.57735074242697,-0.577349795951894,-0.577350269189626));
#3069=DIRECTION('center_axis',(0.70710678118631,5.79595247306474E-7,0.707106781186548));
#3070=DIRECTION('ref_axis',(0.707106781186666,0.,-0.707106781186429));
#3071=DIRECTION('',(-8.19671459427803E-7,0.999999999999664,0.));
#3072=DIRECTION('',(8.19671459427803E-7,-0.999999999999664,0.));
#3073=DIRECTION('center_axis',(0.999999999999664,8.19671459427803E-7,0.));
#3074=DIRECTION('ref_axis',(8.19671459427803E-7,-0.999999999999664,0.));
#3075=DIRECTION('',(0.,0.,-1.));
#3076=DIRECTION('',(-8.19671459427803E-7,0.999999999999664,0.));
#3077=DIRECTION('',(0.,0.,-1.));
#3078=DIRECTION('center_axis',(-8.1967145786837E-7,0.999999999999664,0.));
#3079=DIRECTION('ref_axis',(0.999999999999664,8.1967145786837E-7,0.));
#3080=DIRECTION('',(0.,0.,-1.));
#3081=DIRECTION('',(-0.999999999999664,-8.1967145786837E-7,0.));
#3082=DIRECTION('center_axis',(0.,0.,1.));
#3083=DIRECTION('ref_axis',(-1.,0.,0.));
#3084=DIRECTION('center_axis',(0.,0.,-1.));
#3085=DIRECTION('ref_axis',(-1.,0.,0.));
#3086=DIRECTION('',(-1.,0.,0.));
#3087=DIRECTION('',(0.,-1.,0.));
#3088=DIRECTION('',(1.,0.,0.));
#3089=DIRECTION('',(0.,1.,0.));
#3090=DIRECTION('',(-1.,0.,0.));
#3091=DIRECTION('center_axis',(0.,0.,1.));
#3092=DIRECTION('ref_axis',(1.,0.,0.));
#3093=DIRECTION('center_axis',(0.,-1.,0.));
#3094=DIRECTION('ref_axis',(-1.,0.,0.));
#3095=DIRECTION('',(0.,0.,-1.));
#3096=DIRECTION('',(0.,0.,-1.));
#3097=DIRECTION('center_axis',(1.,0.,0.));
#3098=DIRECTION('ref_axis',(0.,-1.,0.));
#3099=DIRECTION('',(0.,0.,-1.));
#3100=DIRECTION('center_axis',(0.,1.,0.));
#3101=DIRECTION('ref_axis',(1.,0.,0.));
#3102=DIRECTION('',(0.,0.,-1.));
#3103=DIRECTION('center_axis',(-1.,0.,0.));
#3104=DIRECTION('ref_axis',(0.,1.,0.));
#3105=DIRECTION('',(0.,0.,-1.));
#3106=DIRECTION('center_axis',(0.,-1.,0.));
#3107=DIRECTION('ref_axis',(-1.,0.,0.));
#3108=DIRECTION('',(0.,0.,-1.));
#3109=DIRECTION('center_axis',(0.,0.,-1.));
#3110=DIRECTION('ref_axis',(1.83697019872103E-16,-1.,0.));
#3111=DIRECTION('center_axis',(0.,0.,-1.));
#3112=DIRECTION('ref_axis',(-1.,0.,0.));
#3113=DIRECTION('',(0.,0.,-1.));
#3114=DIRECTION('center_axis',(0.,0.,-1.));
#3115=DIRECTION('ref_axis',(-1.,0.,0.));
#3116=DIRECTION('center_axis',(0.,0.,1.));
#3117=DIRECTION('ref_axis',(-1.,0.,0.));
#3118=DIRECTION('center_axis',(0.,0.,1.));
#3119=DIRECTION('ref_axis',(1.,0.,0.));
#3120=DIRECTION('center_axis',(0.,0.,-1.));
#3121=DIRECTION('ref_axis',(-1.,0.,0.));
#3122=DIRECTION('',(0.,0.,-1.));
#3123=DIRECTION('center_axis',(0.,0.,-1.));
#3124=DIRECTION('ref_axis',(-1.,0.,0.));
#3125=DIRECTION('center_axis',(0.,0.,1.));
#3126=DIRECTION('ref_axis',(-1.,0.,0.));
#3127=DIRECTION('center_axis',(0.,0.,1.));
#3128=DIRECTION('ref_axis',(1.,0.,0.));
#3129=DIRECTION('center_axis',(0.,0.,-1.));
#3130=DIRECTION('ref_axis',(-1.,0.,0.));
#3131=DIRECTION('',(0.,0.,-1.));
#3132=DIRECTION('center_axis',(0.,0.,-1.));
#3133=DIRECTION('ref_axis',(-1.,0.,0.));
#3134=DIRECTION('center_axis',(0.,0.,1.));
#3135=DIRECTION('ref_axis',(-1.,0.,0.));
#3136=DIRECTION('center_axis',(0.,0.,1.));
#3137=DIRECTION('ref_axis',(1.,0.,0.));
#3138=DIRECTION('center_axis',(8.1967145848516E-7,-0.999999999999664,0.));
#3139=DIRECTION('ref_axis',(-0.999999999999664,-8.1967145848516E-7,0.));
#3140=DIRECTION('',(0.999999999999664,8.1967145848516E-7,0.));
#3141=DIRECTION('',(0.,0.,-1.));
#3142=DIRECTION('center_axis',(8.19671460335532E-7,-0.999999999999664,0.));
#3143=DIRECTION('ref_axis',(-0.999999999999664,-8.19671460335532E-7,0.));
#3144=DIRECTION('',(0.,0.,-1.));
#3145=DIRECTION('',(0.999999999999664,8.19671460335532E-7,0.));
#3146=DIRECTION('center_axis',(0.999999999999664,8.19671459427802E-7,0.));
#3147=DIRECTION('ref_axis',(8.19671459427802E-7,-0.999999999999664,0.));
#3148=DIRECTION('',(-8.19671459427802E-7,0.999999999999664,0.));
#3149=DIRECTION('center_axis',(8.19671460335532E-7,-0.999999999999664,0.));
#3150=DIRECTION('ref_axis',(-0.999999999999664,-8.19671460335532E-7,0.));
#3151=DIRECTION('',(0.,0.,-1.));
#3152=DIRECTION('',(0.999999999999664,8.19671460335532E-7,0.));
#3153=DIRECTION('center_axis',(0.999999999999664,8.19671459427802E-7,0.));
#3154=DIRECTION('ref_axis',(8.19671459427802E-7,-0.999999999999664,0.));
#3155=DIRECTION('',(-8.19671459427802E-7,0.999999999999664,0.));
#3156=DIRECTION('center_axis',(0.,0.,-1.));
#3157=DIRECTION('ref_axis',(1.,0.,0.));
#3158=DIRECTION('center_axis',(0.,0.,1.));
#3159=DIRECTION('ref_axis',(1.,0.,0.));
#3160=DIRECTION('center_axis',(0.,0.,1.));
#3161=DIRECTION('ref_axis',(1.,0.,0.));
#3162=DIRECTION('center_axis',(0.,0.,-1.));
#3163=DIRECTION('ref_axis',(1.,0.,0.));
#3164=DIRECTION('center_axis',(0.,0.,1.));
#3165=DIRECTION('ref_axis',(1.,0.,0.));
#3166=DIRECTION('center_axis',(0.,0.,1.));
#3167=DIRECTION('ref_axis',(1.,0.,0.));
#3168=DIRECTION('center_axis',(0.,0.,-1.));
#3169=DIRECTION('ref_axis',(1.,0.,0.));
#3170=DIRECTION('center_axis',(0.,0.,1.));
#3171=DIRECTION('ref_axis',(1.,0.,0.));
#3172=DIRECTION('center_axis',(0.,0.,1.));
#3173=DIRECTION('ref_axis',(1.,0.,0.));
#3174=DIRECTION('center_axis',(0.,0.,-1.));
#3175=DIRECTION('ref_axis',(1.,0.,0.));
#3176=DIRECTION('center_axis',(0.,0.,1.));
#3177=DIRECTION('ref_axis',(1.,0.,0.));
#3178=DIRECTION('center_axis',(0.,0.,1.));
#3179=DIRECTION('ref_axis',(1.,0.,0.));
#3180=DIRECTION('center_axis',(0.,0.,-1.));
#3181=DIRECTION('ref_axis',(1.,0.,0.));
#3182=DIRECTION('',(0.,-1.,0.));
#3183=DIRECTION('',(1.,0.,0.));
#3184=DIRECTION('center_axis',(0.,0.,-1.));
#3185=DIRECTION('ref_axis',(1.,0.,0.));
#3186=DIRECTION('',(-1.11300553847134E-16,-1.,0.));
#3187=DIRECTION('center_axis',(0.,0.,-1.));
#3188=DIRECTION('ref_axis',(1.,4.03717463500061E-15,0.));
#3189=DIRECTION('',(-1.,-3.339016615414E-16,0.));
#3190=DIRECTION('center_axis',(0.,0.,-1.));
#3191=DIRECTION('ref_axis',(8.07434927000112E-15,-1.,0.));
#3192=DIRECTION('center_axis',(0.,0.,-1.));
#3193=DIRECTION('ref_axis',(-1.,-8.07434927000118E-15,0.));
#3194=DIRECTION('',(1.,0.,0.));
#3195=DIRECTION('center_axis',(0.,0.,-1.));
#3196=DIRECTION('ref_axis',(-8.07434927000118E-15,1.,0.));
#3197=DIRECTION('center_axis',(0.,0.,1.));
#3198=DIRECTION('ref_axis',(1.,0.,0.));
#3199=DIRECTION('center_axis',(0.,0.,1.));
#3200=DIRECTION('ref_axis',(1.,0.,0.));
#3201=DIRECTION('center_axis',(0.,0.,1.));
#3202=DIRECTION('ref_axis',(1.,0.,0.));
#3203=DIRECTION('center_axis',(0.,0.,1.));
#3204=DIRECTION('ref_axis',(1.,0.,0.));
#3205=DIRECTION('center_axis',(0.,0.,1.));
#3206=DIRECTION('ref_axis',(1.,0.,0.));
#3207=DIRECTION('center_axis',(0.,0.,1.));
#3208=DIRECTION('ref_axis',(1.,0.,0.));
#3209=DIRECTION('center_axis',(0.,0.,1.));
#3210=DIRECTION('ref_axis',(1.,0.,0.));
#3211=DIRECTION('center_axis',(0.,0.,1.));
#3212=DIRECTION('ref_axis',(1.,0.,0.));
#3213=DIRECTION('center_axis',(0.,0.,1.));
#3214=DIRECTION('ref_axis',(1.,0.,0.));
#3215=DIRECTION('',(0.,0.,1.));
#3216=DIRECTION('center_axis',(0.,0.,1.));
#3217=DIRECTION('ref_axis',(1.,0.,0.));
#3218=DIRECTION('',(0.,0.,1.));
#3219=DIRECTION('center_axis',(0.,0.,1.));
#3220=DIRECTION('ref_axis',(1.,0.,0.));
#3221=DIRECTION('',(0.,0.,1.));
#3222=DIRECTION('center_axis',(0.,0.,1.));
#3223=DIRECTION('ref_axis',(1.,0.,0.));
#3224=DIRECTION('',(0.,0.,1.));
#3225=DIRECTION('center_axis',(0.,0.,1.));
#3226=DIRECTION('ref_axis',(1.,0.,0.));
#3227=DIRECTION('',(-1.,0.,0.));
#3228=DIRECTION('',(-1.31328589686999E-15,-1.,0.));
#3229=DIRECTION('',(1.,0.,0.));
#3230=DIRECTION('',(-1.,0.,0.));
#3231=DIRECTION('',(0.,-1.,0.));
#3232=DIRECTION('center_axis',(0.,-1.,0.));
#3233=DIRECTION('ref_axis',(-1.,0.,0.));
#3234=DIRECTION('',(0.,0.,-1.));
#3235=DIRECTION('center_axis',(-1.,1.31328589686999E-15,0.));
#3236=DIRECTION('ref_axis',(1.31328589686999E-15,1.,0.));
#3237=DIRECTION('',(0.,0.,-1.));
#3238=DIRECTION('center_axis',(0.,0.,1.));
#3239=DIRECTION('ref_axis',(1.,0.,0.));
#3240=DIRECTION('',(8.19671459427803E-7,-0.999999999999664,0.));
#3241=DIRECTION('center_axis',(0.,0.,1.));
#3242=DIRECTION('ref_axis',(1.,0.,0.));
#3243=DIRECTION('center_axis',(0.,0.,1.));
#3244=DIRECTION('ref_axis',(1.,0.,0.));
#3245=DIRECTION('',(-1.,0.,0.));
#3246=DIRECTION('',(0.,1.,0.));
#3247=DIRECTION('',(-1.,0.,0.));
#3248=DIRECTION('',(0.,-1.,0.));
#3249=DIRECTION('center_axis',(1.,0.,0.));
#3250=DIRECTION('ref_axis',(0.,-1.,0.));
#3251=DIRECTION('',(0.,0.,-1.));
#3252=DIRECTION('',(0.,0.,-1.));
#3253=DIRECTION('center_axis',(0.,1.,0.));
#3254=DIRECTION('ref_axis',(1.,0.,0.));
#3255=DIRECTION('center_axis',(0.,0.,-1.));
#3256=DIRECTION('ref_axis',(1.,0.,0.));
#3257=DIRECTION('center_axis',(0.,0.,1.));
#3258=DIRECTION('ref_axis',(1.,0.,0.));
#3259=DIRECTION('center_axis',(0.,1.,0.));
#3260=DIRECTION('ref_axis',(1.,0.,0.));
#3261=DIRECTION('',(0.,0.,-1.));
#3262=DIRECTION('center_axis',(1.,0.,0.));
#3263=DIRECTION('ref_axis',(0.,-1.,0.));
#3264=DIRECTION('center_axis',(0.,0.,-1.));
#3265=DIRECTION('ref_axis',(1.,0.,0.));
#3266=DIRECTION('',(0.,0.,1.));
#3267=DIRECTION('center_axis',(0.,0.,-1.));
#3268=DIRECTION('ref_axis',(1.,0.,0.));
#3269=DIRECTION('',(0.,0.,1.));
#3270=DIRECTION('center_axis',(-0.999999999999664,-8.19671459427803E-7,
0.));
#3271=DIRECTION('ref_axis',(-8.19671459427803E-7,0.999999999999664,0.));
#3272=DIRECTION('center_axis',(0.,0.,-1.));
#3273=DIRECTION('ref_axis',(1.,0.,0.));
#3274=DIRECTION('',(0.,0.,1.));
#3275=DIRECTION('center_axis',(0.,0.,-1.));
#3276=DIRECTION('ref_axis',(1.,0.,0.));
#3277=DIRECTION('',(0.,0.,1.));
#3278=DIRECTION('center_axis',(0.,0.,-1.));
#3279=DIRECTION('ref_axis',(1.,0.,0.));
#3280=DIRECTION('',(0.,0.,1.));
#3281=DIRECTION('center_axis',(0.,0.,-1.));
#3282=DIRECTION('ref_axis',(1.,0.,0.));
#3283=DIRECTION('',(0.,0.,1.));
#3284=DIRECTION('center_axis',(0.,0.,-1.));
#3285=DIRECTION('ref_axis',(1.,0.,0.));
#3286=DIRECTION('',(0.,0.,1.));
#3287=DIRECTION('center_axis',(0.,0.,-1.));
#3288=DIRECTION('ref_axis',(1.,0.,0.));
#3289=DIRECTION('',(0.,0.,1.));
#3290=DIRECTION('center_axis',(-1.,0.,0.));
#3291=DIRECTION('ref_axis',(0.,1.,0.));
#3292=DIRECTION('',(0.,0.,-1.));
#3293=DIRECTION('center_axis',(0.,1.,0.));
#3294=DIRECTION('ref_axis',(1.,0.,0.));
#3295=DIRECTION('center_axis',(0.,1.,0.));
#3296=DIRECTION('ref_axis',(1.,0.,0.));
#3297=DIRECTION('',(0.,0.,-1.));
#3298=DIRECTION('center_axis',(-1.,0.,0.));
#3299=DIRECTION('ref_axis',(0.,1.,0.));
#3300=DIRECTION('',(0.,0.,-1.));
#3301=DIRECTION('center_axis',(0.,1.,0.));
#3302=DIRECTION('ref_axis',(1.,0.,0.));
#3303=DIRECTION('center_axis',(0.,1.,3.47246869977742E-80));
#3304=DIRECTION('ref_axis',(6.07716335728627E-64,3.47246869977742E-80,-1.));
#3305=DIRECTION('',(-1.96895541510882E-96,3.47246869977742E-80,-1.));
#3306=DIRECTION('',(-1.,0.,0.));
#3307=DIRECTION('',(6.07716335728627E-64,3.47246869977742E-80,-1.));
#3308=DIRECTION('center_axis',(0.,0.,1.));
#3309=DIRECTION('ref_axis',(-5.71396307063899E-17,1.,0.));
#3310=DIRECTION('',(-5.67018909410192E-17,1.,0.));
#3311=DIRECTION('',(-1.,0.,0.));
#3312=DIRECTION('',(-5.71396307063899E-17,1.,0.));
#3313=DIRECTION('center_axis',(0.,-1.,-3.69159947015301E-64));
#3314=DIRECTION('ref_axis',(-6.46066385889361E-48,-3.69159947015301E-64,
1.));
#3315=DIRECTION('',(2.0932067055454E-80,-3.69159947015301E-64,1.));
#3316=DIRECTION('',(-6.46066385889361E-48,-3.69159947015301E-64,1.));
#3317=DIRECTION('center_axis',(-1.,0.,0.));
#3318=DIRECTION('ref_axis',(0.,0.,1.));
#3319=DIRECTION('center_axis',(1.,5.67018909410192E-17,0.));
#3320=DIRECTION('ref_axis',(5.67018909410192E-17,-1.,0.));
#3321=DIRECTION('center_axis',(-1.,-5.67018909410192E-17,0.));
#3322=DIRECTION('ref_axis',(-1.38431451512765E-16,0.00223926071045932,-0.999997492852592));
#3323=DIRECTION('',(-5.59300963878397E-19,0.00986388557059193,0.999951350697348));
#3324=DIRECTION('center_axis',(-1.,-5.67018909410192E-17,0.));
#3325=DIRECTION('ref_axis',(-6.23043162122016E-19,-0.999989871695522,-0.00450072287224056));
#3326=DIRECTION('',(-5.67018723020336E-17,0.999999671281058,0.00081082536744689));
#3327=DIRECTION('',(-5.67018723182322E-17,0.999999671566738,0.000810472958817178));
#3328=DIRECTION('',(-5.67018723190827E-17,0.999999671581737,0.00081045445178904));
#3329=DIRECTION('center_axis',(-1.,-5.67018909410192E-17,0.));
#3330=DIRECTION('ref_axis',(1.38431641609848E-16,-0.00150594052780756,0.99999886607092));
#3331=DIRECTION('',(-1.80188393924054E-19,0.00317781983869787,-0.999994950717789));
#3332=DIRECTION('center_axis',(-1.,-5.67018909410192E-17,0.));
#3333=DIRECTION('ref_axis',(2.58133919269284E-18,0.999826129385423,0.0186470104350307));
#3334=DIRECTION('',(0.,0.,-1.));
#3335=DIRECTION('',(5.67018909410192E-17,-1.,0.));
#3336=DIRECTION('',(0.,0.,-1.));
#3337=DIRECTION('center_axis',(1.,0.,-1.3843179858169E-16));
#3338=DIRECTION('ref_axis',(1.38431641609848E-16,-0.00150594052780756,0.99999886607092));
#3339=DIRECTION('',(1.,0.,-1.3843179858169E-16));
#3340=DIRECTION('',(1.,0.,-1.3843179858169E-16));
#3341=DIRECTION('center_axis',(4.39911315839523E-19,0.999994950717789,0.00317781983869787));
#3342=DIRECTION('ref_axis',(-2.15581506697108E-16,-0.00317781983869787,
0.999994950717789));
#3343=DIRECTION('',(1.,0.,-1.3843179858169E-16));
#3344=DIRECTION('center_axis',(1.,0.,-1.3843179858169E-16));
#3345=DIRECTION('ref_axis',(2.58133919269284E-18,0.999826129385423,0.0186470104350307));
#3346=DIRECTION('center_axis',(1.,0.,-1.3843179858169E-16));
#3347=DIRECTION('ref_axis',(-1.38431451512765E-16,0.00223926071045932,-0.999997492852592));
#3348=DIRECTION('',(1.,0.,-1.3843179858169E-16));
#3349=DIRECTION('center_axis',(1.36547542054102E-18,-0.999951350697348,
0.00986388557059193));
#3350=DIRECTION('ref_axis',(5.80084332724538E-16,-0.00986388557059193,-0.999951350697348));
#3351=DIRECTION('',(1.,0.,-1.3843179858169E-16));
#3352=DIRECTION('center_axis',(1.,0.,-1.3843179858169E-16));
#3353=DIRECTION('ref_axis',(-6.23043162122016E-19,-0.999989871695522,-0.00450072287224056));
#3354=DIRECTION('',(1.,0.,-1.3843179858169E-16));
#3355=DIRECTION('center_axis',(1.38431753076536E-16,-0.00081082536744689,
0.999999671281058));
#3356=DIRECTION('ref_axis',(-2.55893769253749E-16,-0.999999671281058,-0.00081082536744689));
#3357=DIRECTION('',(1.,0.,-1.3843179858169E-16));
#3358=DIRECTION('center_axis',(1.38431753116083E-16,-0.000810472958817178,
0.999999671566738));
#3359=DIRECTION('ref_axis',(-1.26783070189137E-16,-0.999999671566738,-0.000810472958817178));
#3360=DIRECTION('',(1.,0.,-1.3843179858169E-16));
#3361=DIRECTION('center_axis',(1.3843175311816E-16,-0.00081045445178904,
0.999999671581737));
#3362=DIRECTION('ref_axis',(7.16750583498727E-17,-0.999999671581737,-0.00081045445178904));
#3363=DIRECTION('center_axis',(0.,-1.,0.));
#3364=DIRECTION('ref_axis',(-0.998511288563344,0.,-0.0545454545454546));
#3365=DIRECTION('center_axis',(2.22601107694267E-16,-1.,0.));
#3366=DIRECTION('ref_axis',(-0.998511288563344,0.,-0.0545454545454546));
#3367=DIRECTION('',(0.,1.,0.));
#3368=DIRECTION('center_axis',(0.,1.,0.));
#3369=DIRECTION('ref_axis',(-0.998511288563344,0.,-0.0545454545454546));
#3370=DIRECTION('',(0.,-1.,0.));
#3371=DIRECTION('center_axis',(-2.0185873175003E-15,1.,0.));
#3372=DIRECTION('ref_axis',(0.998511288563344,1.61486985400023E-15,-0.0545454545454546));
#3373=DIRECTION('center_axis',(0.,1.,0.));
#3374=DIRECTION('ref_axis',(0.998511288563344,1.61486985400023E-15,-0.0545454545454546));
#3375=DIRECTION('',(2.0185873175003E-15,-1.,0.));
#3376=DIRECTION('center_axis',(2.22601107694267E-16,-1.,0.));
#3377=DIRECTION('ref_axis',(0.998511288563344,1.61486985400023E-15,-0.0545454545454546));
#3378=DIRECTION('',(2.0185873175003E-15,-1.,0.));
#3379=DIRECTION('center_axis',(0.,0.,1.));
#3380=DIRECTION('ref_axis',(0.,-1.,0.));
#3381=DIRECTION('',(1.,0.,0.));
#3382=DIRECTION('',(1.,0.,0.));
#3383=DIRECTION('center_axis',(2.22601107694267E-16,-1.,0.));
#3384=DIRECTION('ref_axis',(-1.,-2.22601107694267E-16,0.));
#3385=DIRECTION('',(0.,0.,-1.));
#3386=DIRECTION('',(-1.,-2.22601107694267E-16,0.));
#3387=DIRECTION('',(-1.,-2.22601107694267E-16,0.));
#3388=DIRECTION('',(0.,0.,-1.));
#3389=DIRECTION('center_axis',(0.,0.,-1.));
#3390=DIRECTION('ref_axis',(1.,4.03717463500061E-15,0.));
#3391=DIRECTION('center_axis',(0.,0.,-1.));
#3392=DIRECTION('ref_axis',(1.,4.03717463500061E-15,0.));
#3393=DIRECTION('',(0.,0.,-1.));
#3394=DIRECTION('center_axis',(1.,0.,0.));
#3395=DIRECTION('ref_axis',(0.,-1.,0.));
#3396=DIRECTION('',(0.,-1.,0.));
#3397=DIRECTION('',(0.,0.,-1.));
#3398=DIRECTION('center_axis',(0.,0.,-1.));
#3399=DIRECTION('ref_axis',(-8.07434927000118E-15,1.,0.));
#3400=DIRECTION('center_axis',(0.,0.,-1.));
#3401=DIRECTION('ref_axis',(-8.07434927000118E-15,1.,0.));
#3402=DIRECTION('',(0.,0.,-1.));
#3403=DIRECTION('center_axis',(-1.11300553847133E-16,1.,0.));
#3404=DIRECTION('ref_axis',(1.,1.11300553847133E-16,0.));
#3405=DIRECTION('',(1.,1.11300553847133E-16,0.));
#3406=DIRECTION('',(0.,0.,-1.));
#3407=DIRECTION('center_axis',(0.,0.,-1.));
#3408=DIRECTION('ref_axis',(-1.,-8.07434927000121E-15,0.));
#3409=DIRECTION('center_axis',(0.,0.,-1.));
#3410=DIRECTION('ref_axis',(-1.,-8.07434927000121E-15,0.));
#3411=DIRECTION('center_axis',(0.,0.,-1.));
#3412=DIRECTION('ref_axis',(8.07434927000115E-15,-1.,0.));
#3413=DIRECTION('center_axis',(0.,0.,-1.));
#3414=DIRECTION('ref_axis',(8.07434927000115E-15,-1.,0.));
#3415=DIRECTION('center_axis',(0.,-1.,0.));
#3416=DIRECTION('ref_axis',(-1.,0.,0.));
#3417=DIRECTION('',(-1.,0.,0.));
#3418=DIRECTION('',(0.,0.,-1.));
#3419=DIRECTION('center_axis',(-1.,0.,0.));
#3420=DIRECTION('ref_axis',(0.,1.,0.));
#3421=DIRECTION('',(0.,1.,0.));
#3422=DIRECTION('',(0.,0.,-1.));
#3423=DIRECTION('center_axis',(0.,1.,0.));
#3424=DIRECTION('ref_axis',(1.,0.,0.));
#3425=DIRECTION('',(1.,0.,0.));
#3426=DIRECTION('',(1.,0.,0.));
#3427=DIRECTION('center_axis',(0.,0.,-1.));
#3428=DIRECTION('ref_axis',(1.,0.,0.));
#3429=CARTESIAN_POINT('',(0.,0.,0.));
#3430=CARTESIAN_POINT('Origin',(7.49999999999999,4.74500000000001,-9.225));
#3431=CARTESIAN_POINT('',(-15.85,4.32000000000001,-8.8));
#3432=CARTESIAN_POINT('',(15.85,4.32000000000001,-8.8));
#3433=CARTESIAN_POINT('',(7.49999999999999,4.32000000000001,-8.8));
#3434=CARTESIAN_POINT('',(15.,5.17000000000001,-9.65));
#3435=CARTESIAN_POINT('',(15.85,4.32000000000001,-8.8));
#3436=CARTESIAN_POINT('',(-15.,5.17000000000001,-9.65));
#3437=CARTESIAN_POINT('',(7.49999999999999,5.17000000000001,-9.65));
#3438=CARTESIAN_POINT('',(-15.,5.17000000000001,-9.65));
#3439=CARTESIAN_POINT('Origin',(15.425,6.17,-9.225));
#3440=CARTESIAN_POINT('',(15.85,14.02,-8.8));
#3441=CARTESIAN_POINT('',(15.85,6.17,-8.8));
#3442=CARTESIAN_POINT('',(15.,13.17,-9.65));
#3443=CARTESIAN_POINT('',(15.85,14.02,-8.8));
#3444=CARTESIAN_POINT('',(15.,6.17,-9.65));
#3445=CARTESIAN_POINT('Origin',(-7.5,13.595,-9.225));
#3446=CARTESIAN_POINT('',(-15.,13.17,-9.65));
#3447=CARTESIAN_POINT('',(-7.5,13.17,-9.65));
#3448=CARTESIAN_POINT('',(-15.85,14.02,-8.8));
#3449=CARTESIAN_POINT('',(-7.5,14.02,-8.8));
#3450=CARTESIAN_POINT('',(-15.85,14.02,-8.8));
#3451=CARTESIAN_POINT('Origin',(-15.425,2.17,-9.225));
#3452=CARTESIAN_POINT('',(-15.85,2.17,-8.8));
#3453=CARTESIAN_POINT('',(-15.,2.17,-9.65));
#3454=CARTESIAN_POINT('Origin',(-15.,5.17000000000001,-8.8));
#3455=CARTESIAN_POINT('',(-15.,5.17000000000001,-9.8));
#3456=CARTESIAN_POINT('',(-15.,5.17000000000001,-8.8));
#3457=CARTESIAN_POINT('',(-15.,13.17,-9.8));
#3458=CARTESIAN_POINT('',(-15.,13.17,-9.8));
#3459=CARTESIAN_POINT('',(-15.,13.17,-8.8));
#3460=CARTESIAN_POINT('Origin',(15.,5.17000000000001,-8.8));
#3461=CARTESIAN_POINT('',(15.,5.17000000000001,-9.8));
#3462=CARTESIAN_POINT('',(15.,5.17000000000001,-8.8));
#3463=CARTESIAN_POINT('',(-15.,5.17000000000001,-9.8));
#3464=CARTESIAN_POINT('Origin',(-8.88178419700125E-15,-0.830000000000002,
-8.8));
#3465=CARTESIAN_POINT('',(-32.04403758827,4.93620477629711,-8.8));
#3466=CARTESIAN_POINT('',(-38.4328571428571,4.93620482630491,-8.8));
#3467=CARTESIAN_POINT('',(-42.1,4.93620482630491,-8.8));
#3468=CARTESIAN_POINT('',(-38.4328571428571,-12.0773660814058,-8.8));
#3469=CARTESIAN_POINT('',(-38.4328571428571,37.59,-8.8));
#3470=CARTESIAN_POINT('',(-39.4328571428572,-12.0773660814058,-8.8));
#3471=CARTESIAN_POINT('',(-19.2164285714286,-12.0773660814058,-8.8));
#3472=CARTESIAN_POINT('',(-39.4328571428572,-32.0773660814058,-8.8));
#3473=CARTESIAN_POINT('',(-39.4328571428572,-11.4536830407029,-8.8));
#3474=CARTESIAN_POINT('',(-38.4328571428571,-32.0773660814058,-8.8));
#3475=CARTESIAN_POINT('',(-19.2164285714286,-32.0773660814058,-8.8));
#3476=CARTESIAN_POINT('',(-38.4328571428571,-40.73,-8.8));
#3477=CARTESIAN_POINT('',(-38.4328571428571,37.59,-8.8));
#3478=CARTESIAN_POINT('',(38.4228571428571,-40.73,-8.8));
#3479=CARTESIAN_POINT('',(-38.4328571428571,-40.73,-8.8));
#3480=CARTESIAN_POINT('',(38.4228571428571,37.59,-8.8));
#3481=CARTESIAN_POINT('',(38.4228571428571,-40.73,-8.8));
#3482=CARTESIAN_POINT('',(-38.4328571428571,37.59,-8.8));
#3483=CARTESIAN_POINT('',(38.4228571428571,37.59,-8.8));
#3484=CARTESIAN_POINT('',(-38.4328571428571,14.6980891838034,-8.8));
#3485=CARTESIAN_POINT('',(-38.4328571428571,37.59,-8.8));
#3486=CARTESIAN_POINT('',(-32.2271661467126,14.6980891838035,-8.8));
#3487=CARTESIAN_POINT('',(-42.1,14.6980891838034,-8.8));
#3488=CARTESIAN_POINT('Ctrl Pts',(-32.04403758827,4.9362047762971,-8.8));
#3489=CARTESIAN_POINT('Ctrl Pts',(-32.1035993479481,8.1901910940667,-8.8));
#3490=CARTESIAN_POINT('Ctrl Pts',(-32.1645721746502,11.4441533313338,-8.8));
#3491=CARTESIAN_POINT('Ctrl Pts',(-32.2271661467001,14.6980891838098,-8.8));
#3492=CARTESIAN_POINT('',(7.8,-10.83,-8.8));
#3493=CARTESIAN_POINT('Origin',(10.,-10.83,-8.8));
#3494=CARTESIAN_POINT('',(-12.2,-10.83,-8.8));
#3495=CARTESIAN_POINT('Origin',(-10.,-10.83,-8.8));
#3496=CARTESIAN_POINT('',(36.50004226,32.45004334,-8.8));
#3497=CARTESIAN_POINT('Origin',(33.25004226,32.45004334,-8.8));
#3498=CARTESIAN_POINT('',(-30.,32.45004334,-8.8));
#3499=CARTESIAN_POINT('Origin',(-33.25,32.45004334,-8.8));
#3500=CARTESIAN_POINT('',(36.50004226,-36.05,-8.8));
#3501=CARTESIAN_POINT('Origin',(33.25004226,-36.05,-8.8));
#3502=CARTESIAN_POINT('',(-30.1047367859148,-34.4702153699765,-8.8));
#3503=CARTESIAN_POINT('',(-30.4097921690937,-34.4702153699765,-8.8));
#3504=CARTESIAN_POINT('',(-15.0523683929574,-34.4702153699765,-8.8));
#3505=CARTESIAN_POINT('',(-36.0902078309063,-34.4702153699765,-8.8));
#3506=CARTESIAN_POINT('Origin',(-33.25,-36.05,-8.8));
#3507=CARTESIAN_POINT('',(-36.7599814229638,-34.4702153699765,-8.8));
#3508=CARTESIAN_POINT('',(-18.0451039154532,-34.4702153699765,-8.8));
#3509=CARTESIAN_POINT('',(-36.7599814229638,-10.771051540485,-8.8));
#3510=CARTESIAN_POINT('',(-36.7599814229638,-17.6501076849882,-8.8));
#3511=CARTESIAN_POINT('',(-30.1047367859148,-10.771051540485,-8.8));
#3512=CARTESIAN_POINT('',(-18.3799907114819,-10.771051540485,-8.8));
#3513=CARTESIAN_POINT('',(-30.1047367859148,-5.80052577024251,-8.8));
#3514=CARTESIAN_POINT('',(-19.4338465026641,14.05345368,-8.8));
#3515=CARTESIAN_POINT('',(21.0525129,14.05345368,-8.8));
#3516=CARTESIAN_POINT('',(-8.87374355,14.05345368,-8.8));
#3517=CARTESIAN_POINT('',(-29.85082071918,12.05596282625,-8.8));
#3518=CARTESIAN_POINT('Origin',(-24.45082071918,12.05596282625,-8.8));
#3519=CARTESIAN_POINT('',(-19.7474871,14.7090087864043,-8.8));
#3520=CARTESIAN_POINT('Origin',(-24.45082071918,12.05596282625,-8.8));
#3521=CARTESIAN_POINT('',(-19.7474871,28.05345368,-8.8));
#3522=CARTESIAN_POINT('',(-19.7474871,12.61172684,-8.8));
#3523=CARTESIAN_POINT('',(21.0525129,28.05345368,-8.8));
#3524=CARTESIAN_POINT('',(9.52625645,28.05345368,-8.8));
#3525=CARTESIAN_POINT('',(21.0525129,7.61172684,-8.8));
#3526=CARTESIAN_POINT('',(17.0645066166,-30.2594574259,-8.8));
#3527=CARTESIAN_POINT('',(17.0645066166,-38.92816053764,-8.8));
#3528=CARTESIAN_POINT('',(17.0645066166,-15.96972871295,-8.8));
#3529=CARTESIAN_POINT('',(17.9301550607304,-30.2594574259,-8.8));
#3530=CARTESIAN_POINT('',(9.3900775303652,-30.2594574259,-8.8));
#3531=CARTESIAN_POINT('',(17.9301550607304,-29.39380898177,-8.8));
#3532=CARTESIAN_POINT('',(17.9301550607304,-15.536904490885,-8.8));
#3533=CARTESIAN_POINT('',(25.7645066166,-29.39380898177,-8.8));
#3534=CARTESIAN_POINT('',(12.4572533083,-29.39380898177,-8.8));
#3535=CARTESIAN_POINT('',(25.7645066166,-39.79380898177,-8.8));
#3536=CARTESIAN_POINT('',(25.7645066166,-19.886904490885,-8.8));
#3537=CARTESIAN_POINT('',(17.9301550607304,-39.79380898177,-8.8));
#3538=CARTESIAN_POINT('',(9.3900775303652,-39.79380898177,-8.8));
#3539=CARTESIAN_POINT('',(17.9301550607304,-38.92816053764,-8.8));
#3540=CARTESIAN_POINT('',(17.9301550607304,-19.45408026882,-8.8));
#3541=CARTESIAN_POINT('',(8.9572533083,-38.92816053764,-8.8));
#3542=CARTESIAN_POINT('',(27.63211416019,26.37635122616,-8.8));
#3543=CARTESIAN_POINT('',(21.08211416019,26.37635122616,-8.8));
#3544=CARTESIAN_POINT('',(13.391057080095,26.37635122616,-8.8));
#3545=CARTESIAN_POINT('',(27.63211416019,21.2948391661548,-8.8));
#3546=CARTESIAN_POINT('',(27.63211416019,10.6574195830774,-8.8));
#3547=CARTESIAN_POINT('',(27.168955491239,21.2948391661548,-8.8));
#3548=CARTESIAN_POINT('',(13.1594777456195,21.2948391661548,-8.8));
#3549=CARTESIAN_POINT('',(27.168955491239,20.82635122616,-8.8));
#3550=CARTESIAN_POINT('',(27.168955491239,10.42317561308,-8.8));
#3551=CARTESIAN_POINT('',(21.545272829141,20.82635122616,-8.8));
#3552=CARTESIAN_POINT('',(11.0476364145705,20.82635122616,-8.8));
#3553=CARTESIAN_POINT('',(21.545272829141,21.5948391661548,-8.8));
#3554=CARTESIAN_POINT('',(21.5452728291409,10.6574195830773,-8.8));
#3555=CARTESIAN_POINT('',(21.08211416019,21.5948391661548,-8.8));
#3556=CARTESIAN_POINT('',(10.816057080095,21.5948391661548,-8.8));
#3557=CARTESIAN_POINT('',(21.08211416019,12.34817561308,-8.8));
#3558=CARTESIAN_POINT('Origin',(15.,13.17,-8.8));
#3559=CARTESIAN_POINT('',(15.,13.17,-9.8));
#3560=CARTESIAN_POINT('',(15.,13.17,-8.8));
#3561=CARTESIAN_POINT('',(15.,5.17000000000001,-9.8));
#3562=CARTESIAN_POINT('Origin',(-15.,13.17,-8.8));
#3563=CARTESIAN_POINT('',(15.,13.17,-9.8));
#3564=CARTESIAN_POINT('Origin',(0.,9.17000000000001,-9.8));
#3565=CARTESIAN_POINT('',(-12.2,9.17000000000001,-9.8));
#3566=CARTESIAN_POINT('Origin',(-10.,9.17000000000001,-9.8));
#3567=CARTESIAN_POINT('',(7.8,9.17000000000001,-9.8));
#3568=CARTESIAN_POINT('Origin',(10.,9.17000000000001,-9.8));
#3569=CARTESIAN_POINT('Ctrl Pts',(-36.1,14.6332917557654,-9.30872492265005));
#3570=CARTESIAN_POINT('Ctrl Pts',(-36.1,11.3762079891612,-9.32546957573918));
#3571=CARTESIAN_POINT('Ctrl Pts',(-36.1,8.11909778369685,-9.34221436475037));
#3572=CARTESIAN_POINT('Ctrl Pts',(-36.1,4.86196345047721,-9.35895927780224));
#3573=CARTESIAN_POINT('Ctrl Pts',(-34.8386052953254,14.6575576831893,-8.97150514976591));
#3574=CARTESIAN_POINT('Ctrl Pts',(-34.8191791403336,11.4004269735018,-8.97720068314931));
#3575=CARTESIAN_POINT('Ctrl Pts',(-34.8003225474416,8.14326999232782,-8.98294450734733));
#3576=CARTESIAN_POINT('Ctrl Pts',(-34.7819803489131,4.88608880382624,-8.98865153033301));
#3577=CARTESIAN_POINT('Ctrl Pts',(-33.5330295099093,14.6826735387877,-8.8));
#3578=CARTESIAN_POINT('Ctrl Pts',(-33.4919914919213,11.4255231861156,-8.79998637202129));
#3579=CARTESIAN_POINT('Ctrl Pts',(-33.4520489875428,8.16834650277294,-8.80001498358512));
#3580=CARTESIAN_POINT('Ctrl Pts',(-33.413072905504,4.91114561974482,-8.8));
#3581=CARTESIAN_POINT('Ctrl Pts',(-32.2273527858719,14.7077913361807,-8.8));
#3582=CARTESIAN_POINT('Ctrl Pts',(-32.1646933764788,11.4506214853897,-8.8));
#3583=CARTESIAN_POINT('Ctrl Pts',(-32.1036585457216,8.19342519503993,-8.8));
#3584=CARTESIAN_POINT('Ctrl Pts',(-32.04403758827,4.9362047762971,-8.8));
#3585=CARTESIAN_POINT('',(-36.1,6.69897386981892,-9.34951521544548));
#3586=CARTESIAN_POINT('Ctrl Pts',(-32.0440375891854,4.93620482630491,-8.8));
#3587=CARTESIAN_POINT('Ctrl Pts',(-32.7798244029498,4.93620482630491,-8.8));
#3588=CARTESIAN_POINT('Ctrl Pts',(-33.4831182312474,5.01207527027794,-8.85644414225157));
#3589=CARTESIAN_POINT('Ctrl Pts',(-34.4387349658997,5.23991245764417,-8.98735907635125));
#3590=CARTESIAN_POINT('Ctrl Pts',(-34.7863403354949,5.3522862766928,-9.04789378482364));
#3591=CARTESIAN_POINT('Ctrl Pts',(-35.2753572411956,5.5931569431909,-9.1483340406348));
#3592=CARTESIAN_POINT('Ctrl Pts',(-35.4472362623212,5.69646362878642,-9.18697646136481));
#3593=CARTESIAN_POINT('Ctrl Pts',(-35.6902155744659,5.89303355802383,-9.24506605053838));
#3594=CARTESIAN_POINT('Ctrl Pts',(-35.7761402488301,5.97551732527998,-9.26646285110909));
#3595=CARTESIAN_POINT('Ctrl Pts',(-35.9151230047331,6.14636486333093,-9.30187966112464));
#3596=CARTESIAN_POINT('Ctrl Pts',(-35.971490784424,6.23318550987204,-9.31660970101372));
#3597=CARTESIAN_POINT('Ctrl Pts',(-36.05940459206,6.42573304878943,-9.33959721625762));
#3598=CARTESIAN_POINT('Ctrl Pts',(-36.0885149274899,6.53015948992175,-9.34718700555916));
#3599=CARTESIAN_POINT('Ctrl Pts',(-36.0982946131739,6.65164517206717,-9.34928382644926));
#3600=CARTESIAN_POINT('Ctrl Pts',(-36.0990365372759,6.66438445464831,-9.34942485573483));
#3601=CARTESIAN_POINT('Ctrl Pts',(-36.0996376856503,6.68113307642458,-9.34950608339741));
#3602=CARTESIAN_POINT('Ctrl Pts',(-36.0997531450487,6.68512732853785,-9.34951768797538));
#3603=CARTESIAN_POINT('Ctrl Pts',(-36.0999126584383,6.69240589158233,-9.34952467014586));
#3604=CARTESIAN_POINT('Ctrl Pts',(-36.0999657628687,6.69568974171426,-9.34952256948296));
#3605=CARTESIAN_POINT('Ctrl Pts',(-36.1,6.69897386981876,-9.34951521544549));
#3606=CARTESIAN_POINT('',(-36.1,13.0772281485296,-9.31672463870125));
#3607=CARTESIAN_POINT('Ctrl Pts',(-36.1,13.0772281485296,-9.31672463870124));
#3608=CARTESIAN_POINT('Ctrl Pts',(-36.098803588208,13.1026351957256,-9.31627165289906));
#3609=CARTESIAN_POINT('Ctrl Pts',(-36.0963995802596,13.1279311437729,-9.31549399092714));
#3610=CARTESIAN_POINT('Ctrl Pts',(-36.0833219206603,13.2196998165516,-9.31150777604996));
#3611=CARTESIAN_POINT('Ctrl Pts',(-36.0656974653937,13.2843499101651,-9.30644630312531));
#3612=CARTESIAN_POINT('Ctrl Pts',(-36.0084447668579,13.4297391590706,-9.29055523639549));
#3613=CARTESIAN_POINT('Ctrl Pts',(-35.9640143557569,13.5073061513995,-9.27853291965989));
#3614=CARTESIAN_POINT('Ctrl Pts',(-35.8333488993262,13.6868980116869,-9.24435279572076));
#3615=CARTESIAN_POINT('Ctrl Pts',(-35.7368481205738,13.7822973566272,-9.22005890014738));
#3616=CARTESIAN_POINT('Ctrl Pts',(-35.4567293127333,14.0076196129695,-9.15343507346218));
#3617=CARTESIAN_POINT('Ctrl Pts',(-35.2502977032514,14.1222511191567,-9.10840720495254));
#3618=CARTESIAN_POINT('Ctrl Pts',(-34.6784833415951,14.3746212255715,-8.99791090225169));
#3619=CARTESIAN_POINT('Ctrl Pts',(-34.2375009269283,14.4977149132304,-8.92731073190964));
#3620=CARTESIAN_POINT('Ctrl Pts',(-33.2462041353635,14.6615205765709,-8.82643820616174));
#3621=CARTESIAN_POINT('Ctrl Pts',(-32.7317174180527,14.6980891838034,-8.8));
#3622=CARTESIAN_POINT('Ctrl Pts',(-32.2271661467126,14.6980891838034,-8.8));
#3623=CARTESIAN_POINT('',(-36.1,13.0772281485296,-9.31672463870125));
#3624=CARTESIAN_POINT('Origin',(-42.1,6.69897386981892,-9.34951521544548));
#3625=CARTESIAN_POINT('',(-42.1,6.69897386981892,-9.34951521544548));
#3626=CARTESIAN_POINT('',(-42.1,13.0772281485296,-9.31672463870125));
#3627=CARTESIAN_POINT('',(-42.1,-16.9844279643013,-9.47127147844028));
#3628=CARTESIAN_POINT('',(-42.1,6.69897386981892,-9.34951521544548));
#3629=CARTESIAN_POINT('',(-42.1,13.0772281485296,-9.31672463870125));
#3630=CARTESIAN_POINT('Origin',(-42.1,-40.73,2.5));
#3631=CARTESIAN_POINT('',(-42.1,-40.73,2.5));
#3632=CARTESIAN_POINT('',(-42.1,-40.73,-14.8));
#3633=CARTESIAN_POINT('',(-42.1,-40.73,2.5));
#3634=CARTESIAN_POINT('',(-42.1,39.07,2.5));
#3635=CARTESIAN_POINT('',(-42.1,-40.73,2.5));
#3636=CARTESIAN_POINT('',(-42.1,39.07,-14.8));
#3637=CARTESIAN_POINT('',(-42.1,39.07,2.5));
#3638=CARTESIAN_POINT('',(-42.1,-40.73,-14.8));
#3639=CARTESIAN_POINT('',(-42.1,3.61209064478145,-6.26033543418519));
#3640=CARTESIAN_POINT('Origin',(-42.1,6.69207694467083,-6.26952197291059));
#3641=CARTESIAN_POINT('',(-42.1,15.990715788993,-6.29498018382426));
#3642=CARTESIAN_POINT('Origin',(-42.1,13.0243394169767,-6.35030385414804));
#3643=CARTESIAN_POINT('',(-42.1,15.9888181178051,-5.69782184813803));
#3644=CARTESIAN_POINT('',(-42.1,15.9764550301211,-1.80741084724936));
#3645=CARTESIAN_POINT('',(-42.1,13.0334811718119,-2.58438128635503));
#3646=CARTESIAN_POINT('Origin',(-42.1,13.0379314223921,-5.53950829954792));
#3647=CARTESIAN_POINT('',(-42.1,9.76909339260805,-2.58702692483193));
#3648=CARTESIAN_POINT('',(-42.1,-13.8461814281404,-2.60616603572626));
#3649=CARTESIAN_POINT('',(-42.1,8.97909343779092,-2.58766719864307));
#3650=CARTESIAN_POINT('',(-42.1,-15.4783752699121,-2.60748932218202));
#3651=CARTESIAN_POINT('',(-42.1,6.67030819065296,-2.5895392209048));
#3652=CARTESIAN_POINT('',(-42.1,-15.8733743366517,-2.60781821658226));
#3653=CARTESIAN_POINT('',(-42.1,3.61811208147292,-5.64991231951333));
#3654=CARTESIAN_POINT('Origin',(-42.1,6.66474719844932,-5.63620012027766));
#3655=CARTESIAN_POINT('',(-42.1,3.65614757503787,-1.79406434839511));
#3656=CARTESIAN_POINT('Origin',(21.35711416019,12.34817561308,-9.075));
#3657=CARTESIAN_POINT('',(21.63211416019,22.1448391661548,-9.35));
#3658=CARTESIAN_POINT('',(21.63211416019,25.82635122616,-9.35));
#3659=CARTESIAN_POINT('',(21.63211416019,12.34817561308,-9.35));
#3660=CARTESIAN_POINT('',(22.3716339156875,25.0868314706625,-10.0895197554975));
#3661=CARTESIAN_POINT('',(21.08211416019,21.5948391661548,-8.8));
#3662=CARTESIAN_POINT('Origin',(10.816057080095,21.8698391661548,-9.075));
#3663=CARTESIAN_POINT('',(22.095272829141,22.1448391661548,-9.35));
#3664=CARTESIAN_POINT('',(10.816057080095,22.1448391661548,-9.35));
#3665=CARTESIAN_POINT('',(21.545272829141,21.5948391661548,-8.8));
#3666=CARTESIAN_POINT('Origin',(21.8202728291409,10.6574195830773,-9.075));
#3667=CARTESIAN_POINT('',(22.095272829141,21.37635122616,-9.35));
#3668=CARTESIAN_POINT('',(18.3341781528654,17.6152565498844,-5.58890532372445));
#3669=CARTESIAN_POINT('',(22.0952728291409,10.6574195830773,-9.35));
#3670=CARTESIAN_POINT('Origin',(21.63211416019,25.52635122616,-8.8));
#3671=CARTESIAN_POINT('',(21.63211416019,22.1448391661548,-11.8));
#3672=CARTESIAN_POINT('',(21.63211416019,22.1448391661548,-8.8));
#3673=CARTESIAN_POINT('',(21.63211416019,25.52635122616,-11.8));
#3674=CARTESIAN_POINT('',(21.63211416019,24.56385122616,-11.8));
#3675=CARTESIAN_POINT('',(21.63211416019,25.52635122616,-9.65));
#3676=CARTESIAN_POINT('',(21.63211416019,25.52635122616,-8.8));
#3677=CARTESIAN_POINT('',(21.63211416019,25.95135122616,-9.225));
#3678=CARTESIAN_POINT('Origin',(21.63211416019,22.1448391661548,-8.8));
#3679=CARTESIAN_POINT('',(22.095272829141,22.1448391661548,-11.8));
#3680=CARTESIAN_POINT('',(22.095272829141,22.1448391661548,-8.8));
#3681=CARTESIAN_POINT('',(22.91961416019,22.1448391661548,-11.8));
#3682=CARTESIAN_POINT('Origin',(22.095272829141,22.1448391661548,-8.8));
#3683=CARTESIAN_POINT('',(22.095272829141,21.67635122616,-9.65));
#3684=CARTESIAN_POINT('',(22.095272829141,21.3684732111587,-9.34212198499868));
#3685=CARTESIAN_POINT('',(22.095272829141,21.67635122616,-11.8));
#3686=CARTESIAN_POINT('',(22.095272829141,21.67635122616,-8.8));
#3687=CARTESIAN_POINT('',(22.095272829141,22.8730951961574,-11.8));
#3688=CARTESIAN_POINT('Origin',(13.391057080095,25.95135122616,-9.225));
#3689=CARTESIAN_POINT('',(26.78211416019,25.52635122616,-9.65));
#3690=CARTESIAN_POINT('',(13.391057080095,25.52635122616,-9.65));
#3691=CARTESIAN_POINT('',(26.78211416019,25.52635122616,-9.65));
#3692=CARTESIAN_POINT('Origin',(11.0476364145705,21.25135122616,-9.225));
#3693=CARTESIAN_POINT('',(26.318955491239,21.67635122616,-9.65));
#3694=CARTESIAN_POINT('',(11.0476364145705,21.67635122616,-9.65));
#3695=CARTESIAN_POINT('',(27.168955491239,20.82635122616,-8.8));
#3696=CARTESIAN_POINT('Origin',(26.743955491239,10.42317561308,-9.225));
#3697=CARTESIAN_POINT('',(26.318955491239,22.1448391661548,-9.65));
#3698=CARTESIAN_POINT('',(26.318955491239,10.42317561308,-9.65));
#3699=CARTESIAN_POINT('',(27.168955491239,21.2948391661548,-8.8));
#3700=CARTESIAN_POINT('Origin',(13.1594777456195,21.7198391661548,-9.225));
#3701=CARTESIAN_POINT('',(26.78211416019,22.1448391661548,-9.65));
#3702=CARTESIAN_POINT('',(13.1594777456195,22.1448391661548,-9.65));
#3703=CARTESIAN_POINT('',(27.63211416019,21.2948391661548,-8.8));
#3704=CARTESIAN_POINT('Origin',(27.20711416019,10.6574195830774,-9.225));
#3705=CARTESIAN_POINT('',(26.78211416019,10.6574195830774,-9.65));
#3706=CARTESIAN_POINT('Origin',(12.4572533083,-29.81880898177,-9.225));
#3707=CARTESIAN_POINT('',(18.7801550607304,-30.24380898177,-9.65));
#3708=CARTESIAN_POINT('',(17.9301550607304,-29.39380898177,-8.8));
#3709=CARTESIAN_POINT('',(24.9145066166,-30.24380898177,-9.65));
#3710=CARTESIAN_POINT('',(12.4572533083,-30.24380898177,-9.65));
#3711=CARTESIAN_POINT('',(25.7645066166,-29.39380898177,-8.8));
#3712=CARTESIAN_POINT('Origin',(18.3551550607304,-15.536904490885,-9.225));
#3713=CARTESIAN_POINT('',(18.7801550607304,-31.1094574259,-9.65));
#3714=CARTESIAN_POINT('',(17.9301550607304,-30.2594574259,-8.8));
#3715=CARTESIAN_POINT('',(18.7801550607304,-15.536904490885,-9.65));
#3716=CARTESIAN_POINT('Origin',(17.4895066166,-15.96972871295,-9.225));
#3717=CARTESIAN_POINT('',(17.9145066166,-38.07816053764,-9.65));
#3718=CARTESIAN_POINT('',(17.9145066166,-31.1094574259,-9.65));
#3719=CARTESIAN_POINT('',(17.9145066166,-15.96972871295,-9.65));
#3720=CARTESIAN_POINT('',(17.9145066166,-31.1094574259,-9.65));
#3721=CARTESIAN_POINT('',(17.0645066166,-38.92816053764,-8.8));
#3722=CARTESIAN_POINT('Origin',(9.3900775303652,-30.6844574259,-9.225));
#3723=CARTESIAN_POINT('',(9.3900775303652,-31.1094574259,-9.65));
#3724=CARTESIAN_POINT('Origin',(8.9572533083,-38.50316053764,-9.225));
#3725=CARTESIAN_POINT('',(18.7801550607304,-38.07816053764,-9.65));
#3726=CARTESIAN_POINT('',(8.9572533083,-38.07816053764,-9.65));
#3727=CARTESIAN_POINT('',(17.9301550607304,-38.92816053764,-8.8));
#3728=CARTESIAN_POINT('Origin',(18.3551550607304,-19.45408026882,-9.225));
#3729=CARTESIAN_POINT('',(18.7801550607304,-38.94380898177,-9.65));
#3730=CARTESIAN_POINT('',(18.7801550607304,-19.45408026882,-9.65));
#3731=CARTESIAN_POINT('',(17.9301550607304,-39.79380898177,-8.8));
#3732=CARTESIAN_POINT('Origin',(9.3900775303652,-39.36880898177,-9.225));
#3733=CARTESIAN_POINT('',(24.9145066166,-38.94380898177,-9.65));
#3734=CARTESIAN_POINT('',(9.3900775303652,-38.94380898177,-9.65));
#3735=CARTESIAN_POINT('',(25.7645066166,-39.79380898177,-8.8));
#3736=CARTESIAN_POINT('Origin',(25.3395066166,-19.886904490885,-9.225));
#3737=CARTESIAN_POINT('',(24.9145066166,-19.886904490885,-9.65));
#3738=CARTESIAN_POINT('Origin',(24.9145066166,-30.24380898177,-8.8));
#3739=CARTESIAN_POINT('',(18.7801550607304,-30.24380898177,-11.8));
#3740=CARTESIAN_POINT('',(18.7801550607304,-30.24380898177,-8.8));
#3741=CARTESIAN_POINT('',(24.9145066166,-30.24380898177,-11.8));
#3742=CARTESIAN_POINT('',(23.1645066166,-30.24380898177,-11.8));
#3743=CARTESIAN_POINT('',(24.9145066166,-30.24380898177,-8.8));
#3744=CARTESIAN_POINT('Origin',(18.7801550607304,-30.24380898177,-8.8));
#3745=CARTESIAN_POINT('',(18.7801550607304,-31.1094574259,-11.8));
#3746=CARTESIAN_POINT('',(18.7801550607304,-31.1094574259,-8.8));
#3747=CARTESIAN_POINT('',(18.7801550607304,-32.41880898177,-11.8));
#3748=CARTESIAN_POINT('Origin',(18.7801550607304,-31.1094574259,-8.8));
#3749=CARTESIAN_POINT('',(17.9145066166,-31.1094574259,-11.8));
#3750=CARTESIAN_POINT('',(17.9145066166,-31.1094574259,-8.8));
#3751=CARTESIAN_POINT('',(20.0973308386652,-31.1094574259,-11.8));
#3752=CARTESIAN_POINT('Origin',(17.9145066166,-31.1094574259,-8.8));
#3753=CARTESIAN_POINT('',(17.9145066166,-38.07816053764,-11.8));
#3754=CARTESIAN_POINT('',(17.9145066166,-38.07816053764,-8.8));
#3755=CARTESIAN_POINT('',(17.9145066166,-32.851633203835,-11.8));
#3756=CARTESIAN_POINT('Origin',(9.52625645,27.05345368,-9.8));
#3757=CARTESIAN_POINT('',(-17.7474871,26.05345368,-10.8));
#3758=CARTESIAN_POINT('',(-19.7474871,28.05345368,-8.8));
#3759=CARTESIAN_POINT('',(19.0525129,26.05345368,-10.8));
#3760=CARTESIAN_POINT('',(9.52625645,26.05345368,-10.8));
#3761=CARTESIAN_POINT('',(19.0525129,26.05345368,-10.8));
#3762=CARTESIAN_POINT('Origin',(-18.7474871,12.61172684,-9.8));
#3763=CARTESIAN_POINT('',(-19.6221659791405,14.1787748008595,-8.92532112085948));
#3764=CARTESIAN_POINT('Ctrl Pts',(-19.7474871,14.7090087864043,-8.8));
#3765=CARTESIAN_POINT('Ctrl Pts',(-19.6778697248687,14.443891793632,-8.86961737513129));
#3766=CARTESIAN_POINT('Ctrl Pts',(-19.6221659791405,14.1787748008595,-8.92532112085948));
#3767=CARTESIAN_POINT('',(-17.7474871,16.05345368,-10.8));
#3768=CARTESIAN_POINT('',(-19.7474871,14.05345368,-8.8));
#3769=CARTESIAN_POINT('',(-17.7474871,12.61172684,-10.8));
#3770=CARTESIAN_POINT('Origin',(-8.87374355,15.05345368,-9.8));
#3771=CARTESIAN_POINT('',(19.0525129,16.05345368,-10.8));
#3772=CARTESIAN_POINT('',(-8.87374355,16.05345368,-10.8));
#3773=CARTESIAN_POINT('Ctrl Pts',(-19.6221659791405,14.1787748008595,-8.92532112085948));
#3774=CARTESIAN_POINT('Ctrl Pts',(-19.5280062409023,14.1173127625341,-8.86385908253411));
#3775=CARTESIAN_POINT('Ctrl Pts',(-19.4338465026641,14.05345368,-8.8));
#3776=CARTESIAN_POINT('',(21.0525129,14.05345368,-8.8));
#3777=CARTESIAN_POINT('Origin',(20.0525129,7.61172684,-9.8));
#3778=CARTESIAN_POINT('',(19.0525129,7.61172684,-10.8));
#3779=CARTESIAN_POINT('Origin',(19.0525129,16.05345368,-8.8));
#3780=CARTESIAN_POINT('',(19.0525129,26.05345368,-12.3));
#3781=CARTESIAN_POINT('',(19.0525129,26.05345368,-8.8));
#3782=CARTESIAN_POINT('',(19.0525129,16.05345368,-12.3));
#3783=CARTESIAN_POINT('',(19.0525129,26.05345368,-12.3));
#3784=CARTESIAN_POINT('',(19.0525129,16.05345368,-8.8));
#3785=CARTESIAN_POINT('Origin',(19.0525129,26.05345368,-8.8));
#3786=CARTESIAN_POINT('',(-17.7474871,26.05345368,-12.3));
#3787=CARTESIAN_POINT('',(-17.7474871,26.05345368,-8.8));
#3788=CARTESIAN_POINT('',(-17.7474871,26.05345368,-12.3));
#3789=CARTESIAN_POINT('Origin',(-24.45082071918,12.05596282625,-9.8));
#3790=CARTESIAN_POINT('',(-27.85082071918,12.05596282625,-10.8));
#3791=CARTESIAN_POINT('Origin',(-24.45082071918,12.05596282625,-10.8));
#3792=CARTESIAN_POINT('',(-28.85082071918,12.05596282625,-9.8));
#3793=CARTESIAN_POINT('Origin',(-24.45082071918,12.05596282625,-8.8));
#3794=CARTESIAN_POINT('',(-27.85082071918,12.05596282625,-11.8));
#3795=CARTESIAN_POINT('Origin',(-24.45082071918,12.05596282625,-11.8));
#3796=CARTESIAN_POINT('',(-27.85082071918,12.05596282625,-8.8));
#3797=CARTESIAN_POINT('Origin',(-31.1427017507531,-28.7850447617248,-10.275));
#3798=CARTESIAN_POINT('',(-30.6676978986902,-33.4845651977023,-9.8));
#3799=CARTESIAN_POINT('',(-30.6676978986902,-26.2845651977023,-9.8));
#3800=CARTESIAN_POINT('',(-30.6677017507533,-28.7850443723809,-9.8));
#3801=CARTESIAN_POINT('',(-31.6177030216365,-27.2345659763923,-10.75));
#3802=CARTESIAN_POINT('',(-30.6677038003247,-26.2845651977047,-9.8));
#3803=CARTESIAN_POINT('',(-31.6176986773778,-32.5345659763905,-10.75));
#3804=CARTESIAN_POINT('',(-31.617701750753,-28.7850451510688,-10.75));
#3805=CARTESIAN_POINT('',(-30.6676978986902,-33.4845651977023,-9.8));
#3806=CARTESIAN_POINT('Origin',(-32.4988463546573,-26.7595666986402,-10.275));
#3807=CARTESIAN_POINT('',(-35.2177030216353,-27.2345689272096,-10.75));
#3808=CARTESIAN_POINT('',(-32.4988459653134,-27.23456669864,-10.75));
#3809=CARTESIAN_POINT('',(-36.1676978986884,-26.2845697058954,-9.8));
#3810=CARTESIAN_POINT('',(-34.2988437931834,-26.284568174049,-9.8));
#3811=CARTESIAN_POINT('',(-36.1677038003229,-26.2845697058978,-9.8));
#3812=CARTESIAN_POINT('Origin',(-35.692703922881,-26.1350484912309,-10.275));
#3813=CARTESIAN_POINT('',(-35.2176986773766,-32.5345689272078,-10.75));
#3814=CARTESIAN_POINT('',(-35.2177039228811,-26.1350481018869,-10.75));
#3815=CARTESIAN_POINT('',(-36.1676978986884,-33.4845697058954,-9.8));
#3816=CARTESIAN_POINT('',(-36.1677039228808,-26.1350488805748,-9.8));
#3817=CARTESIAN_POINT('',(-36.1676978986884,-33.4845697058954,-9.8));
#3818=CARTESIAN_POINT('Origin',(-34.2988412317101,-33.0095681740467,-10.275));
#3819=CARTESIAN_POINT('',(-34.298841621054,-32.5345681740469,-10.75));
#3820=CARTESIAN_POINT('',(-34.2988408423661,-33.4845681740466,-9.8));
#3821=CARTESIAN_POINT('Origin',(-35.2176986773766,-32.5345689272078,-8.8));
#3822=CARTESIAN_POINT('',(-31.6177030216365,-32.5345689272078,-11.8));
#3823=CARTESIAN_POINT('',(-31.6176986773778,-32.5345659763905,-8.8));
#3824=CARTESIAN_POINT('',(-35.2176986773766,-32.5345689272078,-11.8));
#3825=CARTESIAN_POINT('',(-34.3176986773769,-32.5345681895035,-11.8));
#3826=CARTESIAN_POINT('',(-35.2176986773766,-32.5345689272078,-8.8));
#3827=CARTESIAN_POINT('Origin',(-31.6176986773778,-32.5345659763905,-8.8));
#3828=CARTESIAN_POINT('',(-31.6177030216365,-27.2345659763923,-11.8));
#3829=CARTESIAN_POINT('',(-31.6177030216365,-27.2345659763923,-8.8));
#3830=CARTESIAN_POINT('',(-31.6176997634425,-31.209565976391,-11.8));
#3831=CARTESIAN_POINT('Origin',(-31.1426987999359,-25.1850447617224,-10.275));
#3832=CARTESIAN_POINT('',(-30.6676978986902,-19.0845651977023,-9.8));
#3833=CARTESIAN_POINT('',(-30.667698799936,-25.1850443723785,-9.8));
#3834=CARTESIAN_POINT('',(-31.6177030216365,-20.0345659763923,-10.75));
#3835=CARTESIAN_POINT('',(-30.6677038003247,-19.0845651977047,-9.8));
#3836=CARTESIAN_POINT('',(-31.6176986773778,-25.3345659763905,-10.75));
#3837=CARTESIAN_POINT('',(-31.6176987999357,-25.1850451510664,-10.75));
#3838=CARTESIAN_POINT('',(-30.6676978986902,-26.2845651977023,-9.8));
#3839=CARTESIAN_POINT('Origin',(-32.4988493054746,-19.5595666986426,-10.275));
#3840=CARTESIAN_POINT('',(-35.2177030216353,-20.0345689272096,-10.75));
#3841=CARTESIAN_POINT('',(-32.4988489161306,-20.0345666986425,-10.75));
#3842=CARTESIAN_POINT('',(-36.1676978986884,-19.0845697058953,-9.8));
#3843=CARTESIAN_POINT('',(-34.2988467440006,-19.0845681740514,-9.8));
#3844=CARTESIAN_POINT('',(-36.1677038003229,-19.0845697058978,-9.8));
#3845=CARTESIAN_POINT('Origin',(-35.6927009720637,-22.5350484912285,-10.275));
#3846=CARTESIAN_POINT('',(-35.2176986773766,-25.3345689272078,-10.75));
#3847=CARTESIAN_POINT('',(-35.2177009720639,-22.5350481018845,-10.75));
#3848=CARTESIAN_POINT('',(-36.1677009720636,-22.5350488805724,-9.8));
#3849=CARTESIAN_POINT('',(-36.1676978986884,-26.2845697058954,-9.8));
#3850=CARTESIAN_POINT('Origin',(-34.2988441825273,-25.8095681740491,-10.275));
#3851=CARTESIAN_POINT('',(-34.2988445718713,-25.3345681740493,-10.75));
#3852=CARTESIAN_POINT('Origin',(-35.2176986773766,-25.3345689272078,-8.8));
#3853=CARTESIAN_POINT('',(-31.6177030216365,-25.3345689272078,-11.8));
#3854=CARTESIAN_POINT('',(-31.6176986773778,-25.3345659763905,-8.8));
#3855=CARTESIAN_POINT('',(-35.2176986773766,-25.3345689272078,-11.8));
#3856=CARTESIAN_POINT('',(-34.3176986773769,-25.3345681895035,-11.8));
#3857=CARTESIAN_POINT('',(-35.2176986773766,-25.3345689272078,-8.8));
#3858=CARTESIAN_POINT('Origin',(-31.6176986773778,-25.3345659763905,-8.8));
#3859=CARTESIAN_POINT('',(-31.6177030216365,-20.0345659763923,-11.8));
#3860=CARTESIAN_POINT('',(-31.6177030216365,-20.0345659763923,-8.8));
#3861=CARTESIAN_POINT('',(-31.6176997634425,-24.009565976391,-11.8));
#3862=CARTESIAN_POINT('Origin',(-34.2988471333446,-18.6095681740515,-10.275));
#3863=CARTESIAN_POINT('',(-31.6176986773778,-18.1345659763905,-10.75));
#3864=CARTESIAN_POINT('',(-30.6676978986902,-19.0845651977023,-9.8));
#3865=CARTESIAN_POINT('',(-35.2176986773766,-18.1345689272078,-10.75));
#3866=CARTESIAN_POINT('',(-34.2988475226885,-18.1345681740517,-10.75));
#3867=CARTESIAN_POINT('',(-36.1676978986884,-19.0845697058953,-9.8));
#3868=CARTESIAN_POINT('Origin',(-31.1426958491186,-21.58504476172,-10.275));
#3869=CARTESIAN_POINT('',(-31.6177030216365,-12.8345659763923,-10.75));
#3870=CARTESIAN_POINT('',(-31.6176958491185,-21.585045151064,-10.75));
#3871=CARTESIAN_POINT('',(-30.6677038003247,-11.8845651977047,-9.8));
#3872=CARTESIAN_POINT('',(-30.6676958491188,-21.5850443723761,-9.8));
#3873=CARTESIAN_POINT('',(-30.6677038003247,-11.8845651977047,-9.8));
#3874=CARTESIAN_POINT('Origin',(-32.4988522562918,-12.359566698645,-10.275));
#3875=CARTESIAN_POINT('',(-35.2177030216353,-12.8345689272096,-10.75));
#3876=CARTESIAN_POINT('',(-32.4988518669479,-12.8345666986449,-10.75));
#3877=CARTESIAN_POINT('',(-36.1677038003229,-11.8845697058978,-9.8));
#3878=CARTESIAN_POINT('',(-32.4988526456357,-11.8845666986452,-9.8));
#3879=CARTESIAN_POINT('',(-36.1677038003229,-11.8845697058978,-9.8));
#3880=CARTESIAN_POINT('Origin',(-35.6926980212465,-18.935048491226,-10.275));
#3881=CARTESIAN_POINT('',(-35.2176980212466,-18.9350481018821,-10.75));
#3882=CARTESIAN_POINT('',(-36.1676980212463,-18.93504888057,-9.8));
#3883=CARTESIAN_POINT('Origin',(-35.2177030216353,-12.8345689272096,-8.8));
#3884=CARTESIAN_POINT('',(-35.2176986773766,-18.1345689272078,-11.8));
#3885=CARTESIAN_POINT('',(-35.2176986773766,-18.1345689272078,-8.8));
#3886=CARTESIAN_POINT('',(-35.2176986773766,-12.8345659763923,-11.8));
#3887=CARTESIAN_POINT('',(-35.2177019355706,-14.1595689272091,-11.8));
#3888=CARTESIAN_POINT('',(-35.2177030216353,-12.8345689272096,-8.8));
#3889=CARTESIAN_POINT('Origin',(-35.2176986773766,-18.1345689272078,-8.8));
#3890=CARTESIAN_POINT('',(-31.6177030216365,-18.1345689272078,-11.8));
#3891=CARTESIAN_POINT('',(-31.6176986773778,-18.1345659763905,-8.8));
#3892=CARTESIAN_POINT('',(-34.3176986773769,-18.1345681895035,-11.8));
#3893=CARTESIAN_POINT('Origin',(-33.3799907114819,-25.0355257702425,-9.8));
#3894=CARTESIAN_POINT('',(-30.4097921690937,-34.4702153699765,-9.8));
#3895=CARTESIAN_POINT('',(-36.0902078309063,-34.4702153699765,-9.8));
#3896=CARTESIAN_POINT('Origin',(-33.25,-36.05,-9.8));
#3897=CARTESIAN_POINT('',(-30.1047367859148,-34.4702153699765,-9.8));
#3898=CARTESIAN_POINT('',(-30.1047367859148,-34.4702153699765,-9.8));
#3899=CARTESIAN_POINT('',(-30.1047367859148,-10.771051540485,-9.8));
#3900=CARTESIAN_POINT('',(-30.1047367859148,-10.771051540485,-9.8));
#3901=CARTESIAN_POINT('',(-36.7599814229638,-10.771051540485,-9.8));
#3902=CARTESIAN_POINT('',(-36.7599814229638,-10.771051540485,-9.8));
#3903=CARTESIAN_POINT('',(-36.7599814229638,-34.4702153699765,-9.8));
#3904=CARTESIAN_POINT('',(-36.7599814229638,-34.4702153699765,-9.8));
#3905=CARTESIAN_POINT('',(-30.1047367859148,-34.4702153699765,-9.8));
#3906=CARTESIAN_POINT('',(-34.55,-36.05,-9.8));
#3907=CARTESIAN_POINT('Origin',(-33.25,-36.05,-9.8));
#3908=CARTESIAN_POINT('Origin',(-30.1047367859148,-34.4702153699765,-8.8));
#3909=CARTESIAN_POINT('',(-30.1047367859148,-34.4702153699765,-8.8));
#3910=CARTESIAN_POINT('',(-30.4097921690937,-34.4702153699765,-8.8));
#3911=CARTESIAN_POINT('Origin',(-30.1047367859148,-10.771051540485,-8.8));
#3912=CARTESIAN_POINT('',(-30.1047367859148,-10.771051540485,-8.8));
#3913=CARTESIAN_POINT('Origin',(-36.7599814229638,-10.771051540485,-8.8));
#3914=CARTESIAN_POINT('',(-36.7599814229638,-10.771051540485,-8.8));
#3915=CARTESIAN_POINT('Origin',(-36.7599814229638,-34.4702153699765,-8.8));
#3916=CARTESIAN_POINT('',(-36.7599814229638,-34.4702153699765,-8.8));
#3917=CARTESIAN_POINT('Origin',(-36.0902078309063,-34.4702153699765,-8.8));
#3918=CARTESIAN_POINT('',(-36.0902078309063,-34.4702153699765,-8.8));
#3919=CARTESIAN_POINT('Origin',(-33.25,-36.05,-8.8));
#3920=CARTESIAN_POINT('Origin',(33.25004226,-36.05,-8.8));
#3921=CARTESIAN_POINT('',(36.50004226,-36.05,-9.8));
#3922=CARTESIAN_POINT('',(36.50004226,-36.05,-8.8));
#3923=CARTESIAN_POINT('Origin',(33.25004226,-36.05,-9.8));
#3924=CARTESIAN_POINT('Origin',(33.25004226,-36.05,-9.8));
#3925=CARTESIAN_POINT('',(31.95004226,-36.05,-9.8));
#3926=CARTESIAN_POINT('Origin',(33.25004226,-36.05,-9.8));
#3927=CARTESIAN_POINT('Origin',(-33.25,32.45004334,-8.8));
#3928=CARTESIAN_POINT('',(-30.,32.45004334,-9.8));
#3929=CARTESIAN_POINT('',(-30.,32.45004334,-8.8));
#3930=CARTESIAN_POINT('Origin',(-33.25,32.45004334,-9.8));
#3931=CARTESIAN_POINT('Origin',(-33.25,32.45004334,-9.8));
#3932=CARTESIAN_POINT('',(-34.55,32.45004334,-9.8));
#3933=CARTESIAN_POINT('Origin',(-33.25,32.45004334,-9.8));
#3934=CARTESIAN_POINT('Origin',(33.25004226,32.45004334,-8.8));
#3935=CARTESIAN_POINT('',(36.50004226,32.45004334,-9.8));
#3936=CARTESIAN_POINT('',(36.50004226,32.45004334,-8.8));
#3937=CARTESIAN_POINT('Origin',(33.25004226,32.45004334,-9.8));
#3938=CARTESIAN_POINT('Origin',(33.25004226,32.45004334,-9.8));
#3939=CARTESIAN_POINT('',(31.95004226,32.45004334,-9.8));
#3940=CARTESIAN_POINT('Origin',(33.25004226,32.45004334,-9.8));
#3941=CARTESIAN_POINT('Origin',(-31.6177030216365,-12.8345659763923,-8.8));
#3942=CARTESIAN_POINT('',(-31.6177030216365,-12.8345659763923,-11.8));
#3943=CARTESIAN_POINT('',(-32.5177030216362,-12.8345667140966,-11.8));
#3944=CARTESIAN_POINT('',(-31.6177030216365,-12.8345659763923,-8.8));
#3945=CARTESIAN_POINT('Origin',(-31.6177030216365,-20.0345659763923,-8.8));
#3946=CARTESIAN_POINT('',(-35.2176986773766,-20.0345659763923,-11.8));
#3947=CARTESIAN_POINT('',(-35.2177030216353,-20.0345689272096,-8.8));
#3948=CARTESIAN_POINT('',(-32.5177030216362,-20.0345667140966,-11.8));
#3949=CARTESIAN_POINT('Origin',(-35.2177030216353,-20.0345689272096,-8.8));
#3950=CARTESIAN_POINT('',(-35.2177019355706,-21.3595689272091,-11.8));
#3951=CARTESIAN_POINT('Origin',(-31.6177030216365,-27.2345659763923,-8.8));
#3952=CARTESIAN_POINT('',(-35.2176986773766,-27.2345659763923,-11.8));
#3953=CARTESIAN_POINT('',(-35.2177030216353,-27.2345689272096,-8.8));
#3954=CARTESIAN_POINT('',(-32.5177030216362,-27.2345667140966,-11.8));
#3955=CARTESIAN_POINT('Origin',(-35.2177030216353,-27.2345689272096,-8.8));
#3956=CARTESIAN_POINT('',(-35.2177019355706,-28.5595689272091,-11.8));
#3957=CARTESIAN_POINT('Origin',(33.25004226,-36.05,-12.8));
#3958=CARTESIAN_POINT('',(31.25004226,-36.05,-12.8));
#3959=CARTESIAN_POINT('Origin',(33.25004226,-36.05,-12.8));
#3960=CARTESIAN_POINT('',(31.95004226,-36.05,-12.8));
#3961=CARTESIAN_POINT('Origin',(33.25004226,-36.05,-12.8));
#3962=CARTESIAN_POINT('Origin',(-33.25,-36.05,-12.8));
#3963=CARTESIAN_POINT('',(-35.25,-36.05,-12.8));
#3964=CARTESIAN_POINT('Origin',(-33.25,-36.05,-12.8));
#3965=CARTESIAN_POINT('',(-34.55,-36.05,-12.8));
#3966=CARTESIAN_POINT('Origin',(-33.25,-36.05,-12.8));
#3967=CARTESIAN_POINT('Origin',(-33.25,32.45004334,-12.8));
#3968=CARTESIAN_POINT('',(-35.25,32.45004334,-12.8));
#3969=CARTESIAN_POINT('Origin',(-33.25,32.45004334,-12.8));
#3970=CARTESIAN_POINT('',(-34.55,32.45004334,-12.8));
#3971=CARTESIAN_POINT('Origin',(-33.25,32.45004334,-12.8));
#3972=CARTESIAN_POINT('Origin',(33.25004226,32.45004334,-12.8));
#3973=CARTESIAN_POINT('',(31.25004226,32.45004334,-12.8));
#3974=CARTESIAN_POINT('Origin',(33.25004226,32.45004334,-12.8));
#3975=CARTESIAN_POINT('',(31.95004226,32.45004334,-12.8));
#3976=CARTESIAN_POINT('Origin',(33.25004226,32.45004334,-12.8));
#3977=CARTESIAN_POINT('Origin',(-8.88178419700125E-15,-0.830000000000002,
-12.3));
#3978=CARTESIAN_POINT('',(-17.7474871,16.05345368,-12.3));
#3979=CARTESIAN_POINT('',(-17.7474871,16.05345368,-12.3));
#3980=CARTESIAN_POINT('',(19.0525129,16.05345368,-12.3));
#3981=CARTESIAN_POINT('Origin',(-8.88178419700125E-15,-0.830000000000002,
-14.8));
#3982=CARTESIAN_POINT('',(42.1,39.07,-14.8));
#3983=CARTESIAN_POINT('',(42.1,-40.73,-14.8));
#3984=CARTESIAN_POINT('',(42.1,39.07,-14.8));
#3985=CARTESIAN_POINT('',(39.9,-42.93,-14.8));
#3986=CARTESIAN_POINT('Origin',(39.9,-40.73,-14.8));
#3987=CARTESIAN_POINT('',(-39.9,-42.93,-14.8));
#3988=CARTESIAN_POINT('',(39.9,-42.93,-14.8));
#3989=CARTESIAN_POINT('Origin',(-39.9,-40.73,-14.8));
#3990=CARTESIAN_POINT('',(-39.9,41.27,-14.8));
#3991=CARTESIAN_POINT('Origin',(-39.9,39.07,-14.8));
#3992=CARTESIAN_POINT('',(39.9,41.27,-14.8));
#3993=CARTESIAN_POINT('',(-39.9,41.27,-14.8));
#3994=CARTESIAN_POINT('Origin',(39.9,39.07,-14.8));
#3995=CARTESIAN_POINT('',(-35.25,-36.05,-14.8));
#3996=CARTESIAN_POINT('Origin',(-33.25,-36.05,-14.8));
#3997=CARTESIAN_POINT('',(7.8,9.17000000000001,-14.8));
#3998=CARTESIAN_POINT('Origin',(10.,9.17000000000001,-14.8));
#3999=CARTESIAN_POINT('',(7.8,-10.83,-14.8));
#4000=CARTESIAN_POINT('Origin',(10.,-10.83,-14.8));
#4001=CARTESIAN_POINT('',(-35.25,32.45004334,-14.8));
#4002=CARTESIAN_POINT('Origin',(-33.25,32.45004334,-14.8));
#4003=CARTESIAN_POINT('',(-12.2,-10.83,-14.8));
#4004=CARTESIAN_POINT('Origin',(-10.,-10.83,-14.8));
#4005=CARTESIAN_POINT('',(31.25004226,32.45004334,-14.8));
#4006=CARTESIAN_POINT('Origin',(33.25004226,32.45004334,-14.8));
#4007=CARTESIAN_POINT('',(31.25004226,-36.05,-14.8));
#4008=CARTESIAN_POINT('Origin',(33.25004226,-36.05,-14.8));
#4009=CARTESIAN_POINT('',(-12.2,9.17000000000001,-14.8));
#4010=CARTESIAN_POINT('Origin',(-10.,9.17000000000001,-14.8));
#4011=CARTESIAN_POINT('Origin',(-33.25,-36.05,-12.3));
#4012=CARTESIAN_POINT('',(-35.25,-36.05,-12.3));
#4013=CARTESIAN_POINT('Origin',(-33.25,32.45004334,-12.3));
#4014=CARTESIAN_POINT('',(-35.25,32.45004334,-12.3));
#4015=CARTESIAN_POINT('Origin',(33.25004226,-36.05,-12.3));
#4016=CARTESIAN_POINT('',(31.25004226,-36.05,-12.3));
#4017=CARTESIAN_POINT('Origin',(33.25004226,32.45004334,-12.3));
#4018=CARTESIAN_POINT('',(31.25004226,32.45004334,-12.3));
#4019=CARTESIAN_POINT('Origin',(24.20711416019,23.60135122616,-11.8));
#4020=CARTESIAN_POINT('',(26.78211416019,22.1448391661548,-11.8));
#4021=CARTESIAN_POINT('',(26.318955491239,22.1448391661548,-11.8));
#4022=CARTESIAN_POINT('',(25.2630348257145,22.1448391661548,-11.8));
#4023=CARTESIAN_POINT('',(26.78211416019,25.52635122616,-11.8));
#4024=CARTESIAN_POINT('',(26.78211416019,22.8730951961574,-11.8));
#4025=CARTESIAN_POINT('',(25.49461416019,25.52635122616,-11.8));
#4026=CARTESIAN_POINT('',(26.318955491239,21.67635122616,-11.8));
#4027=CARTESIAN_POINT('',(23.1511934946655,21.67635122616,-11.8));
#4028=CARTESIAN_POINT('',(26.318955491239,22.63885122616,-11.8));
#4029=CARTESIAN_POINT('Origin',(26.78211416019,25.52635122616,-8.8));
#4030=CARTESIAN_POINT('',(26.78211416019,25.52635122616,-8.8));
#4031=CARTESIAN_POINT('Origin',(26.78211416019,22.1448391661548,-8.8));
#4032=CARTESIAN_POINT('',(26.78211416019,22.1448391661548,-8.8));
#4033=CARTESIAN_POINT('Origin',(-33.4177008495065,-15.4845674518,-11.8));
#4034=CARTESIAN_POINT('',(-31.6176997634425,-16.809565976391,-11.8));
#4035=CARTESIAN_POINT('Origin',(-33.4177008495065,-22.6845674518001,-11.8));
#4036=CARTESIAN_POINT('Origin',(21.4145066166,-34.59380898177,-11.8));
#4037=CARTESIAN_POINT('',(18.7801550607304,-38.07816053764,-11.8));
#4038=CARTESIAN_POINT('',(19.6645066166,-38.07816053764,-11.8));
#4039=CARTESIAN_POINT('',(18.7801550607304,-38.94380898177,-11.8));
#4040=CARTESIAN_POINT('',(18.7801550607304,-36.335984759705,-11.8));
#4041=CARTESIAN_POINT('',(24.9145066166,-38.94380898177,-11.8));
#4042=CARTESIAN_POINT('',(20.0973308386652,-38.94380898177,-11.8));
#4043=CARTESIAN_POINT('',(24.9145066166,-36.76880898177,-11.8));
#4044=CARTESIAN_POINT('Origin',(18.7801550607304,-38.07816053764,-8.8));
#4045=CARTESIAN_POINT('',(18.7801550607304,-38.94380898177,-8.8));
#4046=CARTESIAN_POINT('',(18.7801550607304,-38.07816053764,-8.8));
#4047=CARTESIAN_POINT('Origin',(17.9145066166,-38.07816053764,-8.8));
#4048=CARTESIAN_POINT('Origin',(-24.45082071918,12.05596282625,-11.8));
#4049=CARTESIAN_POINT('Origin',(-33.4177008495065,-29.8845674518,-11.8));
#4050=CARTESIAN_POINT('Origin',(-17.7474871,16.05345368,-8.8));
#4051=CARTESIAN_POINT('',(-17.7474871,16.05345368,-8.8));
#4052=CARTESIAN_POINT('Origin',(-17.7474871,26.05345368,-8.8));
#4053=CARTESIAN_POINT('Origin',(-10.,-10.83,-8.8));
#4054=CARTESIAN_POINT('',(-12.2,-10.83,-8.8));
#4055=CARTESIAN_POINT('Origin',(-10.,9.17000000000001,-8.8));
#4056=CARTESIAN_POINT('',(-12.2,9.17000000000001,-8.8));
#4057=CARTESIAN_POINT('Origin',(-31.6176986773778,-18.1345659763905,-8.8));
#4058=CARTESIAN_POINT('Origin',(10.,-10.83,-8.8));
#4059=CARTESIAN_POINT('',(7.8,-10.83,-8.8));
#4060=CARTESIAN_POINT('Origin',(-33.25,32.45004334,-8.8));
#4061=CARTESIAN_POINT('',(-34.55,32.45004334,-8.8));
#4062=CARTESIAN_POINT('Origin',(10.,9.17000000000001,-8.8));
#4063=CARTESIAN_POINT('',(7.8,9.17000000000001,-8.8));
#4064=CARTESIAN_POINT('Origin',(33.25004226,32.45004334,-8.8));
#4065=CARTESIAN_POINT('',(31.95004226,32.45004334,-8.8));
#4066=CARTESIAN_POINT('Origin',(33.25004226,-36.05,-8.8));
#4067=CARTESIAN_POINT('',(31.95004226,-36.05,-8.8));
#4068=CARTESIAN_POINT('Origin',(-33.25,-36.05,-8.8));
#4069=CARTESIAN_POINT('',(-34.55,-36.05,-8.8));
#4070=CARTESIAN_POINT('Origin',(24.9145066166,-38.94380898177,-8.8));
#4071=CARTESIAN_POINT('',(24.9145066166,-38.94380898177,-8.8));
#4072=CARTESIAN_POINT('Origin',(18.7801550607304,-38.94380898177,-8.8));
#4073=CARTESIAN_POINT('Origin',(26.318955491239,22.1448391661548,-8.8));
#4074=CARTESIAN_POINT('',(26.318955491239,22.1448391661548,-8.8));
#4075=CARTESIAN_POINT('Origin',(26.318955491239,21.67635122616,-8.8));
#4076=CARTESIAN_POINT('',(26.318955491239,21.67635122616,-8.8));
#4077=CARTESIAN_POINT('Origin',(22.095272829141,21.67635122616,-8.8));
#4078=CARTESIAN_POINT('Origin',(-38.4328571428571,-12.0773660814058,-3.8));
#4079=CARTESIAN_POINT('',(-38.4328571428571,-12.0773660814058,-3.8));
#4080=CARTESIAN_POINT('',(-38.4328571428571,-12.0773660814058,-0.650000000000001));
#4081=CARTESIAN_POINT('',(-39.4328571428572,-12.0773660814058,-3.8));
#4082=CARTESIAN_POINT('',(-38.4328571428571,-12.0773660814058,-3.8));
#4083=CARTESIAN_POINT('',(-39.4328571428572,-12.0773660814058,-8.8));
#4084=CARTESIAN_POINT('Origin',(-38.4328571428571,-32.0773660814058,-3.8));
#4085=CARTESIAN_POINT('',(-38.4328571428571,-32.0773660814058,-3.8));
#4086=CARTESIAN_POINT('',(-38.4328571428571,2.75631695929712,-3.8));
#4087=CARTESIAN_POINT('',(-39.4328571428572,-32.0773660814058,-3.8));
#4088=CARTESIAN_POINT('',(-38.4328571428571,-32.0773660814058,-3.8));
#4089=CARTESIAN_POINT('',(-39.4328571428572,-12.0773660814058,-3.8));
#4090=CARTESIAN_POINT('Origin',(-38.4328571428571,-32.0773660814058,-8.8));
#4091=CARTESIAN_POINT('',(-38.4328571428571,-32.0773660814058,-3.15));
#4092=CARTESIAN_POINT('',(-39.4328571428572,-32.0773660814058,-3.8));
#4093=CARTESIAN_POINT('Origin',(-39.4328571428572,-22.0773660814058,-6.3));
#4094=CARTESIAN_POINT('Origin',(-38.4328571428571,37.59,2.5));
#4095=CARTESIAN_POINT('',(-38.4328571428571,3.61209064478145,-6.26033543418519));
#4096=CARTESIAN_POINT('Origin',(-38.4328571428571,6.69207694467083,-6.26952197291059));
#4097=CARTESIAN_POINT('',(-38.4328571428571,3.61811208147292,-5.64991231951333));
#4098=CARTESIAN_POINT('',(-38.4328571428571,3.65995769573947,-1.40781338120514));
#4099=CARTESIAN_POINT('',(-38.4328571428571,6.67030819065296,-2.5895392209048));
#4100=CARTESIAN_POINT('Origin',(-38.4328571428571,6.66474719844932,-5.63620012027766));
#4101=CARTESIAN_POINT('',(-38.4328571428571,8.97909343779092,-2.58766719864307));
#4102=CARTESIAN_POINT('',(-38.4328571428571,23.2865999180849,-2.5760663056305));
#4103=CARTESIAN_POINT('',(-38.4328571428571,9.76909339260805,-2.58702692483193));
#4104=CARTESIAN_POINT('',(-38.4328571428571,23.681599007199,-2.5757512115386));
#4105=CARTESIAN_POINT('',(-38.4328571428571,13.0334811718119,-2.58438128635504));
#4106=CARTESIAN_POINT('',(-38.4328571428571,25.3137928501454,-2.57442864981734));
#4107=CARTESIAN_POINT('',(-38.4328571428571,15.9888181178051,-5.69782184813803));
#4108=CARTESIAN_POINT('Origin',(-38.4328571428571,13.0379314223921,-5.53950829954792));
#4109=CARTESIAN_POINT('',(-38.4328571428571,15.990715788993,-6.29498018382426));
#4110=CARTESIAN_POINT('',(-38.4328571428571,15.9768504889055,-1.93185364378279));
#4111=CARTESIAN_POINT('Origin',(-38.4328571428571,13.0243394169767,-6.35030385414804));
#4112=CARTESIAN_POINT('',(-38.4328571428571,37.59,2.5));
#4113=CARTESIAN_POINT('',(-38.4328571428571,37.59,2.5));
#4114=CARTESIAN_POINT('',(-38.4328571428571,-40.73,2.5));
#4115=CARTESIAN_POINT('',(-38.4328571428571,37.59,2.5));
#4116=CARTESIAN_POINT('',(-38.4328571428571,-40.73,2.5));
#4117=CARTESIAN_POINT('Origin',(-42.1,13.0379314223921,-5.53950829954792));
#4118=CARTESIAN_POINT('',(-42.1,13.0334811718119,-2.58438128635503));
#4119=CARTESIAN_POINT('',(-42.1,15.9888181178051,-5.69782184813803));
#4120=CARTESIAN_POINT('Origin',(-42.1,15.990715788993,-6.29498018382426));
#4121=CARTESIAN_POINT('',(-42.1,15.990715788993,-6.29498018382426));
#4122=CARTESIAN_POINT('Origin',(-42.1,13.0243394169767,-6.35030385414804));
#4123=CARTESIAN_POINT('Origin',(-42.1,6.69207694467083,-6.26952197291059));
#4124=CARTESIAN_POINT('',(-42.1,3.61209064478145,-6.26033543418519));
#4125=CARTESIAN_POINT('Origin',(-42.1,3.61811208147292,-5.64991231951333));
#4126=CARTESIAN_POINT('',(-42.1,3.61811208147292,-5.64991231951333));
#4127=CARTESIAN_POINT('Origin',(-42.1,6.66474719844932,-5.63620012027766));
#4128=CARTESIAN_POINT('',(-42.1,6.67030819065296,-2.5895392209048));
#4129=CARTESIAN_POINT('Origin',(-42.1,8.97909343779092,-2.58766719864307));
#4130=CARTESIAN_POINT('',(-42.1,8.97909343779092,-2.58766719864307));
#4131=CARTESIAN_POINT('Origin',(-42.1,9.76909339260805,-2.58702692483193));
#4132=CARTESIAN_POINT('',(-42.1,9.76909339260805,-2.58702692483193));
#4133=CARTESIAN_POINT('Origin',(-42.1,13.0334811718119,-2.58438128635503));
#4134=CARTESIAN_POINT('Origin',(-15.1718221134008,-40.73,2.8));
#4135=CARTESIAN_POINT('',(-15.1718221134008,-42.93,-2.7));
#4136=CARTESIAN_POINT('',(-20.6636342004992,-42.93,2.5));
#4137=CARTESIAN_POINT('Origin',(-15.1718221134008,-42.93,2.8));
#4138=CARTESIAN_POINT('',(-15.1718221134008,-40.73,-2.7));
#4139=CARTESIAN_POINT('',(-15.1718221134008,-40.73,-2.7));
#4140=CARTESIAN_POINT('',(-20.6636342004992,-40.73,2.5));
#4141=CARTESIAN_POINT('Origin',(-15.1718221134008,-40.73,2.8));
#4142=CARTESIAN_POINT('',(-20.6636342004992,-40.73,2.5));
#4143=CARTESIAN_POINT('Origin',(28.4787082654905,-40.73,2.8));
#4144=CARTESIAN_POINT('',(28.4787082654905,-40.73,-2.7));
#4145=CARTESIAN_POINT('',(33.9705203525889,-40.73,2.5));
#4146=CARTESIAN_POINT('Origin',(28.4787082654905,-40.73,2.8));
#4147=CARTESIAN_POINT('',(28.4787082654905,-42.93,-2.7));
#4148=CARTESIAN_POINT('',(28.4787082654905,-40.73,-2.7));
#4149=CARTESIAN_POINT('',(33.9705203525889,-42.93,2.5));
#4150=CARTESIAN_POINT('Origin',(28.4787082654905,-42.93,2.8));
#4151=CARTESIAN_POINT('',(33.9705203525889,-40.73,2.5));
#4152=CARTESIAN_POINT('Origin',(-20.6636342004992,-40.73,-2.7));
#4153=CARTESIAN_POINT('',(-20.6636342004992,-42.93,-2.7));
#4154=CARTESIAN_POINT('',(-20.6636342004992,-40.73,-2.7));
#4155=CARTESIAN_POINT('Origin',(39.9,-42.93,2.5));
#4156=CARTESIAN_POINT('',(39.9,-42.93,2.5));
#4157=CARTESIAN_POINT('',(39.9,-42.93,2.5));
#4158=CARTESIAN_POINT('',(39.9,-42.93,2.5));
#4159=CARTESIAN_POINT('',(-39.9,-42.93,2.5));
#4160=CARTESIAN_POINT('',(39.9,-42.93,2.5));
#4161=CARTESIAN_POINT('',(-39.9,-42.93,2.5));
#4162=CARTESIAN_POINT('Origin',(39.9,-40.73,2.5));
#4163=CARTESIAN_POINT('',(42.1,-40.73,2.5));
#4164=CARTESIAN_POINT('Origin',(39.9,-40.73,2.5));
#4165=CARTESIAN_POINT('',(42.1,-40.73,2.5));
#4166=CARTESIAN_POINT('Origin',(42.1,39.07,2.5));
#4167=CARTESIAN_POINT('',(42.1,39.07,2.5));
#4168=CARTESIAN_POINT('',(42.1,39.07,2.5));
#4169=CARTESIAN_POINT('',(42.1,39.07,2.5));
#4170=CARTESIAN_POINT('Origin',(39.9,39.07,2.5));
#4171=CARTESIAN_POINT('',(39.9,41.27,2.5));
#4172=CARTESIAN_POINT('Origin',(39.9,39.07,2.5));
#4173=CARTESIAN_POINT('',(39.9,41.27,2.5));
#4174=CARTESIAN_POINT('Origin',(-39.9,41.27,2.5));
#4175=CARTESIAN_POINT('',(-39.9,41.27,2.5));
#4176=CARTESIAN_POINT('',(-39.9,41.27,2.5));
#4177=CARTESIAN_POINT('',(-39.9,41.27,2.5));
#4178=CARTESIAN_POINT('Origin',(-39.9,39.07,2.5));
#4179=CARTESIAN_POINT('Origin',(-39.9,39.07,2.5));
#4180=CARTESIAN_POINT('Origin',(-39.9,-40.73,2.5));
#4181=CARTESIAN_POINT('Origin',(-39.9,-40.73,2.5));
#4182=CARTESIAN_POINT('Origin',(38.4228571428571,37.59,2.5));
#4183=CARTESIAN_POINT('',(38.4228571428571,37.59,2.5));
#4184=CARTESIAN_POINT('',(38.4228571428571,37.59,2.5));
#4185=CARTESIAN_POINT('',(38.4228571428571,37.59,2.5));
#4186=CARTESIAN_POINT('Origin',(38.4228571428571,-40.73,2.5));
#4187=CARTESIAN_POINT('',(38.4228571428571,-40.73,2.5));
#4188=CARTESIAN_POINT('',(38.4228571428571,-40.73,2.5));
#4189=CARTESIAN_POINT('',(38.4228571428571,-40.73,2.5));
#4190=CARTESIAN_POINT('Origin',(33.9705203525889,-40.73,2.5));
#4191=CARTESIAN_POINT('',(-38.4328571428571,-40.73,2.5));
#4192=CARTESIAN_POINT('',(-38.4328571428571,-40.73,2.5));
#4193=CARTESIAN_POINT('Origin',(-8.88178419700125E-15,-0.830000000000002,
2.5));
#4194=UNCERTAINTY_MEASURE_WITH_UNIT(LENGTH_MEASURE(0.01),#4198,
'DISTANCE_ACCURACY_VALUE',
'Maximum model space distance between geometric entities at asserted c
onnectivities');
#4195=UNCERTAINTY_MEASURE_WITH_UNIT(LENGTH_MEASURE(0.01),#4198,
'DISTANCE_ACCURACY_VALUE',
'Maximum model space distance between geometric entities at asserted c
onnectivities');
#4196=(
GEOMETRIC_REPRESENTATION_CONTEXT(3)
GLOBAL_UNCERTAINTY_ASSIGNED_CONTEXT((#4194))
GLOBAL_UNIT_ASSIGNED_CONTEXT((#4198,#4199,#4200))
REPRESENTATION_CONTEXT('','3D')
);
#4197=(
GEOMETRIC_REPRESENTATION_CONTEXT(3)
GLOBAL_UNCERTAINTY_ASSIGNED_CONTEXT((#4195))
GLOBAL_UNIT_ASSIGNED_CONTEXT((#4198,#4199,#4200))
REPRESENTATION_CONTEXT('','3D')
);
#4198=(
LENGTH_UNIT()
NAMED_UNIT(*)
SI_UNIT(.MILLI.,.METRE.)
);
#4199=(
NAMED_UNIT(*)
PLANE_ANGLE_UNIT()
SI_UNIT($,.RADIAN.)
);
#4200=(
NAMED_UNIT(*)
SI_UNIT($,.STERADIAN.)
SOLID_ANGLE_UNIT()
);
#4201=SHAPE_DEFINITION_REPRESENTATION(#4202,#4203);
#4202=PRODUCT_DEFINITION_SHAPE('',$,#4205);
#4203=SHAPE_REPRESENTATION('',(#2543),#4196);
#4204=PRODUCT_DEFINITION_CONTEXT('part definition',#4209,'design');
#4205=PRODUCT_DEFINITION('2026-08-14-21-48-07-781',
'esp32-s3-touch-lcd-4_case',#4206,#4204);
#4206=PRODUCT_DEFINITION_FORMATION('',$,#4211);
#4207=PRODUCT_RELATED_PRODUCT_CATEGORY('esp32-s3-touch-lcd-4_case',
'esp32-s3-touch-lcd-4_case',(#4211));
#4208=APPLICATION_PROTOCOL_DEFINITION('international standard',
'automotive_design',2009,#4209);
#4209=APPLICATION_CONTEXT(
'Core Data for Automotive Mechanical Design Process');
#4210=PRODUCT_CONTEXT('part definition',#4209,'mechanical');
#4211=PRODUCT('2026-08-14-21-48-07-781','esp32-s3-touch-lcd-4_case',$,(#4210));
#4212=PRESENTATION_STYLE_ASSIGNMENT((#4213));
#4213=SURFACE_STYLE_USAGE(.BOTH.,#4214);
#4214=SURFACE_SIDE_STYLE('',(#4215));
#4215=SURFACE_STYLE_FILL_AREA(#4216);
#4216=FILL_AREA_STYLE('Steel - Satin',(#4217));
#4217=FILL_AREA_STYLE_COLOUR('Steel - Satin',#4218);
#4218=COLOUR_RGB('Steel - Satin',0.627450980392157,0.627450980392157,0.627450980392157);
ENDSEC;
END-ISO-10303-21;
